ARM GAS  C:\Users\MINIGU~1\AppData\Local\Temp\cc3PAC1x.s 			page 1


   1              		.cpu cortex-m0
   2              		.eabi_attribute 20, 1
   3              		.eabi_attribute 21, 1
   4              		.eabi_attribute 23, 3
   5              		.eabi_attribute 24, 1
   6              		.eabi_attribute 25, 1
   7              		.eabi_attribute 26, 1
   8              		.eabi_attribute 30, 1
   9              		.eabi_attribute 34, 0
  10              		.eabi_attribute 18, 4
  11              		.file	"stm32f0xx_hal_uart.c"
  12              		.text
  13              	.Ltext0:
  14              		.cfi_sections	.debug_frame
  15              		.section	.text.UART_EndTxTransfer,"ax",%progbits
  16              		.align	1
  17              		.arch armv6s-m
  18              		.syntax unified
  19              		.code	16
  20              		.thumb_func
  21              		.fpu softvfp
  23              	UART_EndTxTransfer:
  24              	.LVL0:
  25              	.LFB87:
  26              		.file 1 "Drivers/STM32F0xx_HAL_Driver/Src/stm32f0xx_hal_uart.c"
   1:Drivers/STM32F0xx_HAL_Driver/Src/stm32f0xx_hal_uart.c **** /**
   2:Drivers/STM32F0xx_HAL_Driver/Src/stm32f0xx_hal_uart.c ****   ******************************************************************************
   3:Drivers/STM32F0xx_HAL_Driver/Src/stm32f0xx_hal_uart.c ****   * @file    stm32f0xx_hal_uart.c
   4:Drivers/STM32F0xx_HAL_Driver/Src/stm32f0xx_hal_uart.c ****   * @author  MCD Application Team
   5:Drivers/STM32F0xx_HAL_Driver/Src/stm32f0xx_hal_uart.c ****   * @brief   UART HAL module driver.
   6:Drivers/STM32F0xx_HAL_Driver/Src/stm32f0xx_hal_uart.c ****   *          This file provides firmware functions to manage the following
   7:Drivers/STM32F0xx_HAL_Driver/Src/stm32f0xx_hal_uart.c ****   *          functionalities of the Universal Asynchronous Receiver Transmitter Peripheral (UART).
   8:Drivers/STM32F0xx_HAL_Driver/Src/stm32f0xx_hal_uart.c ****   *           + Initialization and de-initialization functions
   9:Drivers/STM32F0xx_HAL_Driver/Src/stm32f0xx_hal_uart.c ****   *           + IO operation functions
  10:Drivers/STM32F0xx_HAL_Driver/Src/stm32f0xx_hal_uart.c ****   *           + Peripheral Control functions
  11:Drivers/STM32F0xx_HAL_Driver/Src/stm32f0xx_hal_uart.c ****   *
  12:Drivers/STM32F0xx_HAL_Driver/Src/stm32f0xx_hal_uart.c ****   *
  13:Drivers/STM32F0xx_HAL_Driver/Src/stm32f0xx_hal_uart.c ****   @verbatim
  14:Drivers/STM32F0xx_HAL_Driver/Src/stm32f0xx_hal_uart.c ****  ===============================================================================
  15:Drivers/STM32F0xx_HAL_Driver/Src/stm32f0xx_hal_uart.c ****                         ##### How to use this driver #####
  16:Drivers/STM32F0xx_HAL_Driver/Src/stm32f0xx_hal_uart.c ****  ===============================================================================
  17:Drivers/STM32F0xx_HAL_Driver/Src/stm32f0xx_hal_uart.c ****   [..]
  18:Drivers/STM32F0xx_HAL_Driver/Src/stm32f0xx_hal_uart.c ****     The UART HAL driver can be used as follows:
  19:Drivers/STM32F0xx_HAL_Driver/Src/stm32f0xx_hal_uart.c **** 
  20:Drivers/STM32F0xx_HAL_Driver/Src/stm32f0xx_hal_uart.c ****     (#) Declare a UART_HandleTypeDef handle structure (eg. UART_HandleTypeDef huart).
  21:Drivers/STM32F0xx_HAL_Driver/Src/stm32f0xx_hal_uart.c ****     (#) Initialize the UART low level resources by implementing the HAL_UART_MspInit() API:
  22:Drivers/STM32F0xx_HAL_Driver/Src/stm32f0xx_hal_uart.c ****         (++) Enable the USARTx interface clock.
  23:Drivers/STM32F0xx_HAL_Driver/Src/stm32f0xx_hal_uart.c ****         (++) UART pins configuration:
  24:Drivers/STM32F0xx_HAL_Driver/Src/stm32f0xx_hal_uart.c ****             (+++) Enable the clock for the UART GPIOs.
  25:Drivers/STM32F0xx_HAL_Driver/Src/stm32f0xx_hal_uart.c ****             (+++) Configure these UART pins as alternate function pull-up.
  26:Drivers/STM32F0xx_HAL_Driver/Src/stm32f0xx_hal_uart.c ****         (++) NVIC configuration if you need to use interrupt process (HAL_UART_Transmit_IT()
  27:Drivers/STM32F0xx_HAL_Driver/Src/stm32f0xx_hal_uart.c ****              and HAL_UART_Receive_IT() APIs):
  28:Drivers/STM32F0xx_HAL_Driver/Src/stm32f0xx_hal_uart.c ****             (+++) Configure the USARTx interrupt priority.
  29:Drivers/STM32F0xx_HAL_Driver/Src/stm32f0xx_hal_uart.c ****             (+++) Enable the NVIC USART IRQ handle.
  30:Drivers/STM32F0xx_HAL_Driver/Src/stm32f0xx_hal_uart.c ****         (++) UART interrupts handling:
  31:Drivers/STM32F0xx_HAL_Driver/Src/stm32f0xx_hal_uart.c ****               -@@-  The specific UART interrupts (Transmission complete interrupt,
  32:Drivers/STM32F0xx_HAL_Driver/Src/stm32f0xx_hal_uart.c ****                 RXNE interrupt, RX/TX FIFOs related interrupts and Error Interrupts)
ARM GAS  C:\Users\MINIGU~1\AppData\Local\Temp\cc3PAC1x.s 			page 2


  33:Drivers/STM32F0xx_HAL_Driver/Src/stm32f0xx_hal_uart.c ****                 are managed using the macros __HAL_UART_ENABLE_IT() and __HAL_UART_DISABLE_IT()
  34:Drivers/STM32F0xx_HAL_Driver/Src/stm32f0xx_hal_uart.c ****                 inside the transmit and receive processes.
  35:Drivers/STM32F0xx_HAL_Driver/Src/stm32f0xx_hal_uart.c ****         (++) DMA Configuration if you need to use DMA process (HAL_UART_Transmit_DMA()
  36:Drivers/STM32F0xx_HAL_Driver/Src/stm32f0xx_hal_uart.c ****              and HAL_UART_Receive_DMA() APIs):
  37:Drivers/STM32F0xx_HAL_Driver/Src/stm32f0xx_hal_uart.c ****             (+++) Declare a DMA handle structure for the Tx/Rx channel.
  38:Drivers/STM32F0xx_HAL_Driver/Src/stm32f0xx_hal_uart.c ****             (+++) Enable the DMAx interface clock.
  39:Drivers/STM32F0xx_HAL_Driver/Src/stm32f0xx_hal_uart.c ****             (+++) Configure the declared DMA handle structure with the required Tx/Rx parameters.
  40:Drivers/STM32F0xx_HAL_Driver/Src/stm32f0xx_hal_uart.c ****             (+++) Configure the DMA Tx/Rx channel.
  41:Drivers/STM32F0xx_HAL_Driver/Src/stm32f0xx_hal_uart.c ****             (+++) Associate the initialized DMA handle to the UART DMA Tx/Rx handle.
  42:Drivers/STM32F0xx_HAL_Driver/Src/stm32f0xx_hal_uart.c ****             (+++) Configure the priority and enable the NVIC for the transfer complete
  43:Drivers/STM32F0xx_HAL_Driver/Src/stm32f0xx_hal_uart.c ****                   interrupt on the DMA Tx/Rx channel.
  44:Drivers/STM32F0xx_HAL_Driver/Src/stm32f0xx_hal_uart.c **** 
  45:Drivers/STM32F0xx_HAL_Driver/Src/stm32f0xx_hal_uart.c ****     (#) Program the Baud Rate, Word Length, Stop Bit, Parity, Hardware
  46:Drivers/STM32F0xx_HAL_Driver/Src/stm32f0xx_hal_uart.c ****         flow control and Mode (Receiver/Transmitter) in the huart handle Init structure.
  47:Drivers/STM32F0xx_HAL_Driver/Src/stm32f0xx_hal_uart.c **** 
  48:Drivers/STM32F0xx_HAL_Driver/Src/stm32f0xx_hal_uart.c ****     (#) If required, program UART advanced features (TX/RX pins swap, auto Baud rate detection,...)
  49:Drivers/STM32F0xx_HAL_Driver/Src/stm32f0xx_hal_uart.c ****         in the huart handle AdvancedInit structure.
  50:Drivers/STM32F0xx_HAL_Driver/Src/stm32f0xx_hal_uart.c **** 
  51:Drivers/STM32F0xx_HAL_Driver/Src/stm32f0xx_hal_uart.c ****     (#) For the UART asynchronous mode, initialize the UART registers by calling
  52:Drivers/STM32F0xx_HAL_Driver/Src/stm32f0xx_hal_uart.c ****         the HAL_UART_Init() API.
  53:Drivers/STM32F0xx_HAL_Driver/Src/stm32f0xx_hal_uart.c **** 
  54:Drivers/STM32F0xx_HAL_Driver/Src/stm32f0xx_hal_uart.c ****     (#) For the UART Half duplex mode, initialize the UART registers by calling
  55:Drivers/STM32F0xx_HAL_Driver/Src/stm32f0xx_hal_uart.c ****         the HAL_HalfDuplex_Init() API.
  56:Drivers/STM32F0xx_HAL_Driver/Src/stm32f0xx_hal_uart.c **** 
  57:Drivers/STM32F0xx_HAL_Driver/Src/stm32f0xx_hal_uart.c ****     (#) For the UART LIN (Local Interconnection Network) mode, initialize the UART registers
  58:Drivers/STM32F0xx_HAL_Driver/Src/stm32f0xx_hal_uart.c ****         by calling the HAL_LIN_Init() API.
  59:Drivers/STM32F0xx_HAL_Driver/Src/stm32f0xx_hal_uart.c **** 
  60:Drivers/STM32F0xx_HAL_Driver/Src/stm32f0xx_hal_uart.c ****     (#) For the UART Multiprocessor mode, initialize the UART registers
  61:Drivers/STM32F0xx_HAL_Driver/Src/stm32f0xx_hal_uart.c ****         by calling the HAL_MultiProcessor_Init() API.
  62:Drivers/STM32F0xx_HAL_Driver/Src/stm32f0xx_hal_uart.c **** 
  63:Drivers/STM32F0xx_HAL_Driver/Src/stm32f0xx_hal_uart.c ****     (#) For the UART RS485 Driver Enabled mode, initialize the UART registers
  64:Drivers/STM32F0xx_HAL_Driver/Src/stm32f0xx_hal_uart.c ****         by calling the HAL_RS485Ex_Init() API.
  65:Drivers/STM32F0xx_HAL_Driver/Src/stm32f0xx_hal_uart.c **** 
  66:Drivers/STM32F0xx_HAL_Driver/Src/stm32f0xx_hal_uart.c ****     [..]
  67:Drivers/STM32F0xx_HAL_Driver/Src/stm32f0xx_hal_uart.c ****     (@) These API's (HAL_UART_Init(), HAL_HalfDuplex_Init(), HAL_LIN_Init(), HAL_MultiProcessor_Ini
  68:Drivers/STM32F0xx_HAL_Driver/Src/stm32f0xx_hal_uart.c ****         also configure the low level Hardware GPIO, CLOCK, CORTEX...etc) by
  69:Drivers/STM32F0xx_HAL_Driver/Src/stm32f0xx_hal_uart.c ****         calling the customized HAL_UART_MspInit() API.
  70:Drivers/STM32F0xx_HAL_Driver/Src/stm32f0xx_hal_uart.c **** 
  71:Drivers/STM32F0xx_HAL_Driver/Src/stm32f0xx_hal_uart.c ****     ##### Callback registration #####
  72:Drivers/STM32F0xx_HAL_Driver/Src/stm32f0xx_hal_uart.c ****     ==================================
  73:Drivers/STM32F0xx_HAL_Driver/Src/stm32f0xx_hal_uart.c **** 
  74:Drivers/STM32F0xx_HAL_Driver/Src/stm32f0xx_hal_uart.c ****     [..]
  75:Drivers/STM32F0xx_HAL_Driver/Src/stm32f0xx_hal_uart.c ****     The compilation define USE_HAL_UART_REGISTER_CALLBACKS when set to 1
  76:Drivers/STM32F0xx_HAL_Driver/Src/stm32f0xx_hal_uart.c ****     allows the user to configure dynamically the driver callbacks.
  77:Drivers/STM32F0xx_HAL_Driver/Src/stm32f0xx_hal_uart.c **** 
  78:Drivers/STM32F0xx_HAL_Driver/Src/stm32f0xx_hal_uart.c ****     [..]
  79:Drivers/STM32F0xx_HAL_Driver/Src/stm32f0xx_hal_uart.c ****     Use Function @ref HAL_UART_RegisterCallback() to register a user callback.
  80:Drivers/STM32F0xx_HAL_Driver/Src/stm32f0xx_hal_uart.c ****     Function @ref HAL_UART_RegisterCallback() allows to register following callbacks:
  81:Drivers/STM32F0xx_HAL_Driver/Src/stm32f0xx_hal_uart.c ****     (+) TxHalfCpltCallback        : Tx Half Complete Callback.
  82:Drivers/STM32F0xx_HAL_Driver/Src/stm32f0xx_hal_uart.c ****     (+) TxCpltCallback            : Tx Complete Callback.
  83:Drivers/STM32F0xx_HAL_Driver/Src/stm32f0xx_hal_uart.c ****     (+) RxHalfCpltCallback        : Rx Half Complete Callback.
  84:Drivers/STM32F0xx_HAL_Driver/Src/stm32f0xx_hal_uart.c ****     (+) RxCpltCallback            : Rx Complete Callback.
  85:Drivers/STM32F0xx_HAL_Driver/Src/stm32f0xx_hal_uart.c ****     (+) ErrorCallback             : Error Callback.
  86:Drivers/STM32F0xx_HAL_Driver/Src/stm32f0xx_hal_uart.c ****     (+) AbortCpltCallback         : Abort Complete Callback.
  87:Drivers/STM32F0xx_HAL_Driver/Src/stm32f0xx_hal_uart.c ****     (+) AbortTransmitCpltCallback : Abort Transmit Complete Callback.
  88:Drivers/STM32F0xx_HAL_Driver/Src/stm32f0xx_hal_uart.c ****     (+) AbortReceiveCpltCallback  : Abort Receive Complete Callback.
  89:Drivers/STM32F0xx_HAL_Driver/Src/stm32f0xx_hal_uart.c ****     (+) WakeupCallback            : Wakeup Callback.
ARM GAS  C:\Users\MINIGU~1\AppData\Local\Temp\cc3PAC1x.s 			page 3


  90:Drivers/STM32F0xx_HAL_Driver/Src/stm32f0xx_hal_uart.c ****     (+) MspInitCallback           : UART MspInit.
  91:Drivers/STM32F0xx_HAL_Driver/Src/stm32f0xx_hal_uart.c ****     (+) MspDeInitCallback         : UART MspDeInit.
  92:Drivers/STM32F0xx_HAL_Driver/Src/stm32f0xx_hal_uart.c ****     This function takes as parameters the HAL peripheral handle, the Callback ID
  93:Drivers/STM32F0xx_HAL_Driver/Src/stm32f0xx_hal_uart.c ****     and a pointer to the user callback function.
  94:Drivers/STM32F0xx_HAL_Driver/Src/stm32f0xx_hal_uart.c **** 
  95:Drivers/STM32F0xx_HAL_Driver/Src/stm32f0xx_hal_uart.c ****     [..]
  96:Drivers/STM32F0xx_HAL_Driver/Src/stm32f0xx_hal_uart.c ****     Use function @ref HAL_UART_UnRegisterCallback() to reset a callback to the default
  97:Drivers/STM32F0xx_HAL_Driver/Src/stm32f0xx_hal_uart.c ****     weak (surcharged) function.
  98:Drivers/STM32F0xx_HAL_Driver/Src/stm32f0xx_hal_uart.c ****     @ref HAL_UART_UnRegisterCallback() takes as parameters the HAL peripheral handle,
  99:Drivers/STM32F0xx_HAL_Driver/Src/stm32f0xx_hal_uart.c ****     and the Callback ID.
 100:Drivers/STM32F0xx_HAL_Driver/Src/stm32f0xx_hal_uart.c ****     This function allows to reset following callbacks:
 101:Drivers/STM32F0xx_HAL_Driver/Src/stm32f0xx_hal_uart.c ****     (+) TxHalfCpltCallback        : Tx Half Complete Callback.
 102:Drivers/STM32F0xx_HAL_Driver/Src/stm32f0xx_hal_uart.c ****     (+) TxCpltCallback            : Tx Complete Callback.
 103:Drivers/STM32F0xx_HAL_Driver/Src/stm32f0xx_hal_uart.c ****     (+) RxHalfCpltCallback        : Rx Half Complete Callback.
 104:Drivers/STM32F0xx_HAL_Driver/Src/stm32f0xx_hal_uart.c ****     (+) RxCpltCallback            : Rx Complete Callback.
 105:Drivers/STM32F0xx_HAL_Driver/Src/stm32f0xx_hal_uart.c ****     (+) ErrorCallback             : Error Callback.
 106:Drivers/STM32F0xx_HAL_Driver/Src/stm32f0xx_hal_uart.c ****     (+) AbortCpltCallback         : Abort Complete Callback.
 107:Drivers/STM32F0xx_HAL_Driver/Src/stm32f0xx_hal_uart.c ****     (+) AbortTransmitCpltCallback : Abort Transmit Complete Callback.
 108:Drivers/STM32F0xx_HAL_Driver/Src/stm32f0xx_hal_uart.c ****     (+) AbortReceiveCpltCallback  : Abort Receive Complete Callback.
 109:Drivers/STM32F0xx_HAL_Driver/Src/stm32f0xx_hal_uart.c ****     (+) WakeupCallback            : Wakeup Callback.
 110:Drivers/STM32F0xx_HAL_Driver/Src/stm32f0xx_hal_uart.c ****     (+) MspInitCallback           : UART MspInit.
 111:Drivers/STM32F0xx_HAL_Driver/Src/stm32f0xx_hal_uart.c ****     (+) MspDeInitCallback         : UART MspDeInit.
 112:Drivers/STM32F0xx_HAL_Driver/Src/stm32f0xx_hal_uart.c **** 
 113:Drivers/STM32F0xx_HAL_Driver/Src/stm32f0xx_hal_uart.c ****     [..]
 114:Drivers/STM32F0xx_HAL_Driver/Src/stm32f0xx_hal_uart.c ****     For specific callback RxEventCallback, use dedicated registration/reset functions:
 115:Drivers/STM32F0xx_HAL_Driver/Src/stm32f0xx_hal_uart.c ****     respectively @ref HAL_UART_RegisterRxEventCallback() , @ref HAL_UART_UnRegisterRxEventCallback(
 116:Drivers/STM32F0xx_HAL_Driver/Src/stm32f0xx_hal_uart.c **** 
 117:Drivers/STM32F0xx_HAL_Driver/Src/stm32f0xx_hal_uart.c ****     [..]
 118:Drivers/STM32F0xx_HAL_Driver/Src/stm32f0xx_hal_uart.c ****     By default, after the @ref HAL_UART_Init() and when the state is HAL_UART_STATE_RESET
 119:Drivers/STM32F0xx_HAL_Driver/Src/stm32f0xx_hal_uart.c ****     all callbacks are set to the corresponding weak (surcharged) functions:
 120:Drivers/STM32F0xx_HAL_Driver/Src/stm32f0xx_hal_uart.c ****     examples @ref HAL_UART_TxCpltCallback(), @ref HAL_UART_RxHalfCpltCallback().
 121:Drivers/STM32F0xx_HAL_Driver/Src/stm32f0xx_hal_uart.c ****     Exception done for MspInit and MspDeInit functions that are respectively
 122:Drivers/STM32F0xx_HAL_Driver/Src/stm32f0xx_hal_uart.c ****     reset to the legacy weak (surcharged) functions in the @ref HAL_UART_Init()
 123:Drivers/STM32F0xx_HAL_Driver/Src/stm32f0xx_hal_uart.c ****     and @ref HAL_UART_DeInit() only when these callbacks are null (not registered beforehand).
 124:Drivers/STM32F0xx_HAL_Driver/Src/stm32f0xx_hal_uart.c ****     If not, MspInit or MspDeInit are not null, the @ref HAL_UART_Init() and @ref HAL_UART_DeInit()
 125:Drivers/STM32F0xx_HAL_Driver/Src/stm32f0xx_hal_uart.c ****     keep and use the user MspInit/MspDeInit callbacks (registered beforehand).
 126:Drivers/STM32F0xx_HAL_Driver/Src/stm32f0xx_hal_uart.c **** 
 127:Drivers/STM32F0xx_HAL_Driver/Src/stm32f0xx_hal_uart.c ****     [..]
 128:Drivers/STM32F0xx_HAL_Driver/Src/stm32f0xx_hal_uart.c ****     Callbacks can be registered/unregistered in HAL_UART_STATE_READY state only.
 129:Drivers/STM32F0xx_HAL_Driver/Src/stm32f0xx_hal_uart.c ****     Exception done MspInit/MspDeInit that can be registered/unregistered
 130:Drivers/STM32F0xx_HAL_Driver/Src/stm32f0xx_hal_uart.c ****     in HAL_UART_STATE_READY or HAL_UART_STATE_RESET state, thus registered (user)
 131:Drivers/STM32F0xx_HAL_Driver/Src/stm32f0xx_hal_uart.c ****     MspInit/DeInit callbacks can be used during the Init/DeInit.
 132:Drivers/STM32F0xx_HAL_Driver/Src/stm32f0xx_hal_uart.c ****     In that case first register the MspInit/MspDeInit user callbacks
 133:Drivers/STM32F0xx_HAL_Driver/Src/stm32f0xx_hal_uart.c ****     using @ref HAL_UART_RegisterCallback() before calling @ref HAL_UART_DeInit()
 134:Drivers/STM32F0xx_HAL_Driver/Src/stm32f0xx_hal_uart.c ****     or @ref HAL_UART_Init() function.
 135:Drivers/STM32F0xx_HAL_Driver/Src/stm32f0xx_hal_uart.c **** 
 136:Drivers/STM32F0xx_HAL_Driver/Src/stm32f0xx_hal_uart.c ****     [..]
 137:Drivers/STM32F0xx_HAL_Driver/Src/stm32f0xx_hal_uart.c ****     When The compilation define USE_HAL_UART_REGISTER_CALLBACKS is set to 0 or
 138:Drivers/STM32F0xx_HAL_Driver/Src/stm32f0xx_hal_uart.c ****     not defined, the callback registration feature is not available
 139:Drivers/STM32F0xx_HAL_Driver/Src/stm32f0xx_hal_uart.c ****     and weak (surcharged) callbacks are used.
 140:Drivers/STM32F0xx_HAL_Driver/Src/stm32f0xx_hal_uart.c **** 
 141:Drivers/STM32F0xx_HAL_Driver/Src/stm32f0xx_hal_uart.c **** 
 142:Drivers/STM32F0xx_HAL_Driver/Src/stm32f0xx_hal_uart.c ****   @endverbatim
 143:Drivers/STM32F0xx_HAL_Driver/Src/stm32f0xx_hal_uart.c ****   ******************************************************************************
 144:Drivers/STM32F0xx_HAL_Driver/Src/stm32f0xx_hal_uart.c ****   * @attention
 145:Drivers/STM32F0xx_HAL_Driver/Src/stm32f0xx_hal_uart.c ****   *
 146:Drivers/STM32F0xx_HAL_Driver/Src/stm32f0xx_hal_uart.c ****   * <h2><center>&copy; Copyright (c) 2016 STMicroelectronics.
ARM GAS  C:\Users\MINIGU~1\AppData\Local\Temp\cc3PAC1x.s 			page 4


 147:Drivers/STM32F0xx_HAL_Driver/Src/stm32f0xx_hal_uart.c ****   * All rights reserved.</center></h2>
 148:Drivers/STM32F0xx_HAL_Driver/Src/stm32f0xx_hal_uart.c ****   *
 149:Drivers/STM32F0xx_HAL_Driver/Src/stm32f0xx_hal_uart.c ****   * This software component is licensed by ST under BSD 3-Clause license,
 150:Drivers/STM32F0xx_HAL_Driver/Src/stm32f0xx_hal_uart.c ****   * the "License"; You may not use this file except in compliance with the
 151:Drivers/STM32F0xx_HAL_Driver/Src/stm32f0xx_hal_uart.c ****   * License. You may obtain a copy of the License at:
 152:Drivers/STM32F0xx_HAL_Driver/Src/stm32f0xx_hal_uart.c ****   *                        opensource.org/licenses/BSD-3-Clause
 153:Drivers/STM32F0xx_HAL_Driver/Src/stm32f0xx_hal_uart.c ****   *
 154:Drivers/STM32F0xx_HAL_Driver/Src/stm32f0xx_hal_uart.c ****   ******************************************************************************
 155:Drivers/STM32F0xx_HAL_Driver/Src/stm32f0xx_hal_uart.c ****   */
 156:Drivers/STM32F0xx_HAL_Driver/Src/stm32f0xx_hal_uart.c **** 
 157:Drivers/STM32F0xx_HAL_Driver/Src/stm32f0xx_hal_uart.c **** /* Includes ------------------------------------------------------------------*/
 158:Drivers/STM32F0xx_HAL_Driver/Src/stm32f0xx_hal_uart.c **** #include "stm32f0xx_hal.h"
 159:Drivers/STM32F0xx_HAL_Driver/Src/stm32f0xx_hal_uart.c **** 
 160:Drivers/STM32F0xx_HAL_Driver/Src/stm32f0xx_hal_uart.c **** /** @addtogroup STM32F0xx_HAL_Driver
 161:Drivers/STM32F0xx_HAL_Driver/Src/stm32f0xx_hal_uart.c ****   * @{
 162:Drivers/STM32F0xx_HAL_Driver/Src/stm32f0xx_hal_uart.c ****   */
 163:Drivers/STM32F0xx_HAL_Driver/Src/stm32f0xx_hal_uart.c **** 
 164:Drivers/STM32F0xx_HAL_Driver/Src/stm32f0xx_hal_uart.c **** /** @defgroup UART UART
 165:Drivers/STM32F0xx_HAL_Driver/Src/stm32f0xx_hal_uart.c ****   * @brief HAL UART module driver
 166:Drivers/STM32F0xx_HAL_Driver/Src/stm32f0xx_hal_uart.c ****   * @{
 167:Drivers/STM32F0xx_HAL_Driver/Src/stm32f0xx_hal_uart.c ****   */
 168:Drivers/STM32F0xx_HAL_Driver/Src/stm32f0xx_hal_uart.c **** 
 169:Drivers/STM32F0xx_HAL_Driver/Src/stm32f0xx_hal_uart.c **** #ifdef HAL_UART_MODULE_ENABLED
 170:Drivers/STM32F0xx_HAL_Driver/Src/stm32f0xx_hal_uart.c **** 
 171:Drivers/STM32F0xx_HAL_Driver/Src/stm32f0xx_hal_uart.c **** /* Private typedef -----------------------------------------------------------*/
 172:Drivers/STM32F0xx_HAL_Driver/Src/stm32f0xx_hal_uart.c **** /* Private define ------------------------------------------------------------*/
 173:Drivers/STM32F0xx_HAL_Driver/Src/stm32f0xx_hal_uart.c **** /** @defgroup UART_Private_Constants UART Private Constants
 174:Drivers/STM32F0xx_HAL_Driver/Src/stm32f0xx_hal_uart.c ****   * @{
 175:Drivers/STM32F0xx_HAL_Driver/Src/stm32f0xx_hal_uart.c ****   */
 176:Drivers/STM32F0xx_HAL_Driver/Src/stm32f0xx_hal_uart.c **** #define USART_CR1_FIELDS  ((uint32_t)(USART_CR1_M | USART_CR1_PCE | USART_CR1_PS | \
 177:Drivers/STM32F0xx_HAL_Driver/Src/stm32f0xx_hal_uart.c ****                                       USART_CR1_TE | USART_CR1_RE | USART_CR1_OVER8 )) /*!< UART or
 178:Drivers/STM32F0xx_HAL_Driver/Src/stm32f0xx_hal_uart.c **** 
 179:Drivers/STM32F0xx_HAL_Driver/Src/stm32f0xx_hal_uart.c **** #define USART_CR3_FIELDS  ((uint32_t)(USART_CR3_RTSE | USART_CR3_CTSE | USART_CR3_ONEBIT))  /*!< UA
 180:Drivers/STM32F0xx_HAL_Driver/Src/stm32f0xx_hal_uart.c **** 
 181:Drivers/STM32F0xx_HAL_Driver/Src/stm32f0xx_hal_uart.c **** 
 182:Drivers/STM32F0xx_HAL_Driver/Src/stm32f0xx_hal_uart.c **** #define UART_BRR_MIN    0x10U        /* UART BRR minimum authorized value */
 183:Drivers/STM32F0xx_HAL_Driver/Src/stm32f0xx_hal_uart.c **** #define UART_BRR_MAX    0x0000FFFFU  /* UART BRR maximum authorized value */
 184:Drivers/STM32F0xx_HAL_Driver/Src/stm32f0xx_hal_uart.c **** 
 185:Drivers/STM32F0xx_HAL_Driver/Src/stm32f0xx_hal_uart.c **** /**
 186:Drivers/STM32F0xx_HAL_Driver/Src/stm32f0xx_hal_uart.c ****   * @}
 187:Drivers/STM32F0xx_HAL_Driver/Src/stm32f0xx_hal_uart.c ****   */
 188:Drivers/STM32F0xx_HAL_Driver/Src/stm32f0xx_hal_uart.c **** 
 189:Drivers/STM32F0xx_HAL_Driver/Src/stm32f0xx_hal_uart.c **** /* Private macros ------------------------------------------------------------*/
 190:Drivers/STM32F0xx_HAL_Driver/Src/stm32f0xx_hal_uart.c **** /* Private variables ---------------------------------------------------------*/
 191:Drivers/STM32F0xx_HAL_Driver/Src/stm32f0xx_hal_uart.c **** /* Private function prototypes -----------------------------------------------*/
 192:Drivers/STM32F0xx_HAL_Driver/Src/stm32f0xx_hal_uart.c **** /** @addtogroup UART_Private_Functions
 193:Drivers/STM32F0xx_HAL_Driver/Src/stm32f0xx_hal_uart.c ****   * @{
 194:Drivers/STM32F0xx_HAL_Driver/Src/stm32f0xx_hal_uart.c ****   */
 195:Drivers/STM32F0xx_HAL_Driver/Src/stm32f0xx_hal_uart.c **** static void UART_EndTxTransfer(UART_HandleTypeDef *huart);
 196:Drivers/STM32F0xx_HAL_Driver/Src/stm32f0xx_hal_uart.c **** static void UART_EndRxTransfer(UART_HandleTypeDef *huart);
 197:Drivers/STM32F0xx_HAL_Driver/Src/stm32f0xx_hal_uart.c **** static void UART_DMATransmitCplt(DMA_HandleTypeDef *hdma);
 198:Drivers/STM32F0xx_HAL_Driver/Src/stm32f0xx_hal_uart.c **** static void UART_DMAReceiveCplt(DMA_HandleTypeDef *hdma);
 199:Drivers/STM32F0xx_HAL_Driver/Src/stm32f0xx_hal_uart.c **** static void UART_DMARxHalfCplt(DMA_HandleTypeDef *hdma);
 200:Drivers/STM32F0xx_HAL_Driver/Src/stm32f0xx_hal_uart.c **** static void UART_DMATxHalfCplt(DMA_HandleTypeDef *hdma);
 201:Drivers/STM32F0xx_HAL_Driver/Src/stm32f0xx_hal_uart.c **** static void UART_DMAError(DMA_HandleTypeDef *hdma);
 202:Drivers/STM32F0xx_HAL_Driver/Src/stm32f0xx_hal_uart.c **** static void UART_DMAAbortOnError(DMA_HandleTypeDef *hdma);
 203:Drivers/STM32F0xx_HAL_Driver/Src/stm32f0xx_hal_uart.c **** static void UART_DMATxAbortCallback(DMA_HandleTypeDef *hdma);
ARM GAS  C:\Users\MINIGU~1\AppData\Local\Temp\cc3PAC1x.s 			page 5


 204:Drivers/STM32F0xx_HAL_Driver/Src/stm32f0xx_hal_uart.c **** static void UART_DMARxAbortCallback(DMA_HandleTypeDef *hdma);
 205:Drivers/STM32F0xx_HAL_Driver/Src/stm32f0xx_hal_uart.c **** static void UART_DMATxOnlyAbortCallback(DMA_HandleTypeDef *hdma);
 206:Drivers/STM32F0xx_HAL_Driver/Src/stm32f0xx_hal_uart.c **** static void UART_DMARxOnlyAbortCallback(DMA_HandleTypeDef *hdma);
 207:Drivers/STM32F0xx_HAL_Driver/Src/stm32f0xx_hal_uart.c **** static void UART_TxISR_8BIT(UART_HandleTypeDef *huart);
 208:Drivers/STM32F0xx_HAL_Driver/Src/stm32f0xx_hal_uart.c **** static void UART_TxISR_16BIT(UART_HandleTypeDef *huart);
 209:Drivers/STM32F0xx_HAL_Driver/Src/stm32f0xx_hal_uart.c **** static void UART_EndTransmit_IT(UART_HandleTypeDef *huart);
 210:Drivers/STM32F0xx_HAL_Driver/Src/stm32f0xx_hal_uart.c **** static void UART_RxISR_8BIT(UART_HandleTypeDef *huart);
 211:Drivers/STM32F0xx_HAL_Driver/Src/stm32f0xx_hal_uart.c **** static void UART_RxISR_16BIT(UART_HandleTypeDef *huart);
 212:Drivers/STM32F0xx_HAL_Driver/Src/stm32f0xx_hal_uart.c **** /**
 213:Drivers/STM32F0xx_HAL_Driver/Src/stm32f0xx_hal_uart.c ****   * @}
 214:Drivers/STM32F0xx_HAL_Driver/Src/stm32f0xx_hal_uart.c ****   */
 215:Drivers/STM32F0xx_HAL_Driver/Src/stm32f0xx_hal_uart.c **** 
 216:Drivers/STM32F0xx_HAL_Driver/Src/stm32f0xx_hal_uart.c **** /* Exported functions --------------------------------------------------------*/
 217:Drivers/STM32F0xx_HAL_Driver/Src/stm32f0xx_hal_uart.c **** 
 218:Drivers/STM32F0xx_HAL_Driver/Src/stm32f0xx_hal_uart.c **** /** @defgroup UART_Exported_Functions UART Exported Functions
 219:Drivers/STM32F0xx_HAL_Driver/Src/stm32f0xx_hal_uart.c ****   * @{
 220:Drivers/STM32F0xx_HAL_Driver/Src/stm32f0xx_hal_uart.c ****   */
 221:Drivers/STM32F0xx_HAL_Driver/Src/stm32f0xx_hal_uart.c **** 
 222:Drivers/STM32F0xx_HAL_Driver/Src/stm32f0xx_hal_uart.c **** /** @defgroup UART_Exported_Functions_Group1 Initialization and de-initialization functions
 223:Drivers/STM32F0xx_HAL_Driver/Src/stm32f0xx_hal_uart.c ****   *  @brief    Initialization and Configuration functions
 224:Drivers/STM32F0xx_HAL_Driver/Src/stm32f0xx_hal_uart.c ****   *
 225:Drivers/STM32F0xx_HAL_Driver/Src/stm32f0xx_hal_uart.c **** @verbatim
 226:Drivers/STM32F0xx_HAL_Driver/Src/stm32f0xx_hal_uart.c **** ===============================================================================
 227:Drivers/STM32F0xx_HAL_Driver/Src/stm32f0xx_hal_uart.c ****             ##### Initialization and Configuration functions #####
 228:Drivers/STM32F0xx_HAL_Driver/Src/stm32f0xx_hal_uart.c ****  ===============================================================================
 229:Drivers/STM32F0xx_HAL_Driver/Src/stm32f0xx_hal_uart.c ****     [..]
 230:Drivers/STM32F0xx_HAL_Driver/Src/stm32f0xx_hal_uart.c ****     This subsection provides a set of functions allowing to initialize the USARTx or the UARTy
 231:Drivers/STM32F0xx_HAL_Driver/Src/stm32f0xx_hal_uart.c ****     in asynchronous mode.
 232:Drivers/STM32F0xx_HAL_Driver/Src/stm32f0xx_hal_uart.c ****       (+) For the asynchronous mode the parameters below can be configured:
 233:Drivers/STM32F0xx_HAL_Driver/Src/stm32f0xx_hal_uart.c ****         (++) Baud Rate
 234:Drivers/STM32F0xx_HAL_Driver/Src/stm32f0xx_hal_uart.c ****         (++) Word Length
 235:Drivers/STM32F0xx_HAL_Driver/Src/stm32f0xx_hal_uart.c ****         (++) Stop Bit
 236:Drivers/STM32F0xx_HAL_Driver/Src/stm32f0xx_hal_uart.c ****         (++) Parity: If the parity is enabled, then the MSB bit of the data written
 237:Drivers/STM32F0xx_HAL_Driver/Src/stm32f0xx_hal_uart.c ****              in the data register is transmitted but is changed by the parity bit.
 238:Drivers/STM32F0xx_HAL_Driver/Src/stm32f0xx_hal_uart.c ****         (++) Hardware flow control
 239:Drivers/STM32F0xx_HAL_Driver/Src/stm32f0xx_hal_uart.c ****         (++) Receiver/transmitter modes
 240:Drivers/STM32F0xx_HAL_Driver/Src/stm32f0xx_hal_uart.c ****         (++) Over Sampling Method
 241:Drivers/STM32F0xx_HAL_Driver/Src/stm32f0xx_hal_uart.c ****         (++) One-Bit Sampling Method
 242:Drivers/STM32F0xx_HAL_Driver/Src/stm32f0xx_hal_uart.c ****       (+) For the asynchronous mode, the following advanced features can be configured as well:
 243:Drivers/STM32F0xx_HAL_Driver/Src/stm32f0xx_hal_uart.c ****         (++) TX and/or RX pin level inversion
 244:Drivers/STM32F0xx_HAL_Driver/Src/stm32f0xx_hal_uart.c ****         (++) data logical level inversion
 245:Drivers/STM32F0xx_HAL_Driver/Src/stm32f0xx_hal_uart.c ****         (++) RX and TX pins swap
 246:Drivers/STM32F0xx_HAL_Driver/Src/stm32f0xx_hal_uart.c ****         (++) RX overrun detection disabling
 247:Drivers/STM32F0xx_HAL_Driver/Src/stm32f0xx_hal_uart.c ****         (++) DMA disabling on RX error
 248:Drivers/STM32F0xx_HAL_Driver/Src/stm32f0xx_hal_uart.c ****         (++) MSB first on communication line
 249:Drivers/STM32F0xx_HAL_Driver/Src/stm32f0xx_hal_uart.c ****         (++) auto Baud rate detection
 250:Drivers/STM32F0xx_HAL_Driver/Src/stm32f0xx_hal_uart.c ****     [..]
 251:Drivers/STM32F0xx_HAL_Driver/Src/stm32f0xx_hal_uart.c ****     The HAL_UART_Init(), HAL_HalfDuplex_Init(), HAL_LIN_Init()and HAL_MultiProcessor_Init()API
 252:Drivers/STM32F0xx_HAL_Driver/Src/stm32f0xx_hal_uart.c ****     follow respectively the UART asynchronous, UART Half duplex, UART LIN mode
 253:Drivers/STM32F0xx_HAL_Driver/Src/stm32f0xx_hal_uart.c ****     and UART multiprocessor mode configuration procedures (details for the procedures
 254:Drivers/STM32F0xx_HAL_Driver/Src/stm32f0xx_hal_uart.c ****     are available in reference manual).
 255:Drivers/STM32F0xx_HAL_Driver/Src/stm32f0xx_hal_uart.c **** 
 256:Drivers/STM32F0xx_HAL_Driver/Src/stm32f0xx_hal_uart.c **** @endverbatim
 257:Drivers/STM32F0xx_HAL_Driver/Src/stm32f0xx_hal_uart.c **** 
 258:Drivers/STM32F0xx_HAL_Driver/Src/stm32f0xx_hal_uart.c ****   Depending on the frame length defined by the M1 and M0 bits (7-bit,
 259:Drivers/STM32F0xx_HAL_Driver/Src/stm32f0xx_hal_uart.c ****   8-bit or 9-bit), the possible UART formats are listed in the
 260:Drivers/STM32F0xx_HAL_Driver/Src/stm32f0xx_hal_uart.c ****   following table.
ARM GAS  C:\Users\MINIGU~1\AppData\Local\Temp\cc3PAC1x.s 			page 6


 261:Drivers/STM32F0xx_HAL_Driver/Src/stm32f0xx_hal_uart.c **** 
 262:Drivers/STM32F0xx_HAL_Driver/Src/stm32f0xx_hal_uart.c ****   Table 1. UART frame format.
 263:Drivers/STM32F0xx_HAL_Driver/Src/stm32f0xx_hal_uart.c ****     +-----------------------------------------------------------------------+
 264:Drivers/STM32F0xx_HAL_Driver/Src/stm32f0xx_hal_uart.c ****     |  M1 bit |  M0 bit |  PCE bit  |             UART frame                |
 265:Drivers/STM32F0xx_HAL_Driver/Src/stm32f0xx_hal_uart.c ****     |---------|---------|-----------|---------------------------------------|
 266:Drivers/STM32F0xx_HAL_Driver/Src/stm32f0xx_hal_uart.c ****     |    0    |    0    |    0      |    | SB |    8 bit data   | STB |     |
 267:Drivers/STM32F0xx_HAL_Driver/Src/stm32f0xx_hal_uart.c ****     |---------|---------|-----------|---------------------------------------|
 268:Drivers/STM32F0xx_HAL_Driver/Src/stm32f0xx_hal_uart.c ****     |    0    |    0    |    1      |    | SB | 7 bit data | PB | STB |     |
 269:Drivers/STM32F0xx_HAL_Driver/Src/stm32f0xx_hal_uart.c ****     |---------|---------|-----------|---------------------------------------|
 270:Drivers/STM32F0xx_HAL_Driver/Src/stm32f0xx_hal_uart.c ****     |    0    |    1    |    0      |    | SB |    9 bit data   | STB |     |
 271:Drivers/STM32F0xx_HAL_Driver/Src/stm32f0xx_hal_uart.c ****     |---------|---------|-----------|---------------------------------------|
 272:Drivers/STM32F0xx_HAL_Driver/Src/stm32f0xx_hal_uart.c ****     |    0    |    1    |    1      |    | SB | 8 bit data | PB | STB |     |
 273:Drivers/STM32F0xx_HAL_Driver/Src/stm32f0xx_hal_uart.c ****     |---------|---------|-----------|---------------------------------------|
 274:Drivers/STM32F0xx_HAL_Driver/Src/stm32f0xx_hal_uart.c ****     |    1    |    0    |    0      |    | SB |    7 bit data   | STB |     |
 275:Drivers/STM32F0xx_HAL_Driver/Src/stm32f0xx_hal_uart.c ****     |---------|---------|-----------|---------------------------------------|
 276:Drivers/STM32F0xx_HAL_Driver/Src/stm32f0xx_hal_uart.c ****     |    1    |    0    |    1      |    | SB | 6 bit data | PB | STB |     |
 277:Drivers/STM32F0xx_HAL_Driver/Src/stm32f0xx_hal_uart.c ****     +-----------------------------------------------------------------------+
 278:Drivers/STM32F0xx_HAL_Driver/Src/stm32f0xx_hal_uart.c **** 
 279:Drivers/STM32F0xx_HAL_Driver/Src/stm32f0xx_hal_uart.c ****   * @{
 280:Drivers/STM32F0xx_HAL_Driver/Src/stm32f0xx_hal_uart.c ****   */
 281:Drivers/STM32F0xx_HAL_Driver/Src/stm32f0xx_hal_uart.c **** 
 282:Drivers/STM32F0xx_HAL_Driver/Src/stm32f0xx_hal_uart.c **** /**
 283:Drivers/STM32F0xx_HAL_Driver/Src/stm32f0xx_hal_uart.c ****   * @brief Initialize the UART mode according to the specified
 284:Drivers/STM32F0xx_HAL_Driver/Src/stm32f0xx_hal_uart.c ****   *        parameters in the UART_InitTypeDef and initialize the associated handle.
 285:Drivers/STM32F0xx_HAL_Driver/Src/stm32f0xx_hal_uart.c ****   * @param huart UART handle.
 286:Drivers/STM32F0xx_HAL_Driver/Src/stm32f0xx_hal_uart.c ****   * @retval HAL status
 287:Drivers/STM32F0xx_HAL_Driver/Src/stm32f0xx_hal_uart.c ****   */
 288:Drivers/STM32F0xx_HAL_Driver/Src/stm32f0xx_hal_uart.c **** HAL_StatusTypeDef HAL_UART_Init(UART_HandleTypeDef *huart)
 289:Drivers/STM32F0xx_HAL_Driver/Src/stm32f0xx_hal_uart.c **** {
 290:Drivers/STM32F0xx_HAL_Driver/Src/stm32f0xx_hal_uart.c ****   /* Check the UART handle allocation */
 291:Drivers/STM32F0xx_HAL_Driver/Src/stm32f0xx_hal_uart.c ****   if (huart == NULL)
 292:Drivers/STM32F0xx_HAL_Driver/Src/stm32f0xx_hal_uart.c ****   {
 293:Drivers/STM32F0xx_HAL_Driver/Src/stm32f0xx_hal_uart.c ****     return HAL_ERROR;
 294:Drivers/STM32F0xx_HAL_Driver/Src/stm32f0xx_hal_uart.c ****   }
 295:Drivers/STM32F0xx_HAL_Driver/Src/stm32f0xx_hal_uart.c **** 
 296:Drivers/STM32F0xx_HAL_Driver/Src/stm32f0xx_hal_uart.c ****   if (huart->Init.HwFlowCtl != UART_HWCONTROL_NONE)
 297:Drivers/STM32F0xx_HAL_Driver/Src/stm32f0xx_hal_uart.c ****   {
 298:Drivers/STM32F0xx_HAL_Driver/Src/stm32f0xx_hal_uart.c ****     /* Check the parameters */
 299:Drivers/STM32F0xx_HAL_Driver/Src/stm32f0xx_hal_uart.c ****     assert_param(IS_UART_HWFLOW_INSTANCE(huart->Instance));
 300:Drivers/STM32F0xx_HAL_Driver/Src/stm32f0xx_hal_uart.c ****   }
 301:Drivers/STM32F0xx_HAL_Driver/Src/stm32f0xx_hal_uart.c ****   else
 302:Drivers/STM32F0xx_HAL_Driver/Src/stm32f0xx_hal_uart.c ****   {
 303:Drivers/STM32F0xx_HAL_Driver/Src/stm32f0xx_hal_uart.c ****     /* Check the parameters */
 304:Drivers/STM32F0xx_HAL_Driver/Src/stm32f0xx_hal_uart.c ****     assert_param(IS_UART_INSTANCE(huart->Instance));
 305:Drivers/STM32F0xx_HAL_Driver/Src/stm32f0xx_hal_uart.c ****   }
 306:Drivers/STM32F0xx_HAL_Driver/Src/stm32f0xx_hal_uart.c **** 
 307:Drivers/STM32F0xx_HAL_Driver/Src/stm32f0xx_hal_uart.c ****   if (huart->gState == HAL_UART_STATE_RESET)
 308:Drivers/STM32F0xx_HAL_Driver/Src/stm32f0xx_hal_uart.c ****   {
 309:Drivers/STM32F0xx_HAL_Driver/Src/stm32f0xx_hal_uart.c ****     /* Allocate lock resource and initialize it */
 310:Drivers/STM32F0xx_HAL_Driver/Src/stm32f0xx_hal_uart.c ****     huart->Lock = HAL_UNLOCKED;
 311:Drivers/STM32F0xx_HAL_Driver/Src/stm32f0xx_hal_uart.c **** 
 312:Drivers/STM32F0xx_HAL_Driver/Src/stm32f0xx_hal_uart.c **** #if (USE_HAL_UART_REGISTER_CALLBACKS == 1)
 313:Drivers/STM32F0xx_HAL_Driver/Src/stm32f0xx_hal_uart.c ****     UART_InitCallbacksToDefault(huart);
 314:Drivers/STM32F0xx_HAL_Driver/Src/stm32f0xx_hal_uart.c **** 
 315:Drivers/STM32F0xx_HAL_Driver/Src/stm32f0xx_hal_uart.c ****     if (huart->MspInitCallback == NULL)
 316:Drivers/STM32F0xx_HAL_Driver/Src/stm32f0xx_hal_uart.c ****     {
 317:Drivers/STM32F0xx_HAL_Driver/Src/stm32f0xx_hal_uart.c ****       huart->MspInitCallback = HAL_UART_MspInit;
ARM GAS  C:\Users\MINIGU~1\AppData\Local\Temp\cc3PAC1x.s 			page 7


 318:Drivers/STM32F0xx_HAL_Driver/Src/stm32f0xx_hal_uart.c ****     }
 319:Drivers/STM32F0xx_HAL_Driver/Src/stm32f0xx_hal_uart.c **** 
 320:Drivers/STM32F0xx_HAL_Driver/Src/stm32f0xx_hal_uart.c ****     /* Init the low level hardware */
 321:Drivers/STM32F0xx_HAL_Driver/Src/stm32f0xx_hal_uart.c ****     huart->MspInitCallback(huart);
 322:Drivers/STM32F0xx_HAL_Driver/Src/stm32f0xx_hal_uart.c **** #else
 323:Drivers/STM32F0xx_HAL_Driver/Src/stm32f0xx_hal_uart.c ****     /* Init the low level hardware : GPIO, CLOCK */
 324:Drivers/STM32F0xx_HAL_Driver/Src/stm32f0xx_hal_uart.c ****     HAL_UART_MspInit(huart);
 325:Drivers/STM32F0xx_HAL_Driver/Src/stm32f0xx_hal_uart.c **** #endif /* (USE_HAL_UART_REGISTER_CALLBACKS) */
 326:Drivers/STM32F0xx_HAL_Driver/Src/stm32f0xx_hal_uart.c ****   }
 327:Drivers/STM32F0xx_HAL_Driver/Src/stm32f0xx_hal_uart.c **** 
 328:Drivers/STM32F0xx_HAL_Driver/Src/stm32f0xx_hal_uart.c ****   huart->gState = HAL_UART_STATE_BUSY;
 329:Drivers/STM32F0xx_HAL_Driver/Src/stm32f0xx_hal_uart.c **** 
 330:Drivers/STM32F0xx_HAL_Driver/Src/stm32f0xx_hal_uart.c ****   __HAL_UART_DISABLE(huart);
 331:Drivers/STM32F0xx_HAL_Driver/Src/stm32f0xx_hal_uart.c **** 
 332:Drivers/STM32F0xx_HAL_Driver/Src/stm32f0xx_hal_uart.c ****   /* Set the UART Communication parameters */
 333:Drivers/STM32F0xx_HAL_Driver/Src/stm32f0xx_hal_uart.c ****   if (UART_SetConfig(huart) == HAL_ERROR)
 334:Drivers/STM32F0xx_HAL_Driver/Src/stm32f0xx_hal_uart.c ****   {
 335:Drivers/STM32F0xx_HAL_Driver/Src/stm32f0xx_hal_uart.c ****     return HAL_ERROR;
 336:Drivers/STM32F0xx_HAL_Driver/Src/stm32f0xx_hal_uart.c ****   }
 337:Drivers/STM32F0xx_HAL_Driver/Src/stm32f0xx_hal_uart.c **** 
 338:Drivers/STM32F0xx_HAL_Driver/Src/stm32f0xx_hal_uart.c ****   if (huart->AdvancedInit.AdvFeatureInit != UART_ADVFEATURE_NO_INIT)
 339:Drivers/STM32F0xx_HAL_Driver/Src/stm32f0xx_hal_uart.c ****   {
 340:Drivers/STM32F0xx_HAL_Driver/Src/stm32f0xx_hal_uart.c ****     UART_AdvFeatureConfig(huart);
 341:Drivers/STM32F0xx_HAL_Driver/Src/stm32f0xx_hal_uart.c ****   }
 342:Drivers/STM32F0xx_HAL_Driver/Src/stm32f0xx_hal_uart.c **** 
 343:Drivers/STM32F0xx_HAL_Driver/Src/stm32f0xx_hal_uart.c ****   /* In asynchronous mode, the following bits must be kept cleared:
 344:Drivers/STM32F0xx_HAL_Driver/Src/stm32f0xx_hal_uart.c ****   - LINEN (if LIN is supported) and CLKEN bits in the USART_CR2 register,
 345:Drivers/STM32F0xx_HAL_Driver/Src/stm32f0xx_hal_uart.c ****   - SCEN (if Smartcard is supported), HDSEL and IREN (if IrDA is supported)  bits in the USART_CR3 
 346:Drivers/STM32F0xx_HAL_Driver/Src/stm32f0xx_hal_uart.c **** #if defined (USART_CR2_LINEN)
 347:Drivers/STM32F0xx_HAL_Driver/Src/stm32f0xx_hal_uart.c ****   CLEAR_BIT(huart->Instance->CR2, (USART_CR2_LINEN | USART_CR2_CLKEN));
 348:Drivers/STM32F0xx_HAL_Driver/Src/stm32f0xx_hal_uart.c **** #else
 349:Drivers/STM32F0xx_HAL_Driver/Src/stm32f0xx_hal_uart.c ****   CLEAR_BIT(huart->Instance->CR2, USART_CR2_CLKEN);
 350:Drivers/STM32F0xx_HAL_Driver/Src/stm32f0xx_hal_uart.c **** #endif /* USART_CR2_LINEN */
 351:Drivers/STM32F0xx_HAL_Driver/Src/stm32f0xx_hal_uart.c **** #if defined (USART_CR3_SCEN)
 352:Drivers/STM32F0xx_HAL_Driver/Src/stm32f0xx_hal_uart.c **** #if defined (USART_CR3_IREN)
 353:Drivers/STM32F0xx_HAL_Driver/Src/stm32f0xx_hal_uart.c ****   CLEAR_BIT(huart->Instance->CR3, (USART_CR3_SCEN | USART_CR3_HDSEL | USART_CR3_IREN));
 354:Drivers/STM32F0xx_HAL_Driver/Src/stm32f0xx_hal_uart.c **** #else
 355:Drivers/STM32F0xx_HAL_Driver/Src/stm32f0xx_hal_uart.c ****   CLEAR_BIT(huart->Instance->CR3, (USART_CR3_SCEN | USART_CR3_HDSEL));
 356:Drivers/STM32F0xx_HAL_Driver/Src/stm32f0xx_hal_uart.c **** #endif /* USART_CR3_IREN */
 357:Drivers/STM32F0xx_HAL_Driver/Src/stm32f0xx_hal_uart.c **** #else
 358:Drivers/STM32F0xx_HAL_Driver/Src/stm32f0xx_hal_uart.c **** #if defined (USART_CR3_IREN)
 359:Drivers/STM32F0xx_HAL_Driver/Src/stm32f0xx_hal_uart.c ****   CLEAR_BIT(huart->Instance->CR3, (USART_CR3_HDSEL | USART_CR3_IREN));
 360:Drivers/STM32F0xx_HAL_Driver/Src/stm32f0xx_hal_uart.c **** #else
 361:Drivers/STM32F0xx_HAL_Driver/Src/stm32f0xx_hal_uart.c ****   CLEAR_BIT(huart->Instance->CR3, USART_CR3_HDSEL);
 362:Drivers/STM32F0xx_HAL_Driver/Src/stm32f0xx_hal_uart.c **** #endif /* USART_CR3_IREN*/
 363:Drivers/STM32F0xx_HAL_Driver/Src/stm32f0xx_hal_uart.c **** #endif /* USART_CR3_SCEN */
 364:Drivers/STM32F0xx_HAL_Driver/Src/stm32f0xx_hal_uart.c **** 
 365:Drivers/STM32F0xx_HAL_Driver/Src/stm32f0xx_hal_uart.c ****   __HAL_UART_ENABLE(huart);
 366:Drivers/STM32F0xx_HAL_Driver/Src/stm32f0xx_hal_uart.c **** 
 367:Drivers/STM32F0xx_HAL_Driver/Src/stm32f0xx_hal_uart.c ****   /* TEACK and/or REACK to check before moving huart->gState and huart->RxState to Ready */
 368:Drivers/STM32F0xx_HAL_Driver/Src/stm32f0xx_hal_uart.c ****   return (UART_CheckIdleState(huart));
 369:Drivers/STM32F0xx_HAL_Driver/Src/stm32f0xx_hal_uart.c **** }
 370:Drivers/STM32F0xx_HAL_Driver/Src/stm32f0xx_hal_uart.c **** 
 371:Drivers/STM32F0xx_HAL_Driver/Src/stm32f0xx_hal_uart.c **** /**
 372:Drivers/STM32F0xx_HAL_Driver/Src/stm32f0xx_hal_uart.c ****   * @brief Initialize the half-duplex mode according to the specified
 373:Drivers/STM32F0xx_HAL_Driver/Src/stm32f0xx_hal_uart.c ****   *        parameters in the UART_InitTypeDef and creates the associated handle.
 374:Drivers/STM32F0xx_HAL_Driver/Src/stm32f0xx_hal_uart.c ****   * @param huart UART handle.
ARM GAS  C:\Users\MINIGU~1\AppData\Local\Temp\cc3PAC1x.s 			page 8


 375:Drivers/STM32F0xx_HAL_Driver/Src/stm32f0xx_hal_uart.c ****   * @retval HAL status
 376:Drivers/STM32F0xx_HAL_Driver/Src/stm32f0xx_hal_uart.c ****   */
 377:Drivers/STM32F0xx_HAL_Driver/Src/stm32f0xx_hal_uart.c **** HAL_StatusTypeDef HAL_HalfDuplex_Init(UART_HandleTypeDef *huart)
 378:Drivers/STM32F0xx_HAL_Driver/Src/stm32f0xx_hal_uart.c **** {
 379:Drivers/STM32F0xx_HAL_Driver/Src/stm32f0xx_hal_uart.c ****   /* Check the UART handle allocation */
 380:Drivers/STM32F0xx_HAL_Driver/Src/stm32f0xx_hal_uart.c ****   if (huart == NULL)
 381:Drivers/STM32F0xx_HAL_Driver/Src/stm32f0xx_hal_uart.c ****   {
 382:Drivers/STM32F0xx_HAL_Driver/Src/stm32f0xx_hal_uart.c ****     return HAL_ERROR;
 383:Drivers/STM32F0xx_HAL_Driver/Src/stm32f0xx_hal_uart.c ****   }
 384:Drivers/STM32F0xx_HAL_Driver/Src/stm32f0xx_hal_uart.c **** 
 385:Drivers/STM32F0xx_HAL_Driver/Src/stm32f0xx_hal_uart.c ****   /* Check UART instance */
 386:Drivers/STM32F0xx_HAL_Driver/Src/stm32f0xx_hal_uart.c ****   assert_param(IS_UART_HALFDUPLEX_INSTANCE(huart->Instance));
 387:Drivers/STM32F0xx_HAL_Driver/Src/stm32f0xx_hal_uart.c **** 
 388:Drivers/STM32F0xx_HAL_Driver/Src/stm32f0xx_hal_uart.c ****   if (huart->gState == HAL_UART_STATE_RESET)
 389:Drivers/STM32F0xx_HAL_Driver/Src/stm32f0xx_hal_uart.c ****   {
 390:Drivers/STM32F0xx_HAL_Driver/Src/stm32f0xx_hal_uart.c ****     /* Allocate lock resource and initialize it */
 391:Drivers/STM32F0xx_HAL_Driver/Src/stm32f0xx_hal_uart.c ****     huart->Lock = HAL_UNLOCKED;
 392:Drivers/STM32F0xx_HAL_Driver/Src/stm32f0xx_hal_uart.c **** 
 393:Drivers/STM32F0xx_HAL_Driver/Src/stm32f0xx_hal_uart.c **** #if (USE_HAL_UART_REGISTER_CALLBACKS == 1)
 394:Drivers/STM32F0xx_HAL_Driver/Src/stm32f0xx_hal_uart.c ****     UART_InitCallbacksToDefault(huart);
 395:Drivers/STM32F0xx_HAL_Driver/Src/stm32f0xx_hal_uart.c **** 
 396:Drivers/STM32F0xx_HAL_Driver/Src/stm32f0xx_hal_uart.c ****     if (huart->MspInitCallback == NULL)
 397:Drivers/STM32F0xx_HAL_Driver/Src/stm32f0xx_hal_uart.c ****     {
 398:Drivers/STM32F0xx_HAL_Driver/Src/stm32f0xx_hal_uart.c ****       huart->MspInitCallback = HAL_UART_MspInit;
 399:Drivers/STM32F0xx_HAL_Driver/Src/stm32f0xx_hal_uart.c ****     }
 400:Drivers/STM32F0xx_HAL_Driver/Src/stm32f0xx_hal_uart.c **** 
 401:Drivers/STM32F0xx_HAL_Driver/Src/stm32f0xx_hal_uart.c ****     /* Init the low level hardware */
 402:Drivers/STM32F0xx_HAL_Driver/Src/stm32f0xx_hal_uart.c ****     huart->MspInitCallback(huart);
 403:Drivers/STM32F0xx_HAL_Driver/Src/stm32f0xx_hal_uart.c **** #else
 404:Drivers/STM32F0xx_HAL_Driver/Src/stm32f0xx_hal_uart.c ****     /* Init the low level hardware : GPIO, CLOCK */
 405:Drivers/STM32F0xx_HAL_Driver/Src/stm32f0xx_hal_uart.c ****     HAL_UART_MspInit(huart);
 406:Drivers/STM32F0xx_HAL_Driver/Src/stm32f0xx_hal_uart.c **** #endif /* (USE_HAL_UART_REGISTER_CALLBACKS) */
 407:Drivers/STM32F0xx_HAL_Driver/Src/stm32f0xx_hal_uart.c ****   }
 408:Drivers/STM32F0xx_HAL_Driver/Src/stm32f0xx_hal_uart.c **** 
 409:Drivers/STM32F0xx_HAL_Driver/Src/stm32f0xx_hal_uart.c ****   huart->gState = HAL_UART_STATE_BUSY;
 410:Drivers/STM32F0xx_HAL_Driver/Src/stm32f0xx_hal_uart.c **** 
 411:Drivers/STM32F0xx_HAL_Driver/Src/stm32f0xx_hal_uart.c ****   __HAL_UART_DISABLE(huart);
 412:Drivers/STM32F0xx_HAL_Driver/Src/stm32f0xx_hal_uart.c **** 
 413:Drivers/STM32F0xx_HAL_Driver/Src/stm32f0xx_hal_uart.c ****   /* Set the UART Communication parameters */
 414:Drivers/STM32F0xx_HAL_Driver/Src/stm32f0xx_hal_uart.c ****   if (UART_SetConfig(huart) == HAL_ERROR)
 415:Drivers/STM32F0xx_HAL_Driver/Src/stm32f0xx_hal_uart.c ****   {
 416:Drivers/STM32F0xx_HAL_Driver/Src/stm32f0xx_hal_uart.c ****     return HAL_ERROR;
 417:Drivers/STM32F0xx_HAL_Driver/Src/stm32f0xx_hal_uart.c ****   }
 418:Drivers/STM32F0xx_HAL_Driver/Src/stm32f0xx_hal_uart.c **** 
 419:Drivers/STM32F0xx_HAL_Driver/Src/stm32f0xx_hal_uart.c ****   if (huart->AdvancedInit.AdvFeatureInit != UART_ADVFEATURE_NO_INIT)
 420:Drivers/STM32F0xx_HAL_Driver/Src/stm32f0xx_hal_uart.c ****   {
 421:Drivers/STM32F0xx_HAL_Driver/Src/stm32f0xx_hal_uart.c ****     UART_AdvFeatureConfig(huart);
 422:Drivers/STM32F0xx_HAL_Driver/Src/stm32f0xx_hal_uart.c ****   }
 423:Drivers/STM32F0xx_HAL_Driver/Src/stm32f0xx_hal_uart.c **** 
 424:Drivers/STM32F0xx_HAL_Driver/Src/stm32f0xx_hal_uart.c ****   /* In half-duplex mode, the following bits must be kept cleared:
 425:Drivers/STM32F0xx_HAL_Driver/Src/stm32f0xx_hal_uart.c ****   - LINEN (if LIN is supported) and CLKEN bits in the USART_CR2 register,
 426:Drivers/STM32F0xx_HAL_Driver/Src/stm32f0xx_hal_uart.c ****   - SCEN (if Smartcard is supported) and IREN (if IrDA is supported) bits in the USART_CR3 register
 427:Drivers/STM32F0xx_HAL_Driver/Src/stm32f0xx_hal_uart.c **** #if defined (USART_CR2_LINEN)
 428:Drivers/STM32F0xx_HAL_Driver/Src/stm32f0xx_hal_uart.c ****   CLEAR_BIT(huart->Instance->CR2, (USART_CR2_LINEN | USART_CR2_CLKEN));
 429:Drivers/STM32F0xx_HAL_Driver/Src/stm32f0xx_hal_uart.c **** #else
 430:Drivers/STM32F0xx_HAL_Driver/Src/stm32f0xx_hal_uart.c ****   CLEAR_BIT(huart->Instance->CR2, USART_CR2_CLKEN);
 431:Drivers/STM32F0xx_HAL_Driver/Src/stm32f0xx_hal_uart.c **** #endif /* USART_CR2_LINEN */
ARM GAS  C:\Users\MINIGU~1\AppData\Local\Temp\cc3PAC1x.s 			page 9


 432:Drivers/STM32F0xx_HAL_Driver/Src/stm32f0xx_hal_uart.c **** #if defined (USART_CR3_SCEN)
 433:Drivers/STM32F0xx_HAL_Driver/Src/stm32f0xx_hal_uart.c **** #if defined (USART_CR3_IREN)
 434:Drivers/STM32F0xx_HAL_Driver/Src/stm32f0xx_hal_uart.c ****   CLEAR_BIT(huart->Instance->CR3, (USART_CR3_IREN | USART_CR3_SCEN));
 435:Drivers/STM32F0xx_HAL_Driver/Src/stm32f0xx_hal_uart.c **** #else
 436:Drivers/STM32F0xx_HAL_Driver/Src/stm32f0xx_hal_uart.c ****   CLEAR_BIT(huart->Instance->CR3, USART_CR3_SCEN);
 437:Drivers/STM32F0xx_HAL_Driver/Src/stm32f0xx_hal_uart.c **** #endif /* USART_CR3_IREN */
 438:Drivers/STM32F0xx_HAL_Driver/Src/stm32f0xx_hal_uart.c **** #else
 439:Drivers/STM32F0xx_HAL_Driver/Src/stm32f0xx_hal_uart.c **** #if defined (USART_CR3_IREN)
 440:Drivers/STM32F0xx_HAL_Driver/Src/stm32f0xx_hal_uart.c ****   CLEAR_BIT(huart->Instance->CR3, USART_CR3_IREN);
 441:Drivers/STM32F0xx_HAL_Driver/Src/stm32f0xx_hal_uart.c **** #endif /* USART_CR3_IREN */
 442:Drivers/STM32F0xx_HAL_Driver/Src/stm32f0xx_hal_uart.c **** #endif /* USART_CR3_SCEN */
 443:Drivers/STM32F0xx_HAL_Driver/Src/stm32f0xx_hal_uart.c **** 
 444:Drivers/STM32F0xx_HAL_Driver/Src/stm32f0xx_hal_uart.c ****   /* Enable the Half-Duplex mode by setting the HDSEL bit in the CR3 register */
 445:Drivers/STM32F0xx_HAL_Driver/Src/stm32f0xx_hal_uart.c ****   SET_BIT(huart->Instance->CR3, USART_CR3_HDSEL);
 446:Drivers/STM32F0xx_HAL_Driver/Src/stm32f0xx_hal_uart.c **** 
 447:Drivers/STM32F0xx_HAL_Driver/Src/stm32f0xx_hal_uart.c ****   __HAL_UART_ENABLE(huart);
 448:Drivers/STM32F0xx_HAL_Driver/Src/stm32f0xx_hal_uart.c **** 
 449:Drivers/STM32F0xx_HAL_Driver/Src/stm32f0xx_hal_uart.c ****   /* TEACK and/or REACK to check before moving huart->gState and huart->RxState to Ready */
 450:Drivers/STM32F0xx_HAL_Driver/Src/stm32f0xx_hal_uart.c ****   return (UART_CheckIdleState(huart));
 451:Drivers/STM32F0xx_HAL_Driver/Src/stm32f0xx_hal_uart.c **** }
 452:Drivers/STM32F0xx_HAL_Driver/Src/stm32f0xx_hal_uart.c **** 
 453:Drivers/STM32F0xx_HAL_Driver/Src/stm32f0xx_hal_uart.c **** 
 454:Drivers/STM32F0xx_HAL_Driver/Src/stm32f0xx_hal_uart.c **** #if   defined(USART_CR2_LINEN)
 455:Drivers/STM32F0xx_HAL_Driver/Src/stm32f0xx_hal_uart.c **** /**
 456:Drivers/STM32F0xx_HAL_Driver/Src/stm32f0xx_hal_uart.c ****   * @brief Initialize the LIN mode according to the specified
 457:Drivers/STM32F0xx_HAL_Driver/Src/stm32f0xx_hal_uart.c ****   *        parameters in the UART_InitTypeDef and creates the associated handle.
 458:Drivers/STM32F0xx_HAL_Driver/Src/stm32f0xx_hal_uart.c ****   * @param huart             UART handle.
 459:Drivers/STM32F0xx_HAL_Driver/Src/stm32f0xx_hal_uart.c ****   * @param BreakDetectLength Specifies the LIN break detection length.
 460:Drivers/STM32F0xx_HAL_Driver/Src/stm32f0xx_hal_uart.c ****   *        This parameter can be one of the following values:
 461:Drivers/STM32F0xx_HAL_Driver/Src/stm32f0xx_hal_uart.c ****   *          @arg @ref UART_LINBREAKDETECTLENGTH_10B 10-bit break detection
 462:Drivers/STM32F0xx_HAL_Driver/Src/stm32f0xx_hal_uart.c ****   *          @arg @ref UART_LINBREAKDETECTLENGTH_11B 11-bit break detection
 463:Drivers/STM32F0xx_HAL_Driver/Src/stm32f0xx_hal_uart.c ****   * @retval HAL status
 464:Drivers/STM32F0xx_HAL_Driver/Src/stm32f0xx_hal_uart.c ****   */
 465:Drivers/STM32F0xx_HAL_Driver/Src/stm32f0xx_hal_uart.c **** HAL_StatusTypeDef HAL_LIN_Init(UART_HandleTypeDef *huart, uint32_t BreakDetectLength)
 466:Drivers/STM32F0xx_HAL_Driver/Src/stm32f0xx_hal_uart.c **** {
 467:Drivers/STM32F0xx_HAL_Driver/Src/stm32f0xx_hal_uart.c ****   /* Check the UART handle allocation */
 468:Drivers/STM32F0xx_HAL_Driver/Src/stm32f0xx_hal_uart.c ****   if (huart == NULL)
 469:Drivers/STM32F0xx_HAL_Driver/Src/stm32f0xx_hal_uart.c ****   {
 470:Drivers/STM32F0xx_HAL_Driver/Src/stm32f0xx_hal_uart.c ****     return HAL_ERROR;
 471:Drivers/STM32F0xx_HAL_Driver/Src/stm32f0xx_hal_uart.c ****   }
 472:Drivers/STM32F0xx_HAL_Driver/Src/stm32f0xx_hal_uart.c **** 
 473:Drivers/STM32F0xx_HAL_Driver/Src/stm32f0xx_hal_uart.c ****   /* Check the LIN UART instance */
 474:Drivers/STM32F0xx_HAL_Driver/Src/stm32f0xx_hal_uart.c ****   assert_param(IS_UART_LIN_INSTANCE(huart->Instance));
 475:Drivers/STM32F0xx_HAL_Driver/Src/stm32f0xx_hal_uart.c ****   /* Check the Break detection length parameter */
 476:Drivers/STM32F0xx_HAL_Driver/Src/stm32f0xx_hal_uart.c ****   assert_param(IS_UART_LIN_BREAK_DETECT_LENGTH(BreakDetectLength));
 477:Drivers/STM32F0xx_HAL_Driver/Src/stm32f0xx_hal_uart.c **** 
 478:Drivers/STM32F0xx_HAL_Driver/Src/stm32f0xx_hal_uart.c ****   /* LIN mode limited to 16-bit oversampling only */
 479:Drivers/STM32F0xx_HAL_Driver/Src/stm32f0xx_hal_uart.c ****   if (huart->Init.OverSampling == UART_OVERSAMPLING_8)
 480:Drivers/STM32F0xx_HAL_Driver/Src/stm32f0xx_hal_uart.c ****   {
 481:Drivers/STM32F0xx_HAL_Driver/Src/stm32f0xx_hal_uart.c ****     return HAL_ERROR;
 482:Drivers/STM32F0xx_HAL_Driver/Src/stm32f0xx_hal_uart.c ****   }
 483:Drivers/STM32F0xx_HAL_Driver/Src/stm32f0xx_hal_uart.c ****   /* LIN mode limited to 8-bit data length */
 484:Drivers/STM32F0xx_HAL_Driver/Src/stm32f0xx_hal_uart.c ****   if (huart->Init.WordLength != UART_WORDLENGTH_8B)
 485:Drivers/STM32F0xx_HAL_Driver/Src/stm32f0xx_hal_uart.c ****   {
 486:Drivers/STM32F0xx_HAL_Driver/Src/stm32f0xx_hal_uart.c ****     return HAL_ERROR;
 487:Drivers/STM32F0xx_HAL_Driver/Src/stm32f0xx_hal_uart.c ****   }
 488:Drivers/STM32F0xx_HAL_Driver/Src/stm32f0xx_hal_uart.c **** 
ARM GAS  C:\Users\MINIGU~1\AppData\Local\Temp\cc3PAC1x.s 			page 10


 489:Drivers/STM32F0xx_HAL_Driver/Src/stm32f0xx_hal_uart.c ****   if (huart->gState == HAL_UART_STATE_RESET)
 490:Drivers/STM32F0xx_HAL_Driver/Src/stm32f0xx_hal_uart.c ****   {
 491:Drivers/STM32F0xx_HAL_Driver/Src/stm32f0xx_hal_uart.c ****     /* Allocate lock resource and initialize it */
 492:Drivers/STM32F0xx_HAL_Driver/Src/stm32f0xx_hal_uart.c ****     huart->Lock = HAL_UNLOCKED;
 493:Drivers/STM32F0xx_HAL_Driver/Src/stm32f0xx_hal_uart.c **** 
 494:Drivers/STM32F0xx_HAL_Driver/Src/stm32f0xx_hal_uart.c **** #if (USE_HAL_UART_REGISTER_CALLBACKS == 1)
 495:Drivers/STM32F0xx_HAL_Driver/Src/stm32f0xx_hal_uart.c ****     UART_InitCallbacksToDefault(huart);
 496:Drivers/STM32F0xx_HAL_Driver/Src/stm32f0xx_hal_uart.c **** 
 497:Drivers/STM32F0xx_HAL_Driver/Src/stm32f0xx_hal_uart.c ****     if (huart->MspInitCallback == NULL)
 498:Drivers/STM32F0xx_HAL_Driver/Src/stm32f0xx_hal_uart.c ****     {
 499:Drivers/STM32F0xx_HAL_Driver/Src/stm32f0xx_hal_uart.c ****       huart->MspInitCallback = HAL_UART_MspInit;
 500:Drivers/STM32F0xx_HAL_Driver/Src/stm32f0xx_hal_uart.c ****     }
 501:Drivers/STM32F0xx_HAL_Driver/Src/stm32f0xx_hal_uart.c **** 
 502:Drivers/STM32F0xx_HAL_Driver/Src/stm32f0xx_hal_uart.c ****     /* Init the low level hardware */
 503:Drivers/STM32F0xx_HAL_Driver/Src/stm32f0xx_hal_uart.c ****     huart->MspInitCallback(huart);
 504:Drivers/STM32F0xx_HAL_Driver/Src/stm32f0xx_hal_uart.c **** #else
 505:Drivers/STM32F0xx_HAL_Driver/Src/stm32f0xx_hal_uart.c ****     /* Init the low level hardware : GPIO, CLOCK */
 506:Drivers/STM32F0xx_HAL_Driver/Src/stm32f0xx_hal_uart.c ****     HAL_UART_MspInit(huart);
 507:Drivers/STM32F0xx_HAL_Driver/Src/stm32f0xx_hal_uart.c **** #endif /* (USE_HAL_UART_REGISTER_CALLBACKS) */
 508:Drivers/STM32F0xx_HAL_Driver/Src/stm32f0xx_hal_uart.c ****   }
 509:Drivers/STM32F0xx_HAL_Driver/Src/stm32f0xx_hal_uart.c **** 
 510:Drivers/STM32F0xx_HAL_Driver/Src/stm32f0xx_hal_uart.c ****   huart->gState = HAL_UART_STATE_BUSY;
 511:Drivers/STM32F0xx_HAL_Driver/Src/stm32f0xx_hal_uart.c **** 
 512:Drivers/STM32F0xx_HAL_Driver/Src/stm32f0xx_hal_uart.c ****   __HAL_UART_DISABLE(huart);
 513:Drivers/STM32F0xx_HAL_Driver/Src/stm32f0xx_hal_uart.c **** 
 514:Drivers/STM32F0xx_HAL_Driver/Src/stm32f0xx_hal_uart.c ****   /* Set the UART Communication parameters */
 515:Drivers/STM32F0xx_HAL_Driver/Src/stm32f0xx_hal_uart.c ****   if (UART_SetConfig(huart) == HAL_ERROR)
 516:Drivers/STM32F0xx_HAL_Driver/Src/stm32f0xx_hal_uart.c ****   {
 517:Drivers/STM32F0xx_HAL_Driver/Src/stm32f0xx_hal_uart.c ****     return HAL_ERROR;
 518:Drivers/STM32F0xx_HAL_Driver/Src/stm32f0xx_hal_uart.c ****   }
 519:Drivers/STM32F0xx_HAL_Driver/Src/stm32f0xx_hal_uart.c **** 
 520:Drivers/STM32F0xx_HAL_Driver/Src/stm32f0xx_hal_uart.c ****   if (huart->AdvancedInit.AdvFeatureInit != UART_ADVFEATURE_NO_INIT)
 521:Drivers/STM32F0xx_HAL_Driver/Src/stm32f0xx_hal_uart.c ****   {
 522:Drivers/STM32F0xx_HAL_Driver/Src/stm32f0xx_hal_uart.c ****     UART_AdvFeatureConfig(huart);
 523:Drivers/STM32F0xx_HAL_Driver/Src/stm32f0xx_hal_uart.c ****   }
 524:Drivers/STM32F0xx_HAL_Driver/Src/stm32f0xx_hal_uart.c **** 
 525:Drivers/STM32F0xx_HAL_Driver/Src/stm32f0xx_hal_uart.c ****   /* In LIN mode, the following bits must be kept cleared:
 526:Drivers/STM32F0xx_HAL_Driver/Src/stm32f0xx_hal_uart.c ****   - LINEN and CLKEN bits in the USART_CR2 register,
 527:Drivers/STM32F0xx_HAL_Driver/Src/stm32f0xx_hal_uart.c ****   - SCEN(if Smartcard is supported) and IREN(if IrDA is supported) bits in the USART_CR3 register.*
 528:Drivers/STM32F0xx_HAL_Driver/Src/stm32f0xx_hal_uart.c ****   CLEAR_BIT(huart->Instance->CR2, (USART_CR2_LINEN | USART_CR2_CLKEN));
 529:Drivers/STM32F0xx_HAL_Driver/Src/stm32f0xx_hal_uart.c **** #if defined (USART_CR3_SCEN)
 530:Drivers/STM32F0xx_HAL_Driver/Src/stm32f0xx_hal_uart.c **** #if defined (USART_CR3_IREN)
 531:Drivers/STM32F0xx_HAL_Driver/Src/stm32f0xx_hal_uart.c ****   CLEAR_BIT(huart->Instance->CR3, (USART_CR3_SCEN | USART_CR3_HDSEL | USART_CR3_IREN));
 532:Drivers/STM32F0xx_HAL_Driver/Src/stm32f0xx_hal_uart.c **** #else
 533:Drivers/STM32F0xx_HAL_Driver/Src/stm32f0xx_hal_uart.c ****   CLEAR_BIT(huart->Instance->CR3, (USART_CR3_SCEN | USART_CR3_HDSEL));
 534:Drivers/STM32F0xx_HAL_Driver/Src/stm32f0xx_hal_uart.c **** #endif /* USART_CR3_IREN */
 535:Drivers/STM32F0xx_HAL_Driver/Src/stm32f0xx_hal_uart.c **** #else
 536:Drivers/STM32F0xx_HAL_Driver/Src/stm32f0xx_hal_uart.c **** #if defined (USART_CR3_IREN)
 537:Drivers/STM32F0xx_HAL_Driver/Src/stm32f0xx_hal_uart.c ****   CLEAR_BIT(huart->Instance->CR3, (USART_CR3_HDSEL | USART_CR3_IREN));
 538:Drivers/STM32F0xx_HAL_Driver/Src/stm32f0xx_hal_uart.c **** #else
 539:Drivers/STM32F0xx_HAL_Driver/Src/stm32f0xx_hal_uart.c ****   CLEAR_BIT(huart->Instance->CR3, USART_CR3_HDSEL);
 540:Drivers/STM32F0xx_HAL_Driver/Src/stm32f0xx_hal_uart.c **** #endif /* USART_CR3_IREN*/
 541:Drivers/STM32F0xx_HAL_Driver/Src/stm32f0xx_hal_uart.c **** #endif /* USART_CR3_SCEN */
 542:Drivers/STM32F0xx_HAL_Driver/Src/stm32f0xx_hal_uart.c **** 
 543:Drivers/STM32F0xx_HAL_Driver/Src/stm32f0xx_hal_uart.c ****   /* Enable the LIN mode by setting the LINEN bit in the CR2 register */
 544:Drivers/STM32F0xx_HAL_Driver/Src/stm32f0xx_hal_uart.c ****   SET_BIT(huart->Instance->CR2, USART_CR2_LINEN);
 545:Drivers/STM32F0xx_HAL_Driver/Src/stm32f0xx_hal_uart.c **** 
ARM GAS  C:\Users\MINIGU~1\AppData\Local\Temp\cc3PAC1x.s 			page 11


 546:Drivers/STM32F0xx_HAL_Driver/Src/stm32f0xx_hal_uart.c ****   /* Set the USART LIN Break detection length. */
 547:Drivers/STM32F0xx_HAL_Driver/Src/stm32f0xx_hal_uart.c ****   MODIFY_REG(huart->Instance->CR2, USART_CR2_LBDL, BreakDetectLength);
 548:Drivers/STM32F0xx_HAL_Driver/Src/stm32f0xx_hal_uart.c **** 
 549:Drivers/STM32F0xx_HAL_Driver/Src/stm32f0xx_hal_uart.c ****   __HAL_UART_ENABLE(huart);
 550:Drivers/STM32F0xx_HAL_Driver/Src/stm32f0xx_hal_uart.c **** 
 551:Drivers/STM32F0xx_HAL_Driver/Src/stm32f0xx_hal_uart.c ****   /* TEACK and/or REACK to check before moving huart->gState and huart->RxState to Ready */
 552:Drivers/STM32F0xx_HAL_Driver/Src/stm32f0xx_hal_uart.c ****   return (UART_CheckIdleState(huart));
 553:Drivers/STM32F0xx_HAL_Driver/Src/stm32f0xx_hal_uart.c **** }
 554:Drivers/STM32F0xx_HAL_Driver/Src/stm32f0xx_hal_uart.c **** #endif /* USART_CR2_LINEN */
 555:Drivers/STM32F0xx_HAL_Driver/Src/stm32f0xx_hal_uart.c **** 
 556:Drivers/STM32F0xx_HAL_Driver/Src/stm32f0xx_hal_uart.c **** 
 557:Drivers/STM32F0xx_HAL_Driver/Src/stm32f0xx_hal_uart.c **** /**
 558:Drivers/STM32F0xx_HAL_Driver/Src/stm32f0xx_hal_uart.c ****   * @brief Initialize the multiprocessor mode according to the specified
 559:Drivers/STM32F0xx_HAL_Driver/Src/stm32f0xx_hal_uart.c ****   *        parameters in the UART_InitTypeDef and initialize the associated handle.
 560:Drivers/STM32F0xx_HAL_Driver/Src/stm32f0xx_hal_uart.c ****   * @param huart        UART handle.
 561:Drivers/STM32F0xx_HAL_Driver/Src/stm32f0xx_hal_uart.c ****   * @param Address      UART node address (4-, 6-, 7- or 8-bit long).
 562:Drivers/STM32F0xx_HAL_Driver/Src/stm32f0xx_hal_uart.c ****   * @param WakeUpMethod Specifies the UART wakeup method.
 563:Drivers/STM32F0xx_HAL_Driver/Src/stm32f0xx_hal_uart.c ****   *        This parameter can be one of the following values:
 564:Drivers/STM32F0xx_HAL_Driver/Src/stm32f0xx_hal_uart.c ****   *          @arg @ref UART_WAKEUPMETHOD_IDLELINE WakeUp by an idle line detection
 565:Drivers/STM32F0xx_HAL_Driver/Src/stm32f0xx_hal_uart.c ****   *          @arg @ref UART_WAKEUPMETHOD_ADDRESSMARK WakeUp by an address mark
 566:Drivers/STM32F0xx_HAL_Driver/Src/stm32f0xx_hal_uart.c ****   * @note  If the user resorts to idle line detection wake up, the Address parameter
 567:Drivers/STM32F0xx_HAL_Driver/Src/stm32f0xx_hal_uart.c ****   *        is useless and ignored by the initialization function.
 568:Drivers/STM32F0xx_HAL_Driver/Src/stm32f0xx_hal_uart.c ****   * @note  If the user resorts to address mark wake up, the address length detection
 569:Drivers/STM32F0xx_HAL_Driver/Src/stm32f0xx_hal_uart.c ****   *        is configured by default to 4 bits only. For the UART to be able to
 570:Drivers/STM32F0xx_HAL_Driver/Src/stm32f0xx_hal_uart.c ****   *        manage 6-, 7- or 8-bit long addresses detection, the API
 571:Drivers/STM32F0xx_HAL_Driver/Src/stm32f0xx_hal_uart.c ****   *        HAL_MultiProcessorEx_AddressLength_Set() must be called after
 572:Drivers/STM32F0xx_HAL_Driver/Src/stm32f0xx_hal_uart.c ****   *        HAL_MultiProcessor_Init().
 573:Drivers/STM32F0xx_HAL_Driver/Src/stm32f0xx_hal_uart.c ****   * @retval HAL status
 574:Drivers/STM32F0xx_HAL_Driver/Src/stm32f0xx_hal_uart.c ****   */
 575:Drivers/STM32F0xx_HAL_Driver/Src/stm32f0xx_hal_uart.c **** HAL_StatusTypeDef HAL_MultiProcessor_Init(UART_HandleTypeDef *huart, uint8_t Address, uint32_t Wake
 576:Drivers/STM32F0xx_HAL_Driver/Src/stm32f0xx_hal_uart.c **** {
 577:Drivers/STM32F0xx_HAL_Driver/Src/stm32f0xx_hal_uart.c ****   /* Check the UART handle allocation */
 578:Drivers/STM32F0xx_HAL_Driver/Src/stm32f0xx_hal_uart.c ****   if (huart == NULL)
 579:Drivers/STM32F0xx_HAL_Driver/Src/stm32f0xx_hal_uart.c ****   {
 580:Drivers/STM32F0xx_HAL_Driver/Src/stm32f0xx_hal_uart.c ****     return HAL_ERROR;
 581:Drivers/STM32F0xx_HAL_Driver/Src/stm32f0xx_hal_uart.c ****   }
 582:Drivers/STM32F0xx_HAL_Driver/Src/stm32f0xx_hal_uart.c **** 
 583:Drivers/STM32F0xx_HAL_Driver/Src/stm32f0xx_hal_uart.c ****   /* Check the wake up method parameter */
 584:Drivers/STM32F0xx_HAL_Driver/Src/stm32f0xx_hal_uart.c ****   assert_param(IS_UART_WAKEUPMETHOD(WakeUpMethod));
 585:Drivers/STM32F0xx_HAL_Driver/Src/stm32f0xx_hal_uart.c **** 
 586:Drivers/STM32F0xx_HAL_Driver/Src/stm32f0xx_hal_uart.c ****   if (huart->gState == HAL_UART_STATE_RESET)
 587:Drivers/STM32F0xx_HAL_Driver/Src/stm32f0xx_hal_uart.c ****   {
 588:Drivers/STM32F0xx_HAL_Driver/Src/stm32f0xx_hal_uart.c ****     /* Allocate lock resource and initialize it */
 589:Drivers/STM32F0xx_HAL_Driver/Src/stm32f0xx_hal_uart.c ****     huart->Lock = HAL_UNLOCKED;
 590:Drivers/STM32F0xx_HAL_Driver/Src/stm32f0xx_hal_uart.c **** 
 591:Drivers/STM32F0xx_HAL_Driver/Src/stm32f0xx_hal_uart.c **** #if (USE_HAL_UART_REGISTER_CALLBACKS == 1)
 592:Drivers/STM32F0xx_HAL_Driver/Src/stm32f0xx_hal_uart.c ****     UART_InitCallbacksToDefault(huart);
 593:Drivers/STM32F0xx_HAL_Driver/Src/stm32f0xx_hal_uart.c **** 
 594:Drivers/STM32F0xx_HAL_Driver/Src/stm32f0xx_hal_uart.c ****     if (huart->MspInitCallback == NULL)
 595:Drivers/STM32F0xx_HAL_Driver/Src/stm32f0xx_hal_uart.c ****     {
 596:Drivers/STM32F0xx_HAL_Driver/Src/stm32f0xx_hal_uart.c ****       huart->MspInitCallback = HAL_UART_MspInit;
 597:Drivers/STM32F0xx_HAL_Driver/Src/stm32f0xx_hal_uart.c ****     }
 598:Drivers/STM32F0xx_HAL_Driver/Src/stm32f0xx_hal_uart.c **** 
 599:Drivers/STM32F0xx_HAL_Driver/Src/stm32f0xx_hal_uart.c ****     /* Init the low level hardware */
 600:Drivers/STM32F0xx_HAL_Driver/Src/stm32f0xx_hal_uart.c ****     huart->MspInitCallback(huart);
 601:Drivers/STM32F0xx_HAL_Driver/Src/stm32f0xx_hal_uart.c **** #else
 602:Drivers/STM32F0xx_HAL_Driver/Src/stm32f0xx_hal_uart.c ****     /* Init the low level hardware : GPIO, CLOCK */
ARM GAS  C:\Users\MINIGU~1\AppData\Local\Temp\cc3PAC1x.s 			page 12


 603:Drivers/STM32F0xx_HAL_Driver/Src/stm32f0xx_hal_uart.c ****     HAL_UART_MspInit(huart);
 604:Drivers/STM32F0xx_HAL_Driver/Src/stm32f0xx_hal_uart.c **** #endif /* (USE_HAL_UART_REGISTER_CALLBACKS) */
 605:Drivers/STM32F0xx_HAL_Driver/Src/stm32f0xx_hal_uart.c ****   }
 606:Drivers/STM32F0xx_HAL_Driver/Src/stm32f0xx_hal_uart.c **** 
 607:Drivers/STM32F0xx_HAL_Driver/Src/stm32f0xx_hal_uart.c ****   huart->gState = HAL_UART_STATE_BUSY;
 608:Drivers/STM32F0xx_HAL_Driver/Src/stm32f0xx_hal_uart.c **** 
 609:Drivers/STM32F0xx_HAL_Driver/Src/stm32f0xx_hal_uart.c ****   __HAL_UART_DISABLE(huart);
 610:Drivers/STM32F0xx_HAL_Driver/Src/stm32f0xx_hal_uart.c **** 
 611:Drivers/STM32F0xx_HAL_Driver/Src/stm32f0xx_hal_uart.c ****   /* Set the UART Communication parameters */
 612:Drivers/STM32F0xx_HAL_Driver/Src/stm32f0xx_hal_uart.c ****   if (UART_SetConfig(huart) == HAL_ERROR)
 613:Drivers/STM32F0xx_HAL_Driver/Src/stm32f0xx_hal_uart.c ****   {
 614:Drivers/STM32F0xx_HAL_Driver/Src/stm32f0xx_hal_uart.c ****     return HAL_ERROR;
 615:Drivers/STM32F0xx_HAL_Driver/Src/stm32f0xx_hal_uart.c ****   }
 616:Drivers/STM32F0xx_HAL_Driver/Src/stm32f0xx_hal_uart.c **** 
 617:Drivers/STM32F0xx_HAL_Driver/Src/stm32f0xx_hal_uart.c ****   if (huart->AdvancedInit.AdvFeatureInit != UART_ADVFEATURE_NO_INIT)
 618:Drivers/STM32F0xx_HAL_Driver/Src/stm32f0xx_hal_uart.c ****   {
 619:Drivers/STM32F0xx_HAL_Driver/Src/stm32f0xx_hal_uart.c ****     UART_AdvFeatureConfig(huart);
 620:Drivers/STM32F0xx_HAL_Driver/Src/stm32f0xx_hal_uart.c ****   }
 621:Drivers/STM32F0xx_HAL_Driver/Src/stm32f0xx_hal_uart.c **** 
 622:Drivers/STM32F0xx_HAL_Driver/Src/stm32f0xx_hal_uart.c ****   /* In multiprocessor mode, the following bits must be kept cleared:
 623:Drivers/STM32F0xx_HAL_Driver/Src/stm32f0xx_hal_uart.c ****   - LINEN (if LIN is supported) and CLKEN bits in the USART_CR2 register,
 624:Drivers/STM32F0xx_HAL_Driver/Src/stm32f0xx_hal_uart.c ****   - SCEN (if Smartcard is supported), HDSEL and IREN (if IrDA is supported) bits in the USART_CR3 r
 625:Drivers/STM32F0xx_HAL_Driver/Src/stm32f0xx_hal_uart.c **** #if defined (USART_CR2_LINEN)
 626:Drivers/STM32F0xx_HAL_Driver/Src/stm32f0xx_hal_uart.c ****   CLEAR_BIT(huart->Instance->CR2, (USART_CR2_LINEN | USART_CR2_CLKEN));
 627:Drivers/STM32F0xx_HAL_Driver/Src/stm32f0xx_hal_uart.c **** #else
 628:Drivers/STM32F0xx_HAL_Driver/Src/stm32f0xx_hal_uart.c ****   CLEAR_BIT(huart->Instance->CR2, USART_CR2_CLKEN);
 629:Drivers/STM32F0xx_HAL_Driver/Src/stm32f0xx_hal_uart.c **** #endif /* USART_CR2_LINEN */
 630:Drivers/STM32F0xx_HAL_Driver/Src/stm32f0xx_hal_uart.c **** #if defined (USART_CR3_SCEN)
 631:Drivers/STM32F0xx_HAL_Driver/Src/stm32f0xx_hal_uart.c **** #if defined (USART_CR3_IREN)
 632:Drivers/STM32F0xx_HAL_Driver/Src/stm32f0xx_hal_uart.c ****   CLEAR_BIT(huart->Instance->CR3, (USART_CR3_SCEN | USART_CR3_HDSEL | USART_CR3_IREN));
 633:Drivers/STM32F0xx_HAL_Driver/Src/stm32f0xx_hal_uart.c **** #else
 634:Drivers/STM32F0xx_HAL_Driver/Src/stm32f0xx_hal_uart.c ****   CLEAR_BIT(huart->Instance->CR3, (USART_CR3_SCEN | USART_CR3_HDSEL));
 635:Drivers/STM32F0xx_HAL_Driver/Src/stm32f0xx_hal_uart.c **** #endif /* USART_CR3_IREN */
 636:Drivers/STM32F0xx_HAL_Driver/Src/stm32f0xx_hal_uart.c **** #else
 637:Drivers/STM32F0xx_HAL_Driver/Src/stm32f0xx_hal_uart.c **** #if defined (USART_CR3_IREN)
 638:Drivers/STM32F0xx_HAL_Driver/Src/stm32f0xx_hal_uart.c ****   CLEAR_BIT(huart->Instance->CR3, (USART_CR3_HDSEL | USART_CR3_IREN));
 639:Drivers/STM32F0xx_HAL_Driver/Src/stm32f0xx_hal_uart.c **** #else
 640:Drivers/STM32F0xx_HAL_Driver/Src/stm32f0xx_hal_uart.c ****   CLEAR_BIT(huart->Instance->CR3, USART_CR3_HDSEL);
 641:Drivers/STM32F0xx_HAL_Driver/Src/stm32f0xx_hal_uart.c **** #endif /* USART_CR3_IREN */
 642:Drivers/STM32F0xx_HAL_Driver/Src/stm32f0xx_hal_uart.c **** #endif /* USART_CR3_SCEN */
 643:Drivers/STM32F0xx_HAL_Driver/Src/stm32f0xx_hal_uart.c **** 
 644:Drivers/STM32F0xx_HAL_Driver/Src/stm32f0xx_hal_uart.c ****   if (WakeUpMethod == UART_WAKEUPMETHOD_ADDRESSMARK)
 645:Drivers/STM32F0xx_HAL_Driver/Src/stm32f0xx_hal_uart.c ****   {
 646:Drivers/STM32F0xx_HAL_Driver/Src/stm32f0xx_hal_uart.c ****     /* If address mark wake up method is chosen, set the USART address node */
 647:Drivers/STM32F0xx_HAL_Driver/Src/stm32f0xx_hal_uart.c ****     MODIFY_REG(huart->Instance->CR2, USART_CR2_ADD, ((uint32_t)Address << UART_CR2_ADDRESS_LSB_POS)
 648:Drivers/STM32F0xx_HAL_Driver/Src/stm32f0xx_hal_uart.c ****   }
 649:Drivers/STM32F0xx_HAL_Driver/Src/stm32f0xx_hal_uart.c **** 
 650:Drivers/STM32F0xx_HAL_Driver/Src/stm32f0xx_hal_uart.c ****   /* Set the wake up method by setting the WAKE bit in the CR1 register */
 651:Drivers/STM32F0xx_HAL_Driver/Src/stm32f0xx_hal_uart.c ****   MODIFY_REG(huart->Instance->CR1, USART_CR1_WAKE, WakeUpMethod);
 652:Drivers/STM32F0xx_HAL_Driver/Src/stm32f0xx_hal_uart.c **** 
 653:Drivers/STM32F0xx_HAL_Driver/Src/stm32f0xx_hal_uart.c ****   __HAL_UART_ENABLE(huart);
 654:Drivers/STM32F0xx_HAL_Driver/Src/stm32f0xx_hal_uart.c **** 
 655:Drivers/STM32F0xx_HAL_Driver/Src/stm32f0xx_hal_uart.c ****   /* TEACK and/or REACK to check before moving huart->gState and huart->RxState to Ready */
 656:Drivers/STM32F0xx_HAL_Driver/Src/stm32f0xx_hal_uart.c ****   return (UART_CheckIdleState(huart));
 657:Drivers/STM32F0xx_HAL_Driver/Src/stm32f0xx_hal_uart.c **** }
 658:Drivers/STM32F0xx_HAL_Driver/Src/stm32f0xx_hal_uart.c **** 
 659:Drivers/STM32F0xx_HAL_Driver/Src/stm32f0xx_hal_uart.c **** 
ARM GAS  C:\Users\MINIGU~1\AppData\Local\Temp\cc3PAC1x.s 			page 13


 660:Drivers/STM32F0xx_HAL_Driver/Src/stm32f0xx_hal_uart.c **** /**
 661:Drivers/STM32F0xx_HAL_Driver/Src/stm32f0xx_hal_uart.c ****   * @brief DeInitialize the UART peripheral.
 662:Drivers/STM32F0xx_HAL_Driver/Src/stm32f0xx_hal_uart.c ****   * @param huart UART handle.
 663:Drivers/STM32F0xx_HAL_Driver/Src/stm32f0xx_hal_uart.c ****   * @retval HAL status
 664:Drivers/STM32F0xx_HAL_Driver/Src/stm32f0xx_hal_uart.c ****   */
 665:Drivers/STM32F0xx_HAL_Driver/Src/stm32f0xx_hal_uart.c **** HAL_StatusTypeDef HAL_UART_DeInit(UART_HandleTypeDef *huart)
 666:Drivers/STM32F0xx_HAL_Driver/Src/stm32f0xx_hal_uart.c **** {
 667:Drivers/STM32F0xx_HAL_Driver/Src/stm32f0xx_hal_uart.c ****   /* Check the UART handle allocation */
 668:Drivers/STM32F0xx_HAL_Driver/Src/stm32f0xx_hal_uart.c ****   if (huart == NULL)
 669:Drivers/STM32F0xx_HAL_Driver/Src/stm32f0xx_hal_uart.c ****   {
 670:Drivers/STM32F0xx_HAL_Driver/Src/stm32f0xx_hal_uart.c ****     return HAL_ERROR;
 671:Drivers/STM32F0xx_HAL_Driver/Src/stm32f0xx_hal_uart.c ****   }
 672:Drivers/STM32F0xx_HAL_Driver/Src/stm32f0xx_hal_uart.c **** 
 673:Drivers/STM32F0xx_HAL_Driver/Src/stm32f0xx_hal_uart.c ****   /* Check the parameters */
 674:Drivers/STM32F0xx_HAL_Driver/Src/stm32f0xx_hal_uart.c ****   assert_param(IS_UART_INSTANCE(huart->Instance));
 675:Drivers/STM32F0xx_HAL_Driver/Src/stm32f0xx_hal_uart.c **** 
 676:Drivers/STM32F0xx_HAL_Driver/Src/stm32f0xx_hal_uart.c ****   huart->gState = HAL_UART_STATE_BUSY;
 677:Drivers/STM32F0xx_HAL_Driver/Src/stm32f0xx_hal_uart.c **** 
 678:Drivers/STM32F0xx_HAL_Driver/Src/stm32f0xx_hal_uart.c ****   __HAL_UART_DISABLE(huart);
 679:Drivers/STM32F0xx_HAL_Driver/Src/stm32f0xx_hal_uart.c **** 
 680:Drivers/STM32F0xx_HAL_Driver/Src/stm32f0xx_hal_uart.c ****   huart->Instance->CR1 = 0x0U;
 681:Drivers/STM32F0xx_HAL_Driver/Src/stm32f0xx_hal_uart.c ****   huart->Instance->CR2 = 0x0U;
 682:Drivers/STM32F0xx_HAL_Driver/Src/stm32f0xx_hal_uart.c ****   huart->Instance->CR3 = 0x0U;
 683:Drivers/STM32F0xx_HAL_Driver/Src/stm32f0xx_hal_uart.c **** 
 684:Drivers/STM32F0xx_HAL_Driver/Src/stm32f0xx_hal_uart.c **** #if (USE_HAL_UART_REGISTER_CALLBACKS == 1)
 685:Drivers/STM32F0xx_HAL_Driver/Src/stm32f0xx_hal_uart.c ****   if (huart->MspDeInitCallback == NULL)
 686:Drivers/STM32F0xx_HAL_Driver/Src/stm32f0xx_hal_uart.c ****   {
 687:Drivers/STM32F0xx_HAL_Driver/Src/stm32f0xx_hal_uart.c ****     huart->MspDeInitCallback = HAL_UART_MspDeInit;
 688:Drivers/STM32F0xx_HAL_Driver/Src/stm32f0xx_hal_uart.c ****   }
 689:Drivers/STM32F0xx_HAL_Driver/Src/stm32f0xx_hal_uart.c ****   /* DeInit the low level hardware */
 690:Drivers/STM32F0xx_HAL_Driver/Src/stm32f0xx_hal_uart.c ****   huart->MspDeInitCallback(huart);
 691:Drivers/STM32F0xx_HAL_Driver/Src/stm32f0xx_hal_uart.c **** #else
 692:Drivers/STM32F0xx_HAL_Driver/Src/stm32f0xx_hal_uart.c ****   /* DeInit the low level hardware */
 693:Drivers/STM32F0xx_HAL_Driver/Src/stm32f0xx_hal_uart.c ****   HAL_UART_MspDeInit(huart);
 694:Drivers/STM32F0xx_HAL_Driver/Src/stm32f0xx_hal_uart.c **** #endif /* (USE_HAL_UART_REGISTER_CALLBACKS) */
 695:Drivers/STM32F0xx_HAL_Driver/Src/stm32f0xx_hal_uart.c **** 
 696:Drivers/STM32F0xx_HAL_Driver/Src/stm32f0xx_hal_uart.c ****   huart->ErrorCode = HAL_UART_ERROR_NONE;
 697:Drivers/STM32F0xx_HAL_Driver/Src/stm32f0xx_hal_uart.c ****   huart->gState = HAL_UART_STATE_RESET;
 698:Drivers/STM32F0xx_HAL_Driver/Src/stm32f0xx_hal_uart.c ****   huart->RxState = HAL_UART_STATE_RESET;
 699:Drivers/STM32F0xx_HAL_Driver/Src/stm32f0xx_hal_uart.c ****   huart->ReceptionType = HAL_UART_RECEPTION_STANDARD;
 700:Drivers/STM32F0xx_HAL_Driver/Src/stm32f0xx_hal_uart.c **** 
 701:Drivers/STM32F0xx_HAL_Driver/Src/stm32f0xx_hal_uart.c ****   __HAL_UNLOCK(huart);
 702:Drivers/STM32F0xx_HAL_Driver/Src/stm32f0xx_hal_uart.c **** 
 703:Drivers/STM32F0xx_HAL_Driver/Src/stm32f0xx_hal_uart.c ****   return HAL_OK;
 704:Drivers/STM32F0xx_HAL_Driver/Src/stm32f0xx_hal_uart.c **** }
 705:Drivers/STM32F0xx_HAL_Driver/Src/stm32f0xx_hal_uart.c **** 
 706:Drivers/STM32F0xx_HAL_Driver/Src/stm32f0xx_hal_uart.c **** /**
 707:Drivers/STM32F0xx_HAL_Driver/Src/stm32f0xx_hal_uart.c ****   * @brief Initialize the UART MSP.
 708:Drivers/STM32F0xx_HAL_Driver/Src/stm32f0xx_hal_uart.c ****   * @param huart UART handle.
 709:Drivers/STM32F0xx_HAL_Driver/Src/stm32f0xx_hal_uart.c ****   * @retval None
 710:Drivers/STM32F0xx_HAL_Driver/Src/stm32f0xx_hal_uart.c ****   */
 711:Drivers/STM32F0xx_HAL_Driver/Src/stm32f0xx_hal_uart.c **** __weak void HAL_UART_MspInit(UART_HandleTypeDef *huart)
 712:Drivers/STM32F0xx_HAL_Driver/Src/stm32f0xx_hal_uart.c **** {
 713:Drivers/STM32F0xx_HAL_Driver/Src/stm32f0xx_hal_uart.c ****   /* Prevent unused argument(s) compilation warning */
 714:Drivers/STM32F0xx_HAL_Driver/Src/stm32f0xx_hal_uart.c ****   UNUSED(huart);
 715:Drivers/STM32F0xx_HAL_Driver/Src/stm32f0xx_hal_uart.c **** 
 716:Drivers/STM32F0xx_HAL_Driver/Src/stm32f0xx_hal_uart.c ****   /* NOTE : This function should not be modified, when the callback is needed,
ARM GAS  C:\Users\MINIGU~1\AppData\Local\Temp\cc3PAC1x.s 			page 14


 717:Drivers/STM32F0xx_HAL_Driver/Src/stm32f0xx_hal_uart.c ****             the HAL_UART_MspInit can be implemented in the user file
 718:Drivers/STM32F0xx_HAL_Driver/Src/stm32f0xx_hal_uart.c ****    */
 719:Drivers/STM32F0xx_HAL_Driver/Src/stm32f0xx_hal_uart.c **** }
 720:Drivers/STM32F0xx_HAL_Driver/Src/stm32f0xx_hal_uart.c **** 
 721:Drivers/STM32F0xx_HAL_Driver/Src/stm32f0xx_hal_uart.c **** /**
 722:Drivers/STM32F0xx_HAL_Driver/Src/stm32f0xx_hal_uart.c ****   * @brief DeInitialize the UART MSP.
 723:Drivers/STM32F0xx_HAL_Driver/Src/stm32f0xx_hal_uart.c ****   * @param huart UART handle.
 724:Drivers/STM32F0xx_HAL_Driver/Src/stm32f0xx_hal_uart.c ****   * @retval None
 725:Drivers/STM32F0xx_HAL_Driver/Src/stm32f0xx_hal_uart.c ****   */
 726:Drivers/STM32F0xx_HAL_Driver/Src/stm32f0xx_hal_uart.c **** __weak void HAL_UART_MspDeInit(UART_HandleTypeDef *huart)
 727:Drivers/STM32F0xx_HAL_Driver/Src/stm32f0xx_hal_uart.c **** {
 728:Drivers/STM32F0xx_HAL_Driver/Src/stm32f0xx_hal_uart.c ****   /* Prevent unused argument(s) compilation warning */
 729:Drivers/STM32F0xx_HAL_Driver/Src/stm32f0xx_hal_uart.c ****   UNUSED(huart);
 730:Drivers/STM32F0xx_HAL_Driver/Src/stm32f0xx_hal_uart.c **** 
 731:Drivers/STM32F0xx_HAL_Driver/Src/stm32f0xx_hal_uart.c ****   /* NOTE : This function should not be modified, when the callback is needed,
 732:Drivers/STM32F0xx_HAL_Driver/Src/stm32f0xx_hal_uart.c ****             the HAL_UART_MspDeInit can be implemented in the user file
 733:Drivers/STM32F0xx_HAL_Driver/Src/stm32f0xx_hal_uart.c ****    */
 734:Drivers/STM32F0xx_HAL_Driver/Src/stm32f0xx_hal_uart.c **** }
 735:Drivers/STM32F0xx_HAL_Driver/Src/stm32f0xx_hal_uart.c **** 
 736:Drivers/STM32F0xx_HAL_Driver/Src/stm32f0xx_hal_uart.c **** #if (USE_HAL_UART_REGISTER_CALLBACKS == 1)
 737:Drivers/STM32F0xx_HAL_Driver/Src/stm32f0xx_hal_uart.c **** /**
 738:Drivers/STM32F0xx_HAL_Driver/Src/stm32f0xx_hal_uart.c ****   * @brief  Register a User UART Callback
 739:Drivers/STM32F0xx_HAL_Driver/Src/stm32f0xx_hal_uart.c ****   *         To be used instead of the weak predefined callback
 740:Drivers/STM32F0xx_HAL_Driver/Src/stm32f0xx_hal_uart.c ****   * @param  huart uart handle
 741:Drivers/STM32F0xx_HAL_Driver/Src/stm32f0xx_hal_uart.c ****   * @param  CallbackID ID of the callback to be registered
 742:Drivers/STM32F0xx_HAL_Driver/Src/stm32f0xx_hal_uart.c ****   *         This parameter can be one of the following values:
 743:Drivers/STM32F0xx_HAL_Driver/Src/stm32f0xx_hal_uart.c ****   *           @arg @ref HAL_UART_TX_HALFCOMPLETE_CB_ID Tx Half Complete Callback ID
 744:Drivers/STM32F0xx_HAL_Driver/Src/stm32f0xx_hal_uart.c ****   *           @arg @ref HAL_UART_TX_COMPLETE_CB_ID Tx Complete Callback ID
 745:Drivers/STM32F0xx_HAL_Driver/Src/stm32f0xx_hal_uart.c ****   *           @arg @ref HAL_UART_RX_HALFCOMPLETE_CB_ID Rx Half Complete Callback ID
 746:Drivers/STM32F0xx_HAL_Driver/Src/stm32f0xx_hal_uart.c ****   *           @arg @ref HAL_UART_RX_COMPLETE_CB_ID Rx Complete Callback ID
 747:Drivers/STM32F0xx_HAL_Driver/Src/stm32f0xx_hal_uart.c ****   *           @arg @ref HAL_UART_ERROR_CB_ID Error Callback ID
 748:Drivers/STM32F0xx_HAL_Driver/Src/stm32f0xx_hal_uart.c ****   *           @arg @ref HAL_UART_ABORT_COMPLETE_CB_ID Abort Complete Callback ID
 749:Drivers/STM32F0xx_HAL_Driver/Src/stm32f0xx_hal_uart.c ****   *           @arg @ref HAL_UART_ABORT_TRANSMIT_COMPLETE_CB_ID Abort Transmit Complete Callback ID
 750:Drivers/STM32F0xx_HAL_Driver/Src/stm32f0xx_hal_uart.c ****   *           @arg @ref HAL_UART_ABORT_RECEIVE_COMPLETE_CB_ID Abort Receive Complete Callback ID
 751:Drivers/STM32F0xx_HAL_Driver/Src/stm32f0xx_hal_uart.c ****   *           @arg @ref HAL_UART_WAKEUP_CB_ID Wakeup Callback ID
 752:Drivers/STM32F0xx_HAL_Driver/Src/stm32f0xx_hal_uart.c ****   *           @arg @ref HAL_UART_MSPINIT_CB_ID MspInit Callback ID
 753:Drivers/STM32F0xx_HAL_Driver/Src/stm32f0xx_hal_uart.c ****   *           @arg @ref HAL_UART_MSPDEINIT_CB_ID MspDeInit Callback ID
 754:Drivers/STM32F0xx_HAL_Driver/Src/stm32f0xx_hal_uart.c ****   * @param  pCallback pointer to the Callback function
 755:Drivers/STM32F0xx_HAL_Driver/Src/stm32f0xx_hal_uart.c ****   * @retval HAL status
 756:Drivers/STM32F0xx_HAL_Driver/Src/stm32f0xx_hal_uart.c ****   */
 757:Drivers/STM32F0xx_HAL_Driver/Src/stm32f0xx_hal_uart.c **** HAL_StatusTypeDef HAL_UART_RegisterCallback(UART_HandleTypeDef *huart, HAL_UART_CallbackIDTypeDef C
 758:Drivers/STM32F0xx_HAL_Driver/Src/stm32f0xx_hal_uart.c ****                                             pUART_CallbackTypeDef pCallback)
 759:Drivers/STM32F0xx_HAL_Driver/Src/stm32f0xx_hal_uart.c **** {
 760:Drivers/STM32F0xx_HAL_Driver/Src/stm32f0xx_hal_uart.c ****   HAL_StatusTypeDef status = HAL_OK;
 761:Drivers/STM32F0xx_HAL_Driver/Src/stm32f0xx_hal_uart.c **** 
 762:Drivers/STM32F0xx_HAL_Driver/Src/stm32f0xx_hal_uart.c ****   if (pCallback == NULL)
 763:Drivers/STM32F0xx_HAL_Driver/Src/stm32f0xx_hal_uart.c ****   {
 764:Drivers/STM32F0xx_HAL_Driver/Src/stm32f0xx_hal_uart.c ****     huart->ErrorCode |= HAL_UART_ERROR_INVALID_CALLBACK;
 765:Drivers/STM32F0xx_HAL_Driver/Src/stm32f0xx_hal_uart.c **** 
 766:Drivers/STM32F0xx_HAL_Driver/Src/stm32f0xx_hal_uart.c ****     return HAL_ERROR;
 767:Drivers/STM32F0xx_HAL_Driver/Src/stm32f0xx_hal_uart.c ****   }
 768:Drivers/STM32F0xx_HAL_Driver/Src/stm32f0xx_hal_uart.c **** 
 769:Drivers/STM32F0xx_HAL_Driver/Src/stm32f0xx_hal_uart.c ****   __HAL_LOCK(huart);
 770:Drivers/STM32F0xx_HAL_Driver/Src/stm32f0xx_hal_uart.c **** 
 771:Drivers/STM32F0xx_HAL_Driver/Src/stm32f0xx_hal_uart.c ****   if (huart->gState == HAL_UART_STATE_READY)
 772:Drivers/STM32F0xx_HAL_Driver/Src/stm32f0xx_hal_uart.c ****   {
 773:Drivers/STM32F0xx_HAL_Driver/Src/stm32f0xx_hal_uart.c ****     switch (CallbackID)
ARM GAS  C:\Users\MINIGU~1\AppData\Local\Temp\cc3PAC1x.s 			page 15


 774:Drivers/STM32F0xx_HAL_Driver/Src/stm32f0xx_hal_uart.c ****     {
 775:Drivers/STM32F0xx_HAL_Driver/Src/stm32f0xx_hal_uart.c ****       case HAL_UART_TX_HALFCOMPLETE_CB_ID :
 776:Drivers/STM32F0xx_HAL_Driver/Src/stm32f0xx_hal_uart.c ****         huart->TxHalfCpltCallback = pCallback;
 777:Drivers/STM32F0xx_HAL_Driver/Src/stm32f0xx_hal_uart.c ****         break;
 778:Drivers/STM32F0xx_HAL_Driver/Src/stm32f0xx_hal_uart.c **** 
 779:Drivers/STM32F0xx_HAL_Driver/Src/stm32f0xx_hal_uart.c ****       case HAL_UART_TX_COMPLETE_CB_ID :
 780:Drivers/STM32F0xx_HAL_Driver/Src/stm32f0xx_hal_uart.c ****         huart->TxCpltCallback = pCallback;
 781:Drivers/STM32F0xx_HAL_Driver/Src/stm32f0xx_hal_uart.c ****         break;
 782:Drivers/STM32F0xx_HAL_Driver/Src/stm32f0xx_hal_uart.c **** 
 783:Drivers/STM32F0xx_HAL_Driver/Src/stm32f0xx_hal_uart.c ****       case HAL_UART_RX_HALFCOMPLETE_CB_ID :
 784:Drivers/STM32F0xx_HAL_Driver/Src/stm32f0xx_hal_uart.c ****         huart->RxHalfCpltCallback = pCallback;
 785:Drivers/STM32F0xx_HAL_Driver/Src/stm32f0xx_hal_uart.c ****         break;
 786:Drivers/STM32F0xx_HAL_Driver/Src/stm32f0xx_hal_uart.c **** 
 787:Drivers/STM32F0xx_HAL_Driver/Src/stm32f0xx_hal_uart.c ****       case HAL_UART_RX_COMPLETE_CB_ID :
 788:Drivers/STM32F0xx_HAL_Driver/Src/stm32f0xx_hal_uart.c ****         huart->RxCpltCallback = pCallback;
 789:Drivers/STM32F0xx_HAL_Driver/Src/stm32f0xx_hal_uart.c ****         break;
 790:Drivers/STM32F0xx_HAL_Driver/Src/stm32f0xx_hal_uart.c **** 
 791:Drivers/STM32F0xx_HAL_Driver/Src/stm32f0xx_hal_uart.c ****       case HAL_UART_ERROR_CB_ID :
 792:Drivers/STM32F0xx_HAL_Driver/Src/stm32f0xx_hal_uart.c ****         huart->ErrorCallback = pCallback;
 793:Drivers/STM32F0xx_HAL_Driver/Src/stm32f0xx_hal_uart.c ****         break;
 794:Drivers/STM32F0xx_HAL_Driver/Src/stm32f0xx_hal_uart.c **** 
 795:Drivers/STM32F0xx_HAL_Driver/Src/stm32f0xx_hal_uart.c ****       case HAL_UART_ABORT_COMPLETE_CB_ID :
 796:Drivers/STM32F0xx_HAL_Driver/Src/stm32f0xx_hal_uart.c ****         huart->AbortCpltCallback = pCallback;
 797:Drivers/STM32F0xx_HAL_Driver/Src/stm32f0xx_hal_uart.c ****         break;
 798:Drivers/STM32F0xx_HAL_Driver/Src/stm32f0xx_hal_uart.c **** 
 799:Drivers/STM32F0xx_HAL_Driver/Src/stm32f0xx_hal_uart.c ****       case HAL_UART_ABORT_TRANSMIT_COMPLETE_CB_ID :
 800:Drivers/STM32F0xx_HAL_Driver/Src/stm32f0xx_hal_uart.c ****         huart->AbortTransmitCpltCallback = pCallback;
 801:Drivers/STM32F0xx_HAL_Driver/Src/stm32f0xx_hal_uart.c ****         break;
 802:Drivers/STM32F0xx_HAL_Driver/Src/stm32f0xx_hal_uart.c **** 
 803:Drivers/STM32F0xx_HAL_Driver/Src/stm32f0xx_hal_uart.c ****       case HAL_UART_ABORT_RECEIVE_COMPLETE_CB_ID :
 804:Drivers/STM32F0xx_HAL_Driver/Src/stm32f0xx_hal_uart.c ****         huart->AbortReceiveCpltCallback = pCallback;
 805:Drivers/STM32F0xx_HAL_Driver/Src/stm32f0xx_hal_uart.c ****         break;
 806:Drivers/STM32F0xx_HAL_Driver/Src/stm32f0xx_hal_uart.c **** 
 807:Drivers/STM32F0xx_HAL_Driver/Src/stm32f0xx_hal_uart.c ****       case HAL_UART_WAKEUP_CB_ID :
 808:Drivers/STM32F0xx_HAL_Driver/Src/stm32f0xx_hal_uart.c ****         huart->WakeupCallback = pCallback;
 809:Drivers/STM32F0xx_HAL_Driver/Src/stm32f0xx_hal_uart.c ****         break;
 810:Drivers/STM32F0xx_HAL_Driver/Src/stm32f0xx_hal_uart.c **** 
 811:Drivers/STM32F0xx_HAL_Driver/Src/stm32f0xx_hal_uart.c **** 
 812:Drivers/STM32F0xx_HAL_Driver/Src/stm32f0xx_hal_uart.c ****       case HAL_UART_MSPINIT_CB_ID :
 813:Drivers/STM32F0xx_HAL_Driver/Src/stm32f0xx_hal_uart.c ****         huart->MspInitCallback = pCallback;
 814:Drivers/STM32F0xx_HAL_Driver/Src/stm32f0xx_hal_uart.c ****         break;
 815:Drivers/STM32F0xx_HAL_Driver/Src/stm32f0xx_hal_uart.c **** 
 816:Drivers/STM32F0xx_HAL_Driver/Src/stm32f0xx_hal_uart.c ****       case HAL_UART_MSPDEINIT_CB_ID :
 817:Drivers/STM32F0xx_HAL_Driver/Src/stm32f0xx_hal_uart.c ****         huart->MspDeInitCallback = pCallback;
 818:Drivers/STM32F0xx_HAL_Driver/Src/stm32f0xx_hal_uart.c ****         break;
 819:Drivers/STM32F0xx_HAL_Driver/Src/stm32f0xx_hal_uart.c **** 
 820:Drivers/STM32F0xx_HAL_Driver/Src/stm32f0xx_hal_uart.c ****       default :
 821:Drivers/STM32F0xx_HAL_Driver/Src/stm32f0xx_hal_uart.c ****         huart->ErrorCode |= HAL_UART_ERROR_INVALID_CALLBACK;
 822:Drivers/STM32F0xx_HAL_Driver/Src/stm32f0xx_hal_uart.c **** 
 823:Drivers/STM32F0xx_HAL_Driver/Src/stm32f0xx_hal_uart.c ****         status =  HAL_ERROR;
 824:Drivers/STM32F0xx_HAL_Driver/Src/stm32f0xx_hal_uart.c ****         break;
 825:Drivers/STM32F0xx_HAL_Driver/Src/stm32f0xx_hal_uart.c ****     }
 826:Drivers/STM32F0xx_HAL_Driver/Src/stm32f0xx_hal_uart.c ****   }
 827:Drivers/STM32F0xx_HAL_Driver/Src/stm32f0xx_hal_uart.c ****   else if (huart->gState == HAL_UART_STATE_RESET)
 828:Drivers/STM32F0xx_HAL_Driver/Src/stm32f0xx_hal_uart.c ****   {
 829:Drivers/STM32F0xx_HAL_Driver/Src/stm32f0xx_hal_uart.c ****     switch (CallbackID)
 830:Drivers/STM32F0xx_HAL_Driver/Src/stm32f0xx_hal_uart.c ****     {
ARM GAS  C:\Users\MINIGU~1\AppData\Local\Temp\cc3PAC1x.s 			page 16


 831:Drivers/STM32F0xx_HAL_Driver/Src/stm32f0xx_hal_uart.c ****       case HAL_UART_MSPINIT_CB_ID :
 832:Drivers/STM32F0xx_HAL_Driver/Src/stm32f0xx_hal_uart.c ****         huart->MspInitCallback = pCallback;
 833:Drivers/STM32F0xx_HAL_Driver/Src/stm32f0xx_hal_uart.c ****         break;
 834:Drivers/STM32F0xx_HAL_Driver/Src/stm32f0xx_hal_uart.c **** 
 835:Drivers/STM32F0xx_HAL_Driver/Src/stm32f0xx_hal_uart.c ****       case HAL_UART_MSPDEINIT_CB_ID :
 836:Drivers/STM32F0xx_HAL_Driver/Src/stm32f0xx_hal_uart.c ****         huart->MspDeInitCallback = pCallback;
 837:Drivers/STM32F0xx_HAL_Driver/Src/stm32f0xx_hal_uart.c ****         break;
 838:Drivers/STM32F0xx_HAL_Driver/Src/stm32f0xx_hal_uart.c **** 
 839:Drivers/STM32F0xx_HAL_Driver/Src/stm32f0xx_hal_uart.c ****       default :
 840:Drivers/STM32F0xx_HAL_Driver/Src/stm32f0xx_hal_uart.c ****         huart->ErrorCode |= HAL_UART_ERROR_INVALID_CALLBACK;
 841:Drivers/STM32F0xx_HAL_Driver/Src/stm32f0xx_hal_uart.c **** 
 842:Drivers/STM32F0xx_HAL_Driver/Src/stm32f0xx_hal_uart.c ****         status =  HAL_ERROR;
 843:Drivers/STM32F0xx_HAL_Driver/Src/stm32f0xx_hal_uart.c ****         break;
 844:Drivers/STM32F0xx_HAL_Driver/Src/stm32f0xx_hal_uart.c ****     }
 845:Drivers/STM32F0xx_HAL_Driver/Src/stm32f0xx_hal_uart.c ****   }
 846:Drivers/STM32F0xx_HAL_Driver/Src/stm32f0xx_hal_uart.c ****   else
 847:Drivers/STM32F0xx_HAL_Driver/Src/stm32f0xx_hal_uart.c ****   {
 848:Drivers/STM32F0xx_HAL_Driver/Src/stm32f0xx_hal_uart.c ****     huart->ErrorCode |= HAL_UART_ERROR_INVALID_CALLBACK;
 849:Drivers/STM32F0xx_HAL_Driver/Src/stm32f0xx_hal_uart.c **** 
 850:Drivers/STM32F0xx_HAL_Driver/Src/stm32f0xx_hal_uart.c ****     status =  HAL_ERROR;
 851:Drivers/STM32F0xx_HAL_Driver/Src/stm32f0xx_hal_uart.c ****   }
 852:Drivers/STM32F0xx_HAL_Driver/Src/stm32f0xx_hal_uart.c **** 
 853:Drivers/STM32F0xx_HAL_Driver/Src/stm32f0xx_hal_uart.c ****   __HAL_UNLOCK(huart);
 854:Drivers/STM32F0xx_HAL_Driver/Src/stm32f0xx_hal_uart.c **** 
 855:Drivers/STM32F0xx_HAL_Driver/Src/stm32f0xx_hal_uart.c ****   return status;
 856:Drivers/STM32F0xx_HAL_Driver/Src/stm32f0xx_hal_uart.c **** }
 857:Drivers/STM32F0xx_HAL_Driver/Src/stm32f0xx_hal_uart.c **** 
 858:Drivers/STM32F0xx_HAL_Driver/Src/stm32f0xx_hal_uart.c **** /**
 859:Drivers/STM32F0xx_HAL_Driver/Src/stm32f0xx_hal_uart.c ****   * @brief  Unregister an UART Callback
 860:Drivers/STM32F0xx_HAL_Driver/Src/stm32f0xx_hal_uart.c ****   *         UART callaback is redirected to the weak predefined callback
 861:Drivers/STM32F0xx_HAL_Driver/Src/stm32f0xx_hal_uart.c ****   * @param  huart uart handle
 862:Drivers/STM32F0xx_HAL_Driver/Src/stm32f0xx_hal_uart.c ****   * @param  CallbackID ID of the callback to be unregistered
 863:Drivers/STM32F0xx_HAL_Driver/Src/stm32f0xx_hal_uart.c ****   *         This parameter can be one of the following values:
 864:Drivers/STM32F0xx_HAL_Driver/Src/stm32f0xx_hal_uart.c ****   *           @arg @ref HAL_UART_TX_HALFCOMPLETE_CB_ID Tx Half Complete Callback ID
 865:Drivers/STM32F0xx_HAL_Driver/Src/stm32f0xx_hal_uart.c ****   *           @arg @ref HAL_UART_TX_COMPLETE_CB_ID Tx Complete Callback ID
 866:Drivers/STM32F0xx_HAL_Driver/Src/stm32f0xx_hal_uart.c ****   *           @arg @ref HAL_UART_RX_HALFCOMPLETE_CB_ID Rx Half Complete Callback ID
 867:Drivers/STM32F0xx_HAL_Driver/Src/stm32f0xx_hal_uart.c ****   *           @arg @ref HAL_UART_RX_COMPLETE_CB_ID Rx Complete Callback ID
 868:Drivers/STM32F0xx_HAL_Driver/Src/stm32f0xx_hal_uart.c ****   *           @arg @ref HAL_UART_ERROR_CB_ID Error Callback ID
 869:Drivers/STM32F0xx_HAL_Driver/Src/stm32f0xx_hal_uart.c ****   *           @arg @ref HAL_UART_ABORT_COMPLETE_CB_ID Abort Complete Callback ID
 870:Drivers/STM32F0xx_HAL_Driver/Src/stm32f0xx_hal_uart.c ****   *           @arg @ref HAL_UART_ABORT_TRANSMIT_COMPLETE_CB_ID Abort Transmit Complete Callback ID
 871:Drivers/STM32F0xx_HAL_Driver/Src/stm32f0xx_hal_uart.c ****   *           @arg @ref HAL_UART_ABORT_RECEIVE_COMPLETE_CB_ID Abort Receive Complete Callback ID
 872:Drivers/STM32F0xx_HAL_Driver/Src/stm32f0xx_hal_uart.c ****   *           @arg @ref HAL_UART_WAKEUP_CB_ID Wakeup Callback ID
 873:Drivers/STM32F0xx_HAL_Driver/Src/stm32f0xx_hal_uart.c ****   *           @arg @ref HAL_UART_MSPINIT_CB_ID MspInit Callback ID
 874:Drivers/STM32F0xx_HAL_Driver/Src/stm32f0xx_hal_uart.c ****   *           @arg @ref HAL_UART_MSPDEINIT_CB_ID MspDeInit Callback ID
 875:Drivers/STM32F0xx_HAL_Driver/Src/stm32f0xx_hal_uart.c ****   * @retval HAL status
 876:Drivers/STM32F0xx_HAL_Driver/Src/stm32f0xx_hal_uart.c ****   */
 877:Drivers/STM32F0xx_HAL_Driver/Src/stm32f0xx_hal_uart.c **** HAL_StatusTypeDef HAL_UART_UnRegisterCallback(UART_HandleTypeDef *huart, HAL_UART_CallbackIDTypeDef
 878:Drivers/STM32F0xx_HAL_Driver/Src/stm32f0xx_hal_uart.c **** {
 879:Drivers/STM32F0xx_HAL_Driver/Src/stm32f0xx_hal_uart.c ****   HAL_StatusTypeDef status = HAL_OK;
 880:Drivers/STM32F0xx_HAL_Driver/Src/stm32f0xx_hal_uart.c **** 
 881:Drivers/STM32F0xx_HAL_Driver/Src/stm32f0xx_hal_uart.c ****   __HAL_LOCK(huart);
 882:Drivers/STM32F0xx_HAL_Driver/Src/stm32f0xx_hal_uart.c **** 
 883:Drivers/STM32F0xx_HAL_Driver/Src/stm32f0xx_hal_uart.c ****   if (HAL_UART_STATE_READY == huart->gState)
 884:Drivers/STM32F0xx_HAL_Driver/Src/stm32f0xx_hal_uart.c ****   {
 885:Drivers/STM32F0xx_HAL_Driver/Src/stm32f0xx_hal_uart.c ****     switch (CallbackID)
 886:Drivers/STM32F0xx_HAL_Driver/Src/stm32f0xx_hal_uart.c ****     {
 887:Drivers/STM32F0xx_HAL_Driver/Src/stm32f0xx_hal_uart.c ****       case HAL_UART_TX_HALFCOMPLETE_CB_ID :
ARM GAS  C:\Users\MINIGU~1\AppData\Local\Temp\cc3PAC1x.s 			page 17


 888:Drivers/STM32F0xx_HAL_Driver/Src/stm32f0xx_hal_uart.c ****         huart->TxHalfCpltCallback = HAL_UART_TxHalfCpltCallback;               /* Legacy weak  TxHa
 889:Drivers/STM32F0xx_HAL_Driver/Src/stm32f0xx_hal_uart.c ****         break;
 890:Drivers/STM32F0xx_HAL_Driver/Src/stm32f0xx_hal_uart.c **** 
 891:Drivers/STM32F0xx_HAL_Driver/Src/stm32f0xx_hal_uart.c ****       case HAL_UART_TX_COMPLETE_CB_ID :
 892:Drivers/STM32F0xx_HAL_Driver/Src/stm32f0xx_hal_uart.c ****         huart->TxCpltCallback = HAL_UART_TxCpltCallback;                       /* Legacy weak TxCpl
 893:Drivers/STM32F0xx_HAL_Driver/Src/stm32f0xx_hal_uart.c ****         break;
 894:Drivers/STM32F0xx_HAL_Driver/Src/stm32f0xx_hal_uart.c **** 
 895:Drivers/STM32F0xx_HAL_Driver/Src/stm32f0xx_hal_uart.c ****       case HAL_UART_RX_HALFCOMPLETE_CB_ID :
 896:Drivers/STM32F0xx_HAL_Driver/Src/stm32f0xx_hal_uart.c ****         huart->RxHalfCpltCallback = HAL_UART_RxHalfCpltCallback;               /* Legacy weak RxHal
 897:Drivers/STM32F0xx_HAL_Driver/Src/stm32f0xx_hal_uart.c ****         break;
 898:Drivers/STM32F0xx_HAL_Driver/Src/stm32f0xx_hal_uart.c **** 
 899:Drivers/STM32F0xx_HAL_Driver/Src/stm32f0xx_hal_uart.c ****       case HAL_UART_RX_COMPLETE_CB_ID :
 900:Drivers/STM32F0xx_HAL_Driver/Src/stm32f0xx_hal_uart.c ****         huart->RxCpltCallback = HAL_UART_RxCpltCallback;                       /* Legacy weak RxCpl
 901:Drivers/STM32F0xx_HAL_Driver/Src/stm32f0xx_hal_uart.c ****         break;
 902:Drivers/STM32F0xx_HAL_Driver/Src/stm32f0xx_hal_uart.c **** 
 903:Drivers/STM32F0xx_HAL_Driver/Src/stm32f0xx_hal_uart.c ****       case HAL_UART_ERROR_CB_ID :
 904:Drivers/STM32F0xx_HAL_Driver/Src/stm32f0xx_hal_uart.c ****         huart->ErrorCallback = HAL_UART_ErrorCallback;                         /* Legacy weak Error
 905:Drivers/STM32F0xx_HAL_Driver/Src/stm32f0xx_hal_uart.c ****         break;
 906:Drivers/STM32F0xx_HAL_Driver/Src/stm32f0xx_hal_uart.c **** 
 907:Drivers/STM32F0xx_HAL_Driver/Src/stm32f0xx_hal_uart.c ****       case HAL_UART_ABORT_COMPLETE_CB_ID :
 908:Drivers/STM32F0xx_HAL_Driver/Src/stm32f0xx_hal_uart.c ****         huart->AbortCpltCallback = HAL_UART_AbortCpltCallback;                 /* Legacy weak Abort
 909:Drivers/STM32F0xx_HAL_Driver/Src/stm32f0xx_hal_uart.c ****         break;
 910:Drivers/STM32F0xx_HAL_Driver/Src/stm32f0xx_hal_uart.c **** 
 911:Drivers/STM32F0xx_HAL_Driver/Src/stm32f0xx_hal_uart.c ****       case HAL_UART_ABORT_TRANSMIT_COMPLETE_CB_ID :
 912:Drivers/STM32F0xx_HAL_Driver/Src/stm32f0xx_hal_uart.c ****         huart->AbortTransmitCpltCallback = HAL_UART_AbortTransmitCpltCallback; /* Legacy weak
 913:Drivers/STM32F0xx_HAL_Driver/Src/stm32f0xx_hal_uart.c ****                                                                                   AbortTransmitCplt
 914:Drivers/STM32F0xx_HAL_Driver/Src/stm32f0xx_hal_uart.c ****         break;
 915:Drivers/STM32F0xx_HAL_Driver/Src/stm32f0xx_hal_uart.c **** 
 916:Drivers/STM32F0xx_HAL_Driver/Src/stm32f0xx_hal_uart.c ****       case HAL_UART_ABORT_RECEIVE_COMPLETE_CB_ID :
 917:Drivers/STM32F0xx_HAL_Driver/Src/stm32f0xx_hal_uart.c ****         huart->AbortReceiveCpltCallback = HAL_UART_AbortReceiveCpltCallback;   /* Legacy weak
 918:Drivers/STM32F0xx_HAL_Driver/Src/stm32f0xx_hal_uart.c ****                                                                                   AbortReceiveCpltC
 919:Drivers/STM32F0xx_HAL_Driver/Src/stm32f0xx_hal_uart.c ****         break;
 920:Drivers/STM32F0xx_HAL_Driver/Src/stm32f0xx_hal_uart.c **** 
 921:Drivers/STM32F0xx_HAL_Driver/Src/stm32f0xx_hal_uart.c **** #if defined(USART_CR1_UESM)
 922:Drivers/STM32F0xx_HAL_Driver/Src/stm32f0xx_hal_uart.c ****       case HAL_UART_WAKEUP_CB_ID :
 923:Drivers/STM32F0xx_HAL_Driver/Src/stm32f0xx_hal_uart.c ****         huart->WakeupCallback = HAL_UARTEx_WakeupCallback;                     /* Legacy weak Wakeu
 924:Drivers/STM32F0xx_HAL_Driver/Src/stm32f0xx_hal_uart.c ****         break;
 925:Drivers/STM32F0xx_HAL_Driver/Src/stm32f0xx_hal_uart.c **** 
 926:Drivers/STM32F0xx_HAL_Driver/Src/stm32f0xx_hal_uart.c **** #endif /* USART_CR1_UESM */
 927:Drivers/STM32F0xx_HAL_Driver/Src/stm32f0xx_hal_uart.c ****       case HAL_UART_MSPINIT_CB_ID :
 928:Drivers/STM32F0xx_HAL_Driver/Src/stm32f0xx_hal_uart.c ****         huart->MspInitCallback = HAL_UART_MspInit;                             /* Legacy weak MspIn
 929:Drivers/STM32F0xx_HAL_Driver/Src/stm32f0xx_hal_uart.c ****         break;
 930:Drivers/STM32F0xx_HAL_Driver/Src/stm32f0xx_hal_uart.c **** 
 931:Drivers/STM32F0xx_HAL_Driver/Src/stm32f0xx_hal_uart.c ****       case HAL_UART_MSPDEINIT_CB_ID :
 932:Drivers/STM32F0xx_HAL_Driver/Src/stm32f0xx_hal_uart.c ****         huart->MspDeInitCallback = HAL_UART_MspDeInit;                         /* Legacy weak MspDe
 933:Drivers/STM32F0xx_HAL_Driver/Src/stm32f0xx_hal_uart.c ****         break;
 934:Drivers/STM32F0xx_HAL_Driver/Src/stm32f0xx_hal_uart.c **** 
 935:Drivers/STM32F0xx_HAL_Driver/Src/stm32f0xx_hal_uart.c ****       default :
 936:Drivers/STM32F0xx_HAL_Driver/Src/stm32f0xx_hal_uart.c ****         huart->ErrorCode |= HAL_UART_ERROR_INVALID_CALLBACK;
 937:Drivers/STM32F0xx_HAL_Driver/Src/stm32f0xx_hal_uart.c **** 
 938:Drivers/STM32F0xx_HAL_Driver/Src/stm32f0xx_hal_uart.c ****         status =  HAL_ERROR;
 939:Drivers/STM32F0xx_HAL_Driver/Src/stm32f0xx_hal_uart.c ****         break;
 940:Drivers/STM32F0xx_HAL_Driver/Src/stm32f0xx_hal_uart.c ****     }
 941:Drivers/STM32F0xx_HAL_Driver/Src/stm32f0xx_hal_uart.c ****   }
 942:Drivers/STM32F0xx_HAL_Driver/Src/stm32f0xx_hal_uart.c ****   else if (HAL_UART_STATE_RESET == huart->gState)
 943:Drivers/STM32F0xx_HAL_Driver/Src/stm32f0xx_hal_uart.c ****   {
 944:Drivers/STM32F0xx_HAL_Driver/Src/stm32f0xx_hal_uart.c ****     switch (CallbackID)
ARM GAS  C:\Users\MINIGU~1\AppData\Local\Temp\cc3PAC1x.s 			page 18


 945:Drivers/STM32F0xx_HAL_Driver/Src/stm32f0xx_hal_uart.c ****     {
 946:Drivers/STM32F0xx_HAL_Driver/Src/stm32f0xx_hal_uart.c ****       case HAL_UART_MSPINIT_CB_ID :
 947:Drivers/STM32F0xx_HAL_Driver/Src/stm32f0xx_hal_uart.c ****         huart->MspInitCallback = HAL_UART_MspInit;
 948:Drivers/STM32F0xx_HAL_Driver/Src/stm32f0xx_hal_uart.c ****         break;
 949:Drivers/STM32F0xx_HAL_Driver/Src/stm32f0xx_hal_uart.c **** 
 950:Drivers/STM32F0xx_HAL_Driver/Src/stm32f0xx_hal_uart.c ****       case HAL_UART_MSPDEINIT_CB_ID :
 951:Drivers/STM32F0xx_HAL_Driver/Src/stm32f0xx_hal_uart.c ****         huart->MspDeInitCallback = HAL_UART_MspDeInit;
 952:Drivers/STM32F0xx_HAL_Driver/Src/stm32f0xx_hal_uart.c ****         break;
 953:Drivers/STM32F0xx_HAL_Driver/Src/stm32f0xx_hal_uart.c **** 
 954:Drivers/STM32F0xx_HAL_Driver/Src/stm32f0xx_hal_uart.c ****       default :
 955:Drivers/STM32F0xx_HAL_Driver/Src/stm32f0xx_hal_uart.c ****         huart->ErrorCode |= HAL_UART_ERROR_INVALID_CALLBACK;
 956:Drivers/STM32F0xx_HAL_Driver/Src/stm32f0xx_hal_uart.c **** 
 957:Drivers/STM32F0xx_HAL_Driver/Src/stm32f0xx_hal_uart.c ****         status =  HAL_ERROR;
 958:Drivers/STM32F0xx_HAL_Driver/Src/stm32f0xx_hal_uart.c ****         break;
 959:Drivers/STM32F0xx_HAL_Driver/Src/stm32f0xx_hal_uart.c ****     }
 960:Drivers/STM32F0xx_HAL_Driver/Src/stm32f0xx_hal_uart.c ****   }
 961:Drivers/STM32F0xx_HAL_Driver/Src/stm32f0xx_hal_uart.c ****   else
 962:Drivers/STM32F0xx_HAL_Driver/Src/stm32f0xx_hal_uart.c ****   {
 963:Drivers/STM32F0xx_HAL_Driver/Src/stm32f0xx_hal_uart.c ****     huart->ErrorCode |= HAL_UART_ERROR_INVALID_CALLBACK;
 964:Drivers/STM32F0xx_HAL_Driver/Src/stm32f0xx_hal_uart.c **** 
 965:Drivers/STM32F0xx_HAL_Driver/Src/stm32f0xx_hal_uart.c ****     status =  HAL_ERROR;
 966:Drivers/STM32F0xx_HAL_Driver/Src/stm32f0xx_hal_uart.c ****   }
 967:Drivers/STM32F0xx_HAL_Driver/Src/stm32f0xx_hal_uart.c **** 
 968:Drivers/STM32F0xx_HAL_Driver/Src/stm32f0xx_hal_uart.c ****   __HAL_UNLOCK(huart);
 969:Drivers/STM32F0xx_HAL_Driver/Src/stm32f0xx_hal_uart.c **** 
 970:Drivers/STM32F0xx_HAL_Driver/Src/stm32f0xx_hal_uart.c ****   return status;
 971:Drivers/STM32F0xx_HAL_Driver/Src/stm32f0xx_hal_uart.c **** }
 972:Drivers/STM32F0xx_HAL_Driver/Src/stm32f0xx_hal_uart.c **** 
 973:Drivers/STM32F0xx_HAL_Driver/Src/stm32f0xx_hal_uart.c **** /**
 974:Drivers/STM32F0xx_HAL_Driver/Src/stm32f0xx_hal_uart.c ****   * @brief  Register a User UART Rx Event Callback
 975:Drivers/STM32F0xx_HAL_Driver/Src/stm32f0xx_hal_uart.c ****   *         To be used instead of the weak predefined callback
 976:Drivers/STM32F0xx_HAL_Driver/Src/stm32f0xx_hal_uart.c ****   * @param  huart     Uart handle
 977:Drivers/STM32F0xx_HAL_Driver/Src/stm32f0xx_hal_uart.c ****   * @param  pCallback Pointer to the Rx Event Callback function
 978:Drivers/STM32F0xx_HAL_Driver/Src/stm32f0xx_hal_uart.c ****   * @retval HAL status
 979:Drivers/STM32F0xx_HAL_Driver/Src/stm32f0xx_hal_uart.c ****   */
 980:Drivers/STM32F0xx_HAL_Driver/Src/stm32f0xx_hal_uart.c **** HAL_StatusTypeDef HAL_UART_RegisterRxEventCallback(UART_HandleTypeDef *huart, pUART_RxEventCallback
 981:Drivers/STM32F0xx_HAL_Driver/Src/stm32f0xx_hal_uart.c **** {
 982:Drivers/STM32F0xx_HAL_Driver/Src/stm32f0xx_hal_uart.c ****   HAL_StatusTypeDef status = HAL_OK;
 983:Drivers/STM32F0xx_HAL_Driver/Src/stm32f0xx_hal_uart.c **** 
 984:Drivers/STM32F0xx_HAL_Driver/Src/stm32f0xx_hal_uart.c ****   if (pCallback == NULL)
 985:Drivers/STM32F0xx_HAL_Driver/Src/stm32f0xx_hal_uart.c ****   {
 986:Drivers/STM32F0xx_HAL_Driver/Src/stm32f0xx_hal_uart.c ****     huart->ErrorCode |= HAL_UART_ERROR_INVALID_CALLBACK;
 987:Drivers/STM32F0xx_HAL_Driver/Src/stm32f0xx_hal_uart.c **** 
 988:Drivers/STM32F0xx_HAL_Driver/Src/stm32f0xx_hal_uart.c ****     return HAL_ERROR;
 989:Drivers/STM32F0xx_HAL_Driver/Src/stm32f0xx_hal_uart.c ****   }
 990:Drivers/STM32F0xx_HAL_Driver/Src/stm32f0xx_hal_uart.c **** 
 991:Drivers/STM32F0xx_HAL_Driver/Src/stm32f0xx_hal_uart.c ****   /* Process locked */
 992:Drivers/STM32F0xx_HAL_Driver/Src/stm32f0xx_hal_uart.c ****   __HAL_LOCK(huart);
 993:Drivers/STM32F0xx_HAL_Driver/Src/stm32f0xx_hal_uart.c **** 
 994:Drivers/STM32F0xx_HAL_Driver/Src/stm32f0xx_hal_uart.c ****   if (huart->gState == HAL_UART_STATE_READY)
 995:Drivers/STM32F0xx_HAL_Driver/Src/stm32f0xx_hal_uart.c ****   {
 996:Drivers/STM32F0xx_HAL_Driver/Src/stm32f0xx_hal_uart.c ****     huart->RxEventCallback = pCallback;
 997:Drivers/STM32F0xx_HAL_Driver/Src/stm32f0xx_hal_uart.c ****   }
 998:Drivers/STM32F0xx_HAL_Driver/Src/stm32f0xx_hal_uart.c ****   else
 999:Drivers/STM32F0xx_HAL_Driver/Src/stm32f0xx_hal_uart.c ****   {
1000:Drivers/STM32F0xx_HAL_Driver/Src/stm32f0xx_hal_uart.c ****     huart->ErrorCode |= HAL_UART_ERROR_INVALID_CALLBACK;
1001:Drivers/STM32F0xx_HAL_Driver/Src/stm32f0xx_hal_uart.c **** 
ARM GAS  C:\Users\MINIGU~1\AppData\Local\Temp\cc3PAC1x.s 			page 19


1002:Drivers/STM32F0xx_HAL_Driver/Src/stm32f0xx_hal_uart.c ****     status =  HAL_ERROR;
1003:Drivers/STM32F0xx_HAL_Driver/Src/stm32f0xx_hal_uart.c ****   }
1004:Drivers/STM32F0xx_HAL_Driver/Src/stm32f0xx_hal_uart.c **** 
1005:Drivers/STM32F0xx_HAL_Driver/Src/stm32f0xx_hal_uart.c ****   /* Release Lock */
1006:Drivers/STM32F0xx_HAL_Driver/Src/stm32f0xx_hal_uart.c ****   __HAL_UNLOCK(huart);
1007:Drivers/STM32F0xx_HAL_Driver/Src/stm32f0xx_hal_uart.c **** 
1008:Drivers/STM32F0xx_HAL_Driver/Src/stm32f0xx_hal_uart.c ****   return status;
1009:Drivers/STM32F0xx_HAL_Driver/Src/stm32f0xx_hal_uart.c **** }
1010:Drivers/STM32F0xx_HAL_Driver/Src/stm32f0xx_hal_uart.c **** 
1011:Drivers/STM32F0xx_HAL_Driver/Src/stm32f0xx_hal_uart.c **** /**
1012:Drivers/STM32F0xx_HAL_Driver/Src/stm32f0xx_hal_uart.c ****   * @brief  UnRegister the UART Rx Event Callback
1013:Drivers/STM32F0xx_HAL_Driver/Src/stm32f0xx_hal_uart.c ****   *         UART Rx Event Callback is redirected to the weak HAL_UARTEx_RxEventCallback() predefine
1014:Drivers/STM32F0xx_HAL_Driver/Src/stm32f0xx_hal_uart.c ****   * @param  huart     Uart handle
1015:Drivers/STM32F0xx_HAL_Driver/Src/stm32f0xx_hal_uart.c ****   * @retval HAL status
1016:Drivers/STM32F0xx_HAL_Driver/Src/stm32f0xx_hal_uart.c ****   */
1017:Drivers/STM32F0xx_HAL_Driver/Src/stm32f0xx_hal_uart.c **** HAL_StatusTypeDef HAL_UART_UnRegisterRxEventCallback(UART_HandleTypeDef *huart)
1018:Drivers/STM32F0xx_HAL_Driver/Src/stm32f0xx_hal_uart.c **** {
1019:Drivers/STM32F0xx_HAL_Driver/Src/stm32f0xx_hal_uart.c ****   HAL_StatusTypeDef status = HAL_OK;
1020:Drivers/STM32F0xx_HAL_Driver/Src/stm32f0xx_hal_uart.c **** 
1021:Drivers/STM32F0xx_HAL_Driver/Src/stm32f0xx_hal_uart.c ****   /* Process locked */
1022:Drivers/STM32F0xx_HAL_Driver/Src/stm32f0xx_hal_uart.c ****   __HAL_LOCK(huart);
1023:Drivers/STM32F0xx_HAL_Driver/Src/stm32f0xx_hal_uart.c **** 
1024:Drivers/STM32F0xx_HAL_Driver/Src/stm32f0xx_hal_uart.c ****   if (huart->gState == HAL_UART_STATE_READY)
1025:Drivers/STM32F0xx_HAL_Driver/Src/stm32f0xx_hal_uart.c ****   {
1026:Drivers/STM32F0xx_HAL_Driver/Src/stm32f0xx_hal_uart.c ****     huart->RxEventCallback = HAL_UARTEx_RxEventCallback; /* Legacy weak UART Rx Event Callback  */
1027:Drivers/STM32F0xx_HAL_Driver/Src/stm32f0xx_hal_uart.c ****   }
1028:Drivers/STM32F0xx_HAL_Driver/Src/stm32f0xx_hal_uart.c ****   else
1029:Drivers/STM32F0xx_HAL_Driver/Src/stm32f0xx_hal_uart.c ****   {
1030:Drivers/STM32F0xx_HAL_Driver/Src/stm32f0xx_hal_uart.c ****     huart->ErrorCode |= HAL_UART_ERROR_INVALID_CALLBACK;
1031:Drivers/STM32F0xx_HAL_Driver/Src/stm32f0xx_hal_uart.c **** 
1032:Drivers/STM32F0xx_HAL_Driver/Src/stm32f0xx_hal_uart.c ****     status =  HAL_ERROR;
1033:Drivers/STM32F0xx_HAL_Driver/Src/stm32f0xx_hal_uart.c ****   }
1034:Drivers/STM32F0xx_HAL_Driver/Src/stm32f0xx_hal_uart.c **** 
1035:Drivers/STM32F0xx_HAL_Driver/Src/stm32f0xx_hal_uart.c ****   /* Release Lock */
1036:Drivers/STM32F0xx_HAL_Driver/Src/stm32f0xx_hal_uart.c ****   __HAL_UNLOCK(huart);
1037:Drivers/STM32F0xx_HAL_Driver/Src/stm32f0xx_hal_uart.c ****   return status;
1038:Drivers/STM32F0xx_HAL_Driver/Src/stm32f0xx_hal_uart.c **** }
1039:Drivers/STM32F0xx_HAL_Driver/Src/stm32f0xx_hal_uart.c **** 
1040:Drivers/STM32F0xx_HAL_Driver/Src/stm32f0xx_hal_uart.c **** #endif /* USE_HAL_UART_REGISTER_CALLBACKS */
1041:Drivers/STM32F0xx_HAL_Driver/Src/stm32f0xx_hal_uart.c **** 
1042:Drivers/STM32F0xx_HAL_Driver/Src/stm32f0xx_hal_uart.c **** /**
1043:Drivers/STM32F0xx_HAL_Driver/Src/stm32f0xx_hal_uart.c ****   * @}
1044:Drivers/STM32F0xx_HAL_Driver/Src/stm32f0xx_hal_uart.c ****   */
1045:Drivers/STM32F0xx_HAL_Driver/Src/stm32f0xx_hal_uart.c **** 
1046:Drivers/STM32F0xx_HAL_Driver/Src/stm32f0xx_hal_uart.c **** /** @defgroup UART_Exported_Functions_Group2 IO operation functions
1047:Drivers/STM32F0xx_HAL_Driver/Src/stm32f0xx_hal_uart.c ****   * @brief UART Transmit/Receive functions
1048:Drivers/STM32F0xx_HAL_Driver/Src/stm32f0xx_hal_uart.c ****   *
1049:Drivers/STM32F0xx_HAL_Driver/Src/stm32f0xx_hal_uart.c **** @verbatim
1050:Drivers/STM32F0xx_HAL_Driver/Src/stm32f0xx_hal_uart.c ****  ===============================================================================
1051:Drivers/STM32F0xx_HAL_Driver/Src/stm32f0xx_hal_uart.c ****                       ##### IO operation functions #####
1052:Drivers/STM32F0xx_HAL_Driver/Src/stm32f0xx_hal_uart.c ****  ===============================================================================
1053:Drivers/STM32F0xx_HAL_Driver/Src/stm32f0xx_hal_uart.c ****     This subsection provides a set of functions allowing to manage the UART asynchronous
1054:Drivers/STM32F0xx_HAL_Driver/Src/stm32f0xx_hal_uart.c ****     and Half duplex data transfers.
1055:Drivers/STM32F0xx_HAL_Driver/Src/stm32f0xx_hal_uart.c **** 
1056:Drivers/STM32F0xx_HAL_Driver/Src/stm32f0xx_hal_uart.c ****     (#) There are two mode of transfer:
1057:Drivers/STM32F0xx_HAL_Driver/Src/stm32f0xx_hal_uart.c ****        (+) Blocking mode: The communication is performed in polling mode.
1058:Drivers/STM32F0xx_HAL_Driver/Src/stm32f0xx_hal_uart.c ****            The HAL status of all data processing is returned by the same function
ARM GAS  C:\Users\MINIGU~1\AppData\Local\Temp\cc3PAC1x.s 			page 20


1059:Drivers/STM32F0xx_HAL_Driver/Src/stm32f0xx_hal_uart.c ****            after finishing transfer.
1060:Drivers/STM32F0xx_HAL_Driver/Src/stm32f0xx_hal_uart.c ****        (+) Non-Blocking mode: The communication is performed using Interrupts
1061:Drivers/STM32F0xx_HAL_Driver/Src/stm32f0xx_hal_uart.c ****            or DMA, These API's return the HAL status.
1062:Drivers/STM32F0xx_HAL_Driver/Src/stm32f0xx_hal_uart.c ****            The end of the data processing will be indicated through the
1063:Drivers/STM32F0xx_HAL_Driver/Src/stm32f0xx_hal_uart.c ****            dedicated UART IRQ when using Interrupt mode or the DMA IRQ when
1064:Drivers/STM32F0xx_HAL_Driver/Src/stm32f0xx_hal_uart.c ****            using DMA mode.
1065:Drivers/STM32F0xx_HAL_Driver/Src/stm32f0xx_hal_uart.c ****            The HAL_UART_TxCpltCallback(), HAL_UART_RxCpltCallback() user callbacks
1066:Drivers/STM32F0xx_HAL_Driver/Src/stm32f0xx_hal_uart.c ****            will be executed respectively at the end of the transmit or Receive process
1067:Drivers/STM32F0xx_HAL_Driver/Src/stm32f0xx_hal_uart.c ****            The HAL_UART_ErrorCallback()user callback will be executed when a communication error is
1068:Drivers/STM32F0xx_HAL_Driver/Src/stm32f0xx_hal_uart.c **** 
1069:Drivers/STM32F0xx_HAL_Driver/Src/stm32f0xx_hal_uart.c ****     (#) Blocking mode API's are :
1070:Drivers/STM32F0xx_HAL_Driver/Src/stm32f0xx_hal_uart.c ****         (+) HAL_UART_Transmit()
1071:Drivers/STM32F0xx_HAL_Driver/Src/stm32f0xx_hal_uart.c ****         (+) HAL_UART_Receive()
1072:Drivers/STM32F0xx_HAL_Driver/Src/stm32f0xx_hal_uart.c **** 
1073:Drivers/STM32F0xx_HAL_Driver/Src/stm32f0xx_hal_uart.c ****     (#) Non-Blocking mode API's with Interrupt are :
1074:Drivers/STM32F0xx_HAL_Driver/Src/stm32f0xx_hal_uart.c ****         (+) HAL_UART_Transmit_IT()
1075:Drivers/STM32F0xx_HAL_Driver/Src/stm32f0xx_hal_uart.c ****         (+) HAL_UART_Receive_IT()
1076:Drivers/STM32F0xx_HAL_Driver/Src/stm32f0xx_hal_uart.c ****         (+) HAL_UART_IRQHandler()
1077:Drivers/STM32F0xx_HAL_Driver/Src/stm32f0xx_hal_uart.c **** 
1078:Drivers/STM32F0xx_HAL_Driver/Src/stm32f0xx_hal_uart.c ****     (#) Non-Blocking mode API's with DMA are :
1079:Drivers/STM32F0xx_HAL_Driver/Src/stm32f0xx_hal_uart.c ****         (+) HAL_UART_Transmit_DMA()
1080:Drivers/STM32F0xx_HAL_Driver/Src/stm32f0xx_hal_uart.c ****         (+) HAL_UART_Receive_DMA()
1081:Drivers/STM32F0xx_HAL_Driver/Src/stm32f0xx_hal_uart.c ****         (+) HAL_UART_DMAPause()
1082:Drivers/STM32F0xx_HAL_Driver/Src/stm32f0xx_hal_uart.c ****         (+) HAL_UART_DMAResume()
1083:Drivers/STM32F0xx_HAL_Driver/Src/stm32f0xx_hal_uart.c ****         (+) HAL_UART_DMAStop()
1084:Drivers/STM32F0xx_HAL_Driver/Src/stm32f0xx_hal_uart.c **** 
1085:Drivers/STM32F0xx_HAL_Driver/Src/stm32f0xx_hal_uart.c ****     (#) A set of Transfer Complete Callbacks are provided in Non_Blocking mode:
1086:Drivers/STM32F0xx_HAL_Driver/Src/stm32f0xx_hal_uart.c ****         (+) HAL_UART_TxHalfCpltCallback()
1087:Drivers/STM32F0xx_HAL_Driver/Src/stm32f0xx_hal_uart.c ****         (+) HAL_UART_TxCpltCallback()
1088:Drivers/STM32F0xx_HAL_Driver/Src/stm32f0xx_hal_uart.c ****         (+) HAL_UART_RxHalfCpltCallback()
1089:Drivers/STM32F0xx_HAL_Driver/Src/stm32f0xx_hal_uart.c ****         (+) HAL_UART_RxCpltCallback()
1090:Drivers/STM32F0xx_HAL_Driver/Src/stm32f0xx_hal_uart.c ****         (+) HAL_UART_ErrorCallback()
1091:Drivers/STM32F0xx_HAL_Driver/Src/stm32f0xx_hal_uart.c **** 
1092:Drivers/STM32F0xx_HAL_Driver/Src/stm32f0xx_hal_uart.c ****     (#) Non-Blocking mode transfers could be aborted using Abort API's :
1093:Drivers/STM32F0xx_HAL_Driver/Src/stm32f0xx_hal_uart.c ****         (+) HAL_UART_Abort()
1094:Drivers/STM32F0xx_HAL_Driver/Src/stm32f0xx_hal_uart.c ****         (+) HAL_UART_AbortTransmit()
1095:Drivers/STM32F0xx_HAL_Driver/Src/stm32f0xx_hal_uart.c ****         (+) HAL_UART_AbortReceive()
1096:Drivers/STM32F0xx_HAL_Driver/Src/stm32f0xx_hal_uart.c ****         (+) HAL_UART_Abort_IT()
1097:Drivers/STM32F0xx_HAL_Driver/Src/stm32f0xx_hal_uart.c ****         (+) HAL_UART_AbortTransmit_IT()
1098:Drivers/STM32F0xx_HAL_Driver/Src/stm32f0xx_hal_uart.c ****         (+) HAL_UART_AbortReceive_IT()
1099:Drivers/STM32F0xx_HAL_Driver/Src/stm32f0xx_hal_uart.c **** 
1100:Drivers/STM32F0xx_HAL_Driver/Src/stm32f0xx_hal_uart.c ****     (#) For Abort services based on interrupts (HAL_UART_Abortxxx_IT), a set of Abort Complete Call
1101:Drivers/STM32F0xx_HAL_Driver/Src/stm32f0xx_hal_uart.c ****         (+) HAL_UART_AbortCpltCallback()
1102:Drivers/STM32F0xx_HAL_Driver/Src/stm32f0xx_hal_uart.c ****         (+) HAL_UART_AbortTransmitCpltCallback()
1103:Drivers/STM32F0xx_HAL_Driver/Src/stm32f0xx_hal_uart.c ****         (+) HAL_UART_AbortReceiveCpltCallback()
1104:Drivers/STM32F0xx_HAL_Driver/Src/stm32f0xx_hal_uart.c **** 
1105:Drivers/STM32F0xx_HAL_Driver/Src/stm32f0xx_hal_uart.c ****     (#) A Rx Event Reception Callback (Rx event notification) is available for Non_Blocking modes o
1106:Drivers/STM32F0xx_HAL_Driver/Src/stm32f0xx_hal_uart.c ****         (+) HAL_UARTEx_RxEventCallback()
1107:Drivers/STM32F0xx_HAL_Driver/Src/stm32f0xx_hal_uart.c **** 
1108:Drivers/STM32F0xx_HAL_Driver/Src/stm32f0xx_hal_uart.c ****     (#) In Non-Blocking mode transfers, possible errors are split into 2 categories.
1109:Drivers/STM32F0xx_HAL_Driver/Src/stm32f0xx_hal_uart.c ****         Errors are handled as follows :
1110:Drivers/STM32F0xx_HAL_Driver/Src/stm32f0xx_hal_uart.c ****        (+) Error is considered as Recoverable and non blocking : Transfer could go till end, but er
1111:Drivers/STM32F0xx_HAL_Driver/Src/stm32f0xx_hal_uart.c ****            to be evaluated by user : this concerns Frame Error, Parity Error or Noise Error
1112:Drivers/STM32F0xx_HAL_Driver/Src/stm32f0xx_hal_uart.c ****            in Interrupt mode reception .
1113:Drivers/STM32F0xx_HAL_Driver/Src/stm32f0xx_hal_uart.c ****            Received character is then retrieved and stored in Rx buffer, Error code is set to allow
1114:Drivers/STM32F0xx_HAL_Driver/Src/stm32f0xx_hal_uart.c ****            to identify error type, and HAL_UART_ErrorCallback() user callback is executed.
1115:Drivers/STM32F0xx_HAL_Driver/Src/stm32f0xx_hal_uart.c ****            Transfer is kept ongoing on UART side.
ARM GAS  C:\Users\MINIGU~1\AppData\Local\Temp\cc3PAC1x.s 			page 21


1116:Drivers/STM32F0xx_HAL_Driver/Src/stm32f0xx_hal_uart.c ****            If user wants to abort it, Abort services should be called by user.
1117:Drivers/STM32F0xx_HAL_Driver/Src/stm32f0xx_hal_uart.c ****        (+) Error is considered as Blocking : Transfer could not be completed properly and is aborte
1118:Drivers/STM32F0xx_HAL_Driver/Src/stm32f0xx_hal_uart.c ****            This concerns Overrun Error In Interrupt mode reception and all errors in DMA mode.
1119:Drivers/STM32F0xx_HAL_Driver/Src/stm32f0xx_hal_uart.c ****            Error code is set to allow user to identify error type, and HAL_UART_ErrorCallback()
1120:Drivers/STM32F0xx_HAL_Driver/Src/stm32f0xx_hal_uart.c ****            user callback is executed.
1121:Drivers/STM32F0xx_HAL_Driver/Src/stm32f0xx_hal_uart.c **** 
1122:Drivers/STM32F0xx_HAL_Driver/Src/stm32f0xx_hal_uart.c ****     -@- In the Half duplex communication, it is forbidden to run the transmit
1123:Drivers/STM32F0xx_HAL_Driver/Src/stm32f0xx_hal_uart.c ****         and receive process in parallel, the UART state HAL_UART_STATE_BUSY_TX_RX can't be useful.
1124:Drivers/STM32F0xx_HAL_Driver/Src/stm32f0xx_hal_uart.c **** 
1125:Drivers/STM32F0xx_HAL_Driver/Src/stm32f0xx_hal_uart.c **** @endverbatim
1126:Drivers/STM32F0xx_HAL_Driver/Src/stm32f0xx_hal_uart.c ****   * @{
1127:Drivers/STM32F0xx_HAL_Driver/Src/stm32f0xx_hal_uart.c ****   */
1128:Drivers/STM32F0xx_HAL_Driver/Src/stm32f0xx_hal_uart.c **** 
1129:Drivers/STM32F0xx_HAL_Driver/Src/stm32f0xx_hal_uart.c **** /**
1130:Drivers/STM32F0xx_HAL_Driver/Src/stm32f0xx_hal_uart.c ****   * @brief Send an amount of data in blocking mode.
1131:Drivers/STM32F0xx_HAL_Driver/Src/stm32f0xx_hal_uart.c ****   * @note   When UART parity is not enabled (PCE = 0), and Word Length is configured to 9 bits (M1-
1132:Drivers/STM32F0xx_HAL_Driver/Src/stm32f0xx_hal_uart.c ****   *         the sent data is handled as a set of u16. In this case, Size must indicate the number
1133:Drivers/STM32F0xx_HAL_Driver/Src/stm32f0xx_hal_uart.c ****   *         of u16 provided through pData.
1134:Drivers/STM32F0xx_HAL_Driver/Src/stm32f0xx_hal_uart.c ****   * @note   When UART parity is not enabled (PCE = 0), and Word Length is configured to 9 bits (M1-
1135:Drivers/STM32F0xx_HAL_Driver/Src/stm32f0xx_hal_uart.c ****   *         address of user data buffer containing data to be sent, should be aligned on a half wor
1136:Drivers/STM32F0xx_HAL_Driver/Src/stm32f0xx_hal_uart.c ****   *         (as sent data will be handled using u16 pointer cast). Depending on compilation chain,
1137:Drivers/STM32F0xx_HAL_Driver/Src/stm32f0xx_hal_uart.c ****   *         use of specific alignment compilation directives or pragmas might be required
1138:Drivers/STM32F0xx_HAL_Driver/Src/stm32f0xx_hal_uart.c ****   *         to ensure proper alignment for pData.
1139:Drivers/STM32F0xx_HAL_Driver/Src/stm32f0xx_hal_uart.c ****   * @param huart   UART handle.
1140:Drivers/STM32F0xx_HAL_Driver/Src/stm32f0xx_hal_uart.c ****   * @param pData   Pointer to data buffer (u8 or u16 data elements).
1141:Drivers/STM32F0xx_HAL_Driver/Src/stm32f0xx_hal_uart.c ****   * @param Size    Amount of data elements (u8 or u16) to be sent.
1142:Drivers/STM32F0xx_HAL_Driver/Src/stm32f0xx_hal_uart.c ****   * @param Timeout Timeout duration.
1143:Drivers/STM32F0xx_HAL_Driver/Src/stm32f0xx_hal_uart.c ****   * @retval HAL status
1144:Drivers/STM32F0xx_HAL_Driver/Src/stm32f0xx_hal_uart.c ****   */
1145:Drivers/STM32F0xx_HAL_Driver/Src/stm32f0xx_hal_uart.c **** HAL_StatusTypeDef HAL_UART_Transmit(UART_HandleTypeDef *huart, uint8_t *pData, uint16_t Size, uint3
1146:Drivers/STM32F0xx_HAL_Driver/Src/stm32f0xx_hal_uart.c **** {
1147:Drivers/STM32F0xx_HAL_Driver/Src/stm32f0xx_hal_uart.c ****   uint8_t  *pdata8bits;
1148:Drivers/STM32F0xx_HAL_Driver/Src/stm32f0xx_hal_uart.c ****   uint16_t *pdata16bits;
1149:Drivers/STM32F0xx_HAL_Driver/Src/stm32f0xx_hal_uart.c ****   uint32_t tickstart;
1150:Drivers/STM32F0xx_HAL_Driver/Src/stm32f0xx_hal_uart.c **** 
1151:Drivers/STM32F0xx_HAL_Driver/Src/stm32f0xx_hal_uart.c ****   /* Check that a Tx process is not already ongoing */
1152:Drivers/STM32F0xx_HAL_Driver/Src/stm32f0xx_hal_uart.c ****   if (huart->gState == HAL_UART_STATE_READY)
1153:Drivers/STM32F0xx_HAL_Driver/Src/stm32f0xx_hal_uart.c ****   {
1154:Drivers/STM32F0xx_HAL_Driver/Src/stm32f0xx_hal_uart.c ****     if ((pData == NULL) || (Size == 0U))
1155:Drivers/STM32F0xx_HAL_Driver/Src/stm32f0xx_hal_uart.c ****     {
1156:Drivers/STM32F0xx_HAL_Driver/Src/stm32f0xx_hal_uart.c ****       return  HAL_ERROR;
1157:Drivers/STM32F0xx_HAL_Driver/Src/stm32f0xx_hal_uart.c ****     }
1158:Drivers/STM32F0xx_HAL_Driver/Src/stm32f0xx_hal_uart.c **** 
1159:Drivers/STM32F0xx_HAL_Driver/Src/stm32f0xx_hal_uart.c ****     /* In case of 9bits/No Parity transfer, pData buffer provided as input parameter
1160:Drivers/STM32F0xx_HAL_Driver/Src/stm32f0xx_hal_uart.c ****        should be aligned on a u16 frontier, as data to be filled into TDR will be
1161:Drivers/STM32F0xx_HAL_Driver/Src/stm32f0xx_hal_uart.c ****        handled through a u16 cast. */
1162:Drivers/STM32F0xx_HAL_Driver/Src/stm32f0xx_hal_uart.c ****     if ((huart->Init.WordLength == UART_WORDLENGTH_9B) && (huart->Init.Parity == UART_PARITY_NONE))
1163:Drivers/STM32F0xx_HAL_Driver/Src/stm32f0xx_hal_uart.c ****     {
1164:Drivers/STM32F0xx_HAL_Driver/Src/stm32f0xx_hal_uart.c ****       if ((((uint32_t)pData) & 1U) != 0U)
1165:Drivers/STM32F0xx_HAL_Driver/Src/stm32f0xx_hal_uart.c ****       {
1166:Drivers/STM32F0xx_HAL_Driver/Src/stm32f0xx_hal_uart.c ****         return  HAL_ERROR;
1167:Drivers/STM32F0xx_HAL_Driver/Src/stm32f0xx_hal_uart.c ****       }
1168:Drivers/STM32F0xx_HAL_Driver/Src/stm32f0xx_hal_uart.c ****     }
1169:Drivers/STM32F0xx_HAL_Driver/Src/stm32f0xx_hal_uart.c **** 
1170:Drivers/STM32F0xx_HAL_Driver/Src/stm32f0xx_hal_uart.c ****     __HAL_LOCK(huart);
1171:Drivers/STM32F0xx_HAL_Driver/Src/stm32f0xx_hal_uart.c **** 
1172:Drivers/STM32F0xx_HAL_Driver/Src/stm32f0xx_hal_uart.c ****     huart->ErrorCode = HAL_UART_ERROR_NONE;
ARM GAS  C:\Users\MINIGU~1\AppData\Local\Temp\cc3PAC1x.s 			page 22


1173:Drivers/STM32F0xx_HAL_Driver/Src/stm32f0xx_hal_uart.c ****     huart->gState = HAL_UART_STATE_BUSY_TX;
1174:Drivers/STM32F0xx_HAL_Driver/Src/stm32f0xx_hal_uart.c **** 
1175:Drivers/STM32F0xx_HAL_Driver/Src/stm32f0xx_hal_uart.c ****     /* Init tickstart for timeout management */
1176:Drivers/STM32F0xx_HAL_Driver/Src/stm32f0xx_hal_uart.c ****     tickstart = HAL_GetTick();
1177:Drivers/STM32F0xx_HAL_Driver/Src/stm32f0xx_hal_uart.c **** 
1178:Drivers/STM32F0xx_HAL_Driver/Src/stm32f0xx_hal_uart.c ****     huart->TxXferSize  = Size;
1179:Drivers/STM32F0xx_HAL_Driver/Src/stm32f0xx_hal_uart.c ****     huart->TxXferCount = Size;
1180:Drivers/STM32F0xx_HAL_Driver/Src/stm32f0xx_hal_uart.c **** 
1181:Drivers/STM32F0xx_HAL_Driver/Src/stm32f0xx_hal_uart.c ****     /* In case of 9bits/No Parity transfer, pData needs to be handled as a uint16_t pointer */
1182:Drivers/STM32F0xx_HAL_Driver/Src/stm32f0xx_hal_uart.c ****     if ((huart->Init.WordLength == UART_WORDLENGTH_9B) && (huart->Init.Parity == UART_PARITY_NONE))
1183:Drivers/STM32F0xx_HAL_Driver/Src/stm32f0xx_hal_uart.c ****     {
1184:Drivers/STM32F0xx_HAL_Driver/Src/stm32f0xx_hal_uart.c ****       pdata8bits  = NULL;
1185:Drivers/STM32F0xx_HAL_Driver/Src/stm32f0xx_hal_uart.c ****       pdata16bits = (uint16_t *) pData;
1186:Drivers/STM32F0xx_HAL_Driver/Src/stm32f0xx_hal_uart.c ****     }
1187:Drivers/STM32F0xx_HAL_Driver/Src/stm32f0xx_hal_uart.c ****     else
1188:Drivers/STM32F0xx_HAL_Driver/Src/stm32f0xx_hal_uart.c ****     {
1189:Drivers/STM32F0xx_HAL_Driver/Src/stm32f0xx_hal_uart.c ****       pdata8bits  = pData;
1190:Drivers/STM32F0xx_HAL_Driver/Src/stm32f0xx_hal_uart.c ****       pdata16bits = NULL;
1191:Drivers/STM32F0xx_HAL_Driver/Src/stm32f0xx_hal_uart.c ****     }
1192:Drivers/STM32F0xx_HAL_Driver/Src/stm32f0xx_hal_uart.c **** 
1193:Drivers/STM32F0xx_HAL_Driver/Src/stm32f0xx_hal_uart.c ****     __HAL_UNLOCK(huart);
1194:Drivers/STM32F0xx_HAL_Driver/Src/stm32f0xx_hal_uart.c **** 
1195:Drivers/STM32F0xx_HAL_Driver/Src/stm32f0xx_hal_uart.c ****     while (huart->TxXferCount > 0U)
1196:Drivers/STM32F0xx_HAL_Driver/Src/stm32f0xx_hal_uart.c ****     {
1197:Drivers/STM32F0xx_HAL_Driver/Src/stm32f0xx_hal_uart.c ****       if (UART_WaitOnFlagUntilTimeout(huart, UART_FLAG_TXE, RESET, tickstart, Timeout) != HAL_OK)
1198:Drivers/STM32F0xx_HAL_Driver/Src/stm32f0xx_hal_uart.c ****       {
1199:Drivers/STM32F0xx_HAL_Driver/Src/stm32f0xx_hal_uart.c ****         return HAL_TIMEOUT;
1200:Drivers/STM32F0xx_HAL_Driver/Src/stm32f0xx_hal_uart.c ****       }
1201:Drivers/STM32F0xx_HAL_Driver/Src/stm32f0xx_hal_uart.c ****       if (pdata8bits == NULL)
1202:Drivers/STM32F0xx_HAL_Driver/Src/stm32f0xx_hal_uart.c ****       {
1203:Drivers/STM32F0xx_HAL_Driver/Src/stm32f0xx_hal_uart.c ****         huart->Instance->TDR = (uint16_t)(*pdata16bits & 0x01FFU);
1204:Drivers/STM32F0xx_HAL_Driver/Src/stm32f0xx_hal_uart.c ****         pdata16bits++;
1205:Drivers/STM32F0xx_HAL_Driver/Src/stm32f0xx_hal_uart.c ****       }
1206:Drivers/STM32F0xx_HAL_Driver/Src/stm32f0xx_hal_uart.c ****       else
1207:Drivers/STM32F0xx_HAL_Driver/Src/stm32f0xx_hal_uart.c ****       {
1208:Drivers/STM32F0xx_HAL_Driver/Src/stm32f0xx_hal_uart.c ****         huart->Instance->TDR = (uint8_t)(*pdata8bits & 0xFFU);
1209:Drivers/STM32F0xx_HAL_Driver/Src/stm32f0xx_hal_uart.c ****         pdata8bits++;
1210:Drivers/STM32F0xx_HAL_Driver/Src/stm32f0xx_hal_uart.c ****       }
1211:Drivers/STM32F0xx_HAL_Driver/Src/stm32f0xx_hal_uart.c ****       huart->TxXferCount--;
1212:Drivers/STM32F0xx_HAL_Driver/Src/stm32f0xx_hal_uart.c ****     }
1213:Drivers/STM32F0xx_HAL_Driver/Src/stm32f0xx_hal_uart.c **** 
1214:Drivers/STM32F0xx_HAL_Driver/Src/stm32f0xx_hal_uart.c ****     if (UART_WaitOnFlagUntilTimeout(huart, UART_FLAG_TC, RESET, tickstart, Timeout) != HAL_OK)
1215:Drivers/STM32F0xx_HAL_Driver/Src/stm32f0xx_hal_uart.c ****     {
1216:Drivers/STM32F0xx_HAL_Driver/Src/stm32f0xx_hal_uart.c ****       return HAL_TIMEOUT;
1217:Drivers/STM32F0xx_HAL_Driver/Src/stm32f0xx_hal_uart.c ****     }
1218:Drivers/STM32F0xx_HAL_Driver/Src/stm32f0xx_hal_uart.c **** 
1219:Drivers/STM32F0xx_HAL_Driver/Src/stm32f0xx_hal_uart.c ****     /* At end of Tx process, restore huart->gState to Ready */
1220:Drivers/STM32F0xx_HAL_Driver/Src/stm32f0xx_hal_uart.c ****     huart->gState = HAL_UART_STATE_READY;
1221:Drivers/STM32F0xx_HAL_Driver/Src/stm32f0xx_hal_uart.c **** 
1222:Drivers/STM32F0xx_HAL_Driver/Src/stm32f0xx_hal_uart.c ****     return HAL_OK;
1223:Drivers/STM32F0xx_HAL_Driver/Src/stm32f0xx_hal_uart.c ****   }
1224:Drivers/STM32F0xx_HAL_Driver/Src/stm32f0xx_hal_uart.c ****   else
1225:Drivers/STM32F0xx_HAL_Driver/Src/stm32f0xx_hal_uart.c ****   {
1226:Drivers/STM32F0xx_HAL_Driver/Src/stm32f0xx_hal_uart.c ****     return HAL_BUSY;
1227:Drivers/STM32F0xx_HAL_Driver/Src/stm32f0xx_hal_uart.c ****   }
1228:Drivers/STM32F0xx_HAL_Driver/Src/stm32f0xx_hal_uart.c **** }
1229:Drivers/STM32F0xx_HAL_Driver/Src/stm32f0xx_hal_uart.c **** 
ARM GAS  C:\Users\MINIGU~1\AppData\Local\Temp\cc3PAC1x.s 			page 23


1230:Drivers/STM32F0xx_HAL_Driver/Src/stm32f0xx_hal_uart.c **** /**
1231:Drivers/STM32F0xx_HAL_Driver/Src/stm32f0xx_hal_uart.c ****   * @brief Receive an amount of data in blocking mode.
1232:Drivers/STM32F0xx_HAL_Driver/Src/stm32f0xx_hal_uart.c ****   * @note   When UART parity is not enabled (PCE = 0), and Word Length is configured to 9 bits (M1-
1233:Drivers/STM32F0xx_HAL_Driver/Src/stm32f0xx_hal_uart.c ****   *         the received data is handled as a set of u16. In this case, Size must indicate the numb
1234:Drivers/STM32F0xx_HAL_Driver/Src/stm32f0xx_hal_uart.c ****   *         of u16 available through pData.
1235:Drivers/STM32F0xx_HAL_Driver/Src/stm32f0xx_hal_uart.c ****   * @note   When UART parity is not enabled (PCE = 0), and Word Length is configured to 9 bits (M1-
1236:Drivers/STM32F0xx_HAL_Driver/Src/stm32f0xx_hal_uart.c ****   *         address of user data buffer for storing data to be received, should be aligned on a hal
1237:Drivers/STM32F0xx_HAL_Driver/Src/stm32f0xx_hal_uart.c ****   *         (as received data will be handled using u16 pointer cast). Depending on compilation cha
1238:Drivers/STM32F0xx_HAL_Driver/Src/stm32f0xx_hal_uart.c ****   *         use of specific alignment compilation directives or pragmas might be required
1239:Drivers/STM32F0xx_HAL_Driver/Src/stm32f0xx_hal_uart.c ****   *         to ensure proper alignment for pData.
1240:Drivers/STM32F0xx_HAL_Driver/Src/stm32f0xx_hal_uart.c ****   * @param huart   UART handle.
1241:Drivers/STM32F0xx_HAL_Driver/Src/stm32f0xx_hal_uart.c ****   * @param pData   Pointer to data buffer (u8 or u16 data elements).
1242:Drivers/STM32F0xx_HAL_Driver/Src/stm32f0xx_hal_uart.c ****   * @param Size    Amount of data elements (u8 or u16) to be received.
1243:Drivers/STM32F0xx_HAL_Driver/Src/stm32f0xx_hal_uart.c ****   * @param Timeout Timeout duration.
1244:Drivers/STM32F0xx_HAL_Driver/Src/stm32f0xx_hal_uart.c ****   * @retval HAL status
1245:Drivers/STM32F0xx_HAL_Driver/Src/stm32f0xx_hal_uart.c ****   */
1246:Drivers/STM32F0xx_HAL_Driver/Src/stm32f0xx_hal_uart.c **** HAL_StatusTypeDef HAL_UART_Receive(UART_HandleTypeDef *huart, uint8_t *pData, uint16_t Size, uint32
1247:Drivers/STM32F0xx_HAL_Driver/Src/stm32f0xx_hal_uart.c **** {
1248:Drivers/STM32F0xx_HAL_Driver/Src/stm32f0xx_hal_uart.c ****   uint8_t  *pdata8bits;
1249:Drivers/STM32F0xx_HAL_Driver/Src/stm32f0xx_hal_uart.c ****   uint16_t *pdata16bits;
1250:Drivers/STM32F0xx_HAL_Driver/Src/stm32f0xx_hal_uart.c ****   uint16_t uhMask;
1251:Drivers/STM32F0xx_HAL_Driver/Src/stm32f0xx_hal_uart.c ****   uint32_t tickstart;
1252:Drivers/STM32F0xx_HAL_Driver/Src/stm32f0xx_hal_uart.c **** 
1253:Drivers/STM32F0xx_HAL_Driver/Src/stm32f0xx_hal_uart.c ****   /* Check that a Rx process is not already ongoing */
1254:Drivers/STM32F0xx_HAL_Driver/Src/stm32f0xx_hal_uart.c ****   if (huart->RxState == HAL_UART_STATE_READY)
1255:Drivers/STM32F0xx_HAL_Driver/Src/stm32f0xx_hal_uart.c ****   {
1256:Drivers/STM32F0xx_HAL_Driver/Src/stm32f0xx_hal_uart.c ****     if ((pData == NULL) || (Size == 0U))
1257:Drivers/STM32F0xx_HAL_Driver/Src/stm32f0xx_hal_uart.c ****     {
1258:Drivers/STM32F0xx_HAL_Driver/Src/stm32f0xx_hal_uart.c ****       return  HAL_ERROR;
1259:Drivers/STM32F0xx_HAL_Driver/Src/stm32f0xx_hal_uart.c ****     }
1260:Drivers/STM32F0xx_HAL_Driver/Src/stm32f0xx_hal_uart.c **** 
1261:Drivers/STM32F0xx_HAL_Driver/Src/stm32f0xx_hal_uart.c ****     /* In case of 9bits/No Parity transfer, pData buffer provided as input parameter
1262:Drivers/STM32F0xx_HAL_Driver/Src/stm32f0xx_hal_uart.c ****        should be aligned on a u16 frontier, as data to be received from RDR will be
1263:Drivers/STM32F0xx_HAL_Driver/Src/stm32f0xx_hal_uart.c ****        handled through a u16 cast. */
1264:Drivers/STM32F0xx_HAL_Driver/Src/stm32f0xx_hal_uart.c ****     if ((huart->Init.WordLength == UART_WORDLENGTH_9B) && (huart->Init.Parity == UART_PARITY_NONE))
1265:Drivers/STM32F0xx_HAL_Driver/Src/stm32f0xx_hal_uart.c ****     {
1266:Drivers/STM32F0xx_HAL_Driver/Src/stm32f0xx_hal_uart.c ****       if ((((uint32_t)pData) & 1U) != 0U)
1267:Drivers/STM32F0xx_HAL_Driver/Src/stm32f0xx_hal_uart.c ****       {
1268:Drivers/STM32F0xx_HAL_Driver/Src/stm32f0xx_hal_uart.c ****         return  HAL_ERROR;
1269:Drivers/STM32F0xx_HAL_Driver/Src/stm32f0xx_hal_uart.c ****       }
1270:Drivers/STM32F0xx_HAL_Driver/Src/stm32f0xx_hal_uart.c ****     }
1271:Drivers/STM32F0xx_HAL_Driver/Src/stm32f0xx_hal_uart.c **** 
1272:Drivers/STM32F0xx_HAL_Driver/Src/stm32f0xx_hal_uart.c ****     __HAL_LOCK(huart);
1273:Drivers/STM32F0xx_HAL_Driver/Src/stm32f0xx_hal_uart.c **** 
1274:Drivers/STM32F0xx_HAL_Driver/Src/stm32f0xx_hal_uart.c ****     huart->ErrorCode = HAL_UART_ERROR_NONE;
1275:Drivers/STM32F0xx_HAL_Driver/Src/stm32f0xx_hal_uart.c ****     huart->RxState = HAL_UART_STATE_BUSY_RX;
1276:Drivers/STM32F0xx_HAL_Driver/Src/stm32f0xx_hal_uart.c ****     huart->ReceptionType = HAL_UART_RECEPTION_STANDARD;
1277:Drivers/STM32F0xx_HAL_Driver/Src/stm32f0xx_hal_uart.c **** 
1278:Drivers/STM32F0xx_HAL_Driver/Src/stm32f0xx_hal_uart.c ****     /* Init tickstart for timeout management */
1279:Drivers/STM32F0xx_HAL_Driver/Src/stm32f0xx_hal_uart.c ****     tickstart = HAL_GetTick();
1280:Drivers/STM32F0xx_HAL_Driver/Src/stm32f0xx_hal_uart.c **** 
1281:Drivers/STM32F0xx_HAL_Driver/Src/stm32f0xx_hal_uart.c ****     huart->RxXferSize  = Size;
1282:Drivers/STM32F0xx_HAL_Driver/Src/stm32f0xx_hal_uart.c ****     huart->RxXferCount = Size;
1283:Drivers/STM32F0xx_HAL_Driver/Src/stm32f0xx_hal_uart.c **** 
1284:Drivers/STM32F0xx_HAL_Driver/Src/stm32f0xx_hal_uart.c ****     /* Computation of UART mask to apply to RDR register */
1285:Drivers/STM32F0xx_HAL_Driver/Src/stm32f0xx_hal_uart.c ****     UART_MASK_COMPUTATION(huart);
1286:Drivers/STM32F0xx_HAL_Driver/Src/stm32f0xx_hal_uart.c ****     uhMask = huart->Mask;
ARM GAS  C:\Users\MINIGU~1\AppData\Local\Temp\cc3PAC1x.s 			page 24


1287:Drivers/STM32F0xx_HAL_Driver/Src/stm32f0xx_hal_uart.c **** 
1288:Drivers/STM32F0xx_HAL_Driver/Src/stm32f0xx_hal_uart.c ****     /* In case of 9bits/No Parity transfer, pRxData needs to be handled as a uint16_t pointer */
1289:Drivers/STM32F0xx_HAL_Driver/Src/stm32f0xx_hal_uart.c ****     if ((huart->Init.WordLength == UART_WORDLENGTH_9B) && (huart->Init.Parity == UART_PARITY_NONE))
1290:Drivers/STM32F0xx_HAL_Driver/Src/stm32f0xx_hal_uart.c ****     {
1291:Drivers/STM32F0xx_HAL_Driver/Src/stm32f0xx_hal_uart.c ****       pdata8bits  = NULL;
1292:Drivers/STM32F0xx_HAL_Driver/Src/stm32f0xx_hal_uart.c ****       pdata16bits = (uint16_t *) pData;
1293:Drivers/STM32F0xx_HAL_Driver/Src/stm32f0xx_hal_uart.c ****     }
1294:Drivers/STM32F0xx_HAL_Driver/Src/stm32f0xx_hal_uart.c ****     else
1295:Drivers/STM32F0xx_HAL_Driver/Src/stm32f0xx_hal_uart.c ****     {
1296:Drivers/STM32F0xx_HAL_Driver/Src/stm32f0xx_hal_uart.c ****       pdata8bits  = pData;
1297:Drivers/STM32F0xx_HAL_Driver/Src/stm32f0xx_hal_uart.c ****       pdata16bits = NULL;
1298:Drivers/STM32F0xx_HAL_Driver/Src/stm32f0xx_hal_uart.c ****     }
1299:Drivers/STM32F0xx_HAL_Driver/Src/stm32f0xx_hal_uart.c **** 
1300:Drivers/STM32F0xx_HAL_Driver/Src/stm32f0xx_hal_uart.c ****     __HAL_UNLOCK(huart);
1301:Drivers/STM32F0xx_HAL_Driver/Src/stm32f0xx_hal_uart.c **** 
1302:Drivers/STM32F0xx_HAL_Driver/Src/stm32f0xx_hal_uart.c ****     /* as long as data have to be received */
1303:Drivers/STM32F0xx_HAL_Driver/Src/stm32f0xx_hal_uart.c ****     while (huart->RxXferCount > 0U)
1304:Drivers/STM32F0xx_HAL_Driver/Src/stm32f0xx_hal_uart.c ****     {
1305:Drivers/STM32F0xx_HAL_Driver/Src/stm32f0xx_hal_uart.c ****       if (UART_WaitOnFlagUntilTimeout(huart, UART_FLAG_RXNE, RESET, tickstart, Timeout) != HAL_OK)
1306:Drivers/STM32F0xx_HAL_Driver/Src/stm32f0xx_hal_uart.c ****       {
1307:Drivers/STM32F0xx_HAL_Driver/Src/stm32f0xx_hal_uart.c ****         return HAL_TIMEOUT;
1308:Drivers/STM32F0xx_HAL_Driver/Src/stm32f0xx_hal_uart.c ****       }
1309:Drivers/STM32F0xx_HAL_Driver/Src/stm32f0xx_hal_uart.c ****       if (pdata8bits == NULL)
1310:Drivers/STM32F0xx_HAL_Driver/Src/stm32f0xx_hal_uart.c ****       {
1311:Drivers/STM32F0xx_HAL_Driver/Src/stm32f0xx_hal_uart.c ****         *pdata16bits = (uint16_t)(huart->Instance->RDR & uhMask);
1312:Drivers/STM32F0xx_HAL_Driver/Src/stm32f0xx_hal_uart.c ****         pdata16bits++;
1313:Drivers/STM32F0xx_HAL_Driver/Src/stm32f0xx_hal_uart.c ****       }
1314:Drivers/STM32F0xx_HAL_Driver/Src/stm32f0xx_hal_uart.c ****       else
1315:Drivers/STM32F0xx_HAL_Driver/Src/stm32f0xx_hal_uart.c ****       {
1316:Drivers/STM32F0xx_HAL_Driver/Src/stm32f0xx_hal_uart.c ****         *pdata8bits = (uint8_t)(huart->Instance->RDR & (uint8_t)uhMask);
1317:Drivers/STM32F0xx_HAL_Driver/Src/stm32f0xx_hal_uart.c ****         pdata8bits++;
1318:Drivers/STM32F0xx_HAL_Driver/Src/stm32f0xx_hal_uart.c ****       }
1319:Drivers/STM32F0xx_HAL_Driver/Src/stm32f0xx_hal_uart.c ****       huart->RxXferCount--;
1320:Drivers/STM32F0xx_HAL_Driver/Src/stm32f0xx_hal_uart.c ****     }
1321:Drivers/STM32F0xx_HAL_Driver/Src/stm32f0xx_hal_uart.c **** 
1322:Drivers/STM32F0xx_HAL_Driver/Src/stm32f0xx_hal_uart.c ****     /* At end of Rx process, restore huart->RxState to Ready */
1323:Drivers/STM32F0xx_HAL_Driver/Src/stm32f0xx_hal_uart.c ****     huart->RxState = HAL_UART_STATE_READY;
1324:Drivers/STM32F0xx_HAL_Driver/Src/stm32f0xx_hal_uart.c **** 
1325:Drivers/STM32F0xx_HAL_Driver/Src/stm32f0xx_hal_uart.c ****     return HAL_OK;
1326:Drivers/STM32F0xx_HAL_Driver/Src/stm32f0xx_hal_uart.c ****   }
1327:Drivers/STM32F0xx_HAL_Driver/Src/stm32f0xx_hal_uart.c ****   else
1328:Drivers/STM32F0xx_HAL_Driver/Src/stm32f0xx_hal_uart.c ****   {
1329:Drivers/STM32F0xx_HAL_Driver/Src/stm32f0xx_hal_uart.c ****     return HAL_BUSY;
1330:Drivers/STM32F0xx_HAL_Driver/Src/stm32f0xx_hal_uart.c ****   }
1331:Drivers/STM32F0xx_HAL_Driver/Src/stm32f0xx_hal_uart.c **** }
1332:Drivers/STM32F0xx_HAL_Driver/Src/stm32f0xx_hal_uart.c **** 
1333:Drivers/STM32F0xx_HAL_Driver/Src/stm32f0xx_hal_uart.c **** /**
1334:Drivers/STM32F0xx_HAL_Driver/Src/stm32f0xx_hal_uart.c ****   * @brief Send an amount of data in interrupt mode.
1335:Drivers/STM32F0xx_HAL_Driver/Src/stm32f0xx_hal_uart.c ****   * @note   When UART parity is not enabled (PCE = 0), and Word Length is configured to 9 bits (M1-
1336:Drivers/STM32F0xx_HAL_Driver/Src/stm32f0xx_hal_uart.c ****   *         the sent data is handled as a set of u16. In this case, Size must indicate the number
1337:Drivers/STM32F0xx_HAL_Driver/Src/stm32f0xx_hal_uart.c ****   *         of u16 provided through pData.
1338:Drivers/STM32F0xx_HAL_Driver/Src/stm32f0xx_hal_uart.c ****   * @note   When UART parity is not enabled (PCE = 0), and Word Length is configured to 9 bits (M1-
1339:Drivers/STM32F0xx_HAL_Driver/Src/stm32f0xx_hal_uart.c ****   *         address of user data buffer containing data to be sent, should be aligned on a half wor
1340:Drivers/STM32F0xx_HAL_Driver/Src/stm32f0xx_hal_uart.c ****   *         (as sent data will be handled using u16 pointer cast). Depending on compilation chain,
1341:Drivers/STM32F0xx_HAL_Driver/Src/stm32f0xx_hal_uart.c ****   *         use of specific alignment compilation directives or pragmas might be required
1342:Drivers/STM32F0xx_HAL_Driver/Src/stm32f0xx_hal_uart.c ****   *         to ensure proper alignment for pData.
1343:Drivers/STM32F0xx_HAL_Driver/Src/stm32f0xx_hal_uart.c ****   * @param huart UART handle.
ARM GAS  C:\Users\MINIGU~1\AppData\Local\Temp\cc3PAC1x.s 			page 25


1344:Drivers/STM32F0xx_HAL_Driver/Src/stm32f0xx_hal_uart.c ****   * @param pData Pointer to data buffer (u8 or u16 data elements).
1345:Drivers/STM32F0xx_HAL_Driver/Src/stm32f0xx_hal_uart.c ****   * @param Size  Amount of data elements (u8 or u16) to be sent.
1346:Drivers/STM32F0xx_HAL_Driver/Src/stm32f0xx_hal_uart.c ****   * @retval HAL status
1347:Drivers/STM32F0xx_HAL_Driver/Src/stm32f0xx_hal_uart.c ****   */
1348:Drivers/STM32F0xx_HAL_Driver/Src/stm32f0xx_hal_uart.c **** HAL_StatusTypeDef HAL_UART_Transmit_IT(UART_HandleTypeDef *huart, uint8_t *pData, uint16_t Size)
1349:Drivers/STM32F0xx_HAL_Driver/Src/stm32f0xx_hal_uart.c **** {
1350:Drivers/STM32F0xx_HAL_Driver/Src/stm32f0xx_hal_uart.c ****   /* Check that a Tx process is not already ongoing */
1351:Drivers/STM32F0xx_HAL_Driver/Src/stm32f0xx_hal_uart.c ****   if (huart->gState == HAL_UART_STATE_READY)
1352:Drivers/STM32F0xx_HAL_Driver/Src/stm32f0xx_hal_uart.c ****   {
1353:Drivers/STM32F0xx_HAL_Driver/Src/stm32f0xx_hal_uart.c ****     if ((pData == NULL) || (Size == 0U))
1354:Drivers/STM32F0xx_HAL_Driver/Src/stm32f0xx_hal_uart.c ****     {
1355:Drivers/STM32F0xx_HAL_Driver/Src/stm32f0xx_hal_uart.c ****       return HAL_ERROR;
1356:Drivers/STM32F0xx_HAL_Driver/Src/stm32f0xx_hal_uart.c ****     }
1357:Drivers/STM32F0xx_HAL_Driver/Src/stm32f0xx_hal_uart.c **** 
1358:Drivers/STM32F0xx_HAL_Driver/Src/stm32f0xx_hal_uart.c ****     /* In case of 9bits/No Parity transfer, pData buffer provided as input parameter
1359:Drivers/STM32F0xx_HAL_Driver/Src/stm32f0xx_hal_uart.c ****        should be aligned on a u16 frontier, as data to be filled into TDR will be
1360:Drivers/STM32F0xx_HAL_Driver/Src/stm32f0xx_hal_uart.c ****        handled through a u16 cast. */
1361:Drivers/STM32F0xx_HAL_Driver/Src/stm32f0xx_hal_uart.c ****     if ((huart->Init.WordLength == UART_WORDLENGTH_9B) && (huart->Init.Parity == UART_PARITY_NONE))
1362:Drivers/STM32F0xx_HAL_Driver/Src/stm32f0xx_hal_uart.c ****     {
1363:Drivers/STM32F0xx_HAL_Driver/Src/stm32f0xx_hal_uart.c ****       if ((((uint32_t)pData) & 1U) != 0U)
1364:Drivers/STM32F0xx_HAL_Driver/Src/stm32f0xx_hal_uart.c ****       {
1365:Drivers/STM32F0xx_HAL_Driver/Src/stm32f0xx_hal_uart.c ****         return  HAL_ERROR;
1366:Drivers/STM32F0xx_HAL_Driver/Src/stm32f0xx_hal_uart.c ****       }
1367:Drivers/STM32F0xx_HAL_Driver/Src/stm32f0xx_hal_uart.c ****     }
1368:Drivers/STM32F0xx_HAL_Driver/Src/stm32f0xx_hal_uart.c **** 
1369:Drivers/STM32F0xx_HAL_Driver/Src/stm32f0xx_hal_uart.c ****     __HAL_LOCK(huart);
1370:Drivers/STM32F0xx_HAL_Driver/Src/stm32f0xx_hal_uart.c **** 
1371:Drivers/STM32F0xx_HAL_Driver/Src/stm32f0xx_hal_uart.c ****     huart->pTxBuffPtr  = pData;
1372:Drivers/STM32F0xx_HAL_Driver/Src/stm32f0xx_hal_uart.c ****     huart->TxXferSize  = Size;
1373:Drivers/STM32F0xx_HAL_Driver/Src/stm32f0xx_hal_uart.c ****     huart->TxXferCount = Size;
1374:Drivers/STM32F0xx_HAL_Driver/Src/stm32f0xx_hal_uart.c ****     huart->TxISR       = NULL;
1375:Drivers/STM32F0xx_HAL_Driver/Src/stm32f0xx_hal_uart.c **** 
1376:Drivers/STM32F0xx_HAL_Driver/Src/stm32f0xx_hal_uart.c ****     huart->ErrorCode = HAL_UART_ERROR_NONE;
1377:Drivers/STM32F0xx_HAL_Driver/Src/stm32f0xx_hal_uart.c ****     huart->gState = HAL_UART_STATE_BUSY_TX;
1378:Drivers/STM32F0xx_HAL_Driver/Src/stm32f0xx_hal_uart.c **** 
1379:Drivers/STM32F0xx_HAL_Driver/Src/stm32f0xx_hal_uart.c ****     /* Set the Tx ISR function pointer according to the data word length */
1380:Drivers/STM32F0xx_HAL_Driver/Src/stm32f0xx_hal_uart.c ****     if ((huart->Init.WordLength == UART_WORDLENGTH_9B) && (huart->Init.Parity == UART_PARITY_NONE))
1381:Drivers/STM32F0xx_HAL_Driver/Src/stm32f0xx_hal_uart.c ****     {
1382:Drivers/STM32F0xx_HAL_Driver/Src/stm32f0xx_hal_uart.c ****       huart->TxISR = UART_TxISR_16BIT;
1383:Drivers/STM32F0xx_HAL_Driver/Src/stm32f0xx_hal_uart.c ****     }
1384:Drivers/STM32F0xx_HAL_Driver/Src/stm32f0xx_hal_uart.c ****     else
1385:Drivers/STM32F0xx_HAL_Driver/Src/stm32f0xx_hal_uart.c ****     {
1386:Drivers/STM32F0xx_HAL_Driver/Src/stm32f0xx_hal_uart.c ****       huart->TxISR = UART_TxISR_8BIT;
1387:Drivers/STM32F0xx_HAL_Driver/Src/stm32f0xx_hal_uart.c ****     }
1388:Drivers/STM32F0xx_HAL_Driver/Src/stm32f0xx_hal_uart.c **** 
1389:Drivers/STM32F0xx_HAL_Driver/Src/stm32f0xx_hal_uart.c ****     __HAL_UNLOCK(huart);
1390:Drivers/STM32F0xx_HAL_Driver/Src/stm32f0xx_hal_uart.c **** 
1391:Drivers/STM32F0xx_HAL_Driver/Src/stm32f0xx_hal_uart.c ****     /* Enable the Transmit Data Register Empty interrupt */
1392:Drivers/STM32F0xx_HAL_Driver/Src/stm32f0xx_hal_uart.c ****     SET_BIT(huart->Instance->CR1, USART_CR1_TXEIE);
1393:Drivers/STM32F0xx_HAL_Driver/Src/stm32f0xx_hal_uart.c **** 
1394:Drivers/STM32F0xx_HAL_Driver/Src/stm32f0xx_hal_uart.c ****     return HAL_OK;
1395:Drivers/STM32F0xx_HAL_Driver/Src/stm32f0xx_hal_uart.c ****   }
1396:Drivers/STM32F0xx_HAL_Driver/Src/stm32f0xx_hal_uart.c ****   else
1397:Drivers/STM32F0xx_HAL_Driver/Src/stm32f0xx_hal_uart.c ****   {
1398:Drivers/STM32F0xx_HAL_Driver/Src/stm32f0xx_hal_uart.c ****     return HAL_BUSY;
1399:Drivers/STM32F0xx_HAL_Driver/Src/stm32f0xx_hal_uart.c ****   }
1400:Drivers/STM32F0xx_HAL_Driver/Src/stm32f0xx_hal_uart.c **** }
ARM GAS  C:\Users\MINIGU~1\AppData\Local\Temp\cc3PAC1x.s 			page 26


1401:Drivers/STM32F0xx_HAL_Driver/Src/stm32f0xx_hal_uart.c **** 
1402:Drivers/STM32F0xx_HAL_Driver/Src/stm32f0xx_hal_uart.c **** /**
1403:Drivers/STM32F0xx_HAL_Driver/Src/stm32f0xx_hal_uart.c ****   * @brief Receive an amount of data in interrupt mode.
1404:Drivers/STM32F0xx_HAL_Driver/Src/stm32f0xx_hal_uart.c ****   * @note   When UART parity is not enabled (PCE = 0), and Word Length is configured to 9 bits (M1-
1405:Drivers/STM32F0xx_HAL_Driver/Src/stm32f0xx_hal_uart.c ****   *         the received data is handled as a set of u16. In this case, Size must indicate the numb
1406:Drivers/STM32F0xx_HAL_Driver/Src/stm32f0xx_hal_uart.c ****   *         of u16 available through pData.
1407:Drivers/STM32F0xx_HAL_Driver/Src/stm32f0xx_hal_uart.c ****   * @note   When UART parity is not enabled (PCE = 0), and Word Length is configured to 9 bits (M1-
1408:Drivers/STM32F0xx_HAL_Driver/Src/stm32f0xx_hal_uart.c ****   *         address of user data buffer for storing data to be received, should be aligned on a hal
1409:Drivers/STM32F0xx_HAL_Driver/Src/stm32f0xx_hal_uart.c ****   *         (as received data will be handled using u16 pointer cast). Depending on compilation cha
1410:Drivers/STM32F0xx_HAL_Driver/Src/stm32f0xx_hal_uart.c ****   *         use of specific alignment compilation directives or pragmas might be required
1411:Drivers/STM32F0xx_HAL_Driver/Src/stm32f0xx_hal_uart.c ****   *         to ensure proper alignment for pData.
1412:Drivers/STM32F0xx_HAL_Driver/Src/stm32f0xx_hal_uart.c ****   * @param huart UART handle.
1413:Drivers/STM32F0xx_HAL_Driver/Src/stm32f0xx_hal_uart.c ****   * @param pData Pointer to data buffer (u8 or u16 data elements).
1414:Drivers/STM32F0xx_HAL_Driver/Src/stm32f0xx_hal_uart.c ****   * @param Size  Amount of data elements (u8 or u16) to be received.
1415:Drivers/STM32F0xx_HAL_Driver/Src/stm32f0xx_hal_uart.c ****   * @retval HAL status
1416:Drivers/STM32F0xx_HAL_Driver/Src/stm32f0xx_hal_uart.c ****   */
1417:Drivers/STM32F0xx_HAL_Driver/Src/stm32f0xx_hal_uart.c **** HAL_StatusTypeDef HAL_UART_Receive_IT(UART_HandleTypeDef *huart, uint8_t *pData, uint16_t Size)
1418:Drivers/STM32F0xx_HAL_Driver/Src/stm32f0xx_hal_uart.c **** {
1419:Drivers/STM32F0xx_HAL_Driver/Src/stm32f0xx_hal_uart.c ****   /* Check that a Rx process is not already ongoing */
1420:Drivers/STM32F0xx_HAL_Driver/Src/stm32f0xx_hal_uart.c ****   if (huart->RxState == HAL_UART_STATE_READY)
1421:Drivers/STM32F0xx_HAL_Driver/Src/stm32f0xx_hal_uart.c ****   {
1422:Drivers/STM32F0xx_HAL_Driver/Src/stm32f0xx_hal_uart.c ****     if ((pData == NULL) || (Size == 0U))
1423:Drivers/STM32F0xx_HAL_Driver/Src/stm32f0xx_hal_uart.c ****     {
1424:Drivers/STM32F0xx_HAL_Driver/Src/stm32f0xx_hal_uart.c ****       return HAL_ERROR;
1425:Drivers/STM32F0xx_HAL_Driver/Src/stm32f0xx_hal_uart.c ****     }
1426:Drivers/STM32F0xx_HAL_Driver/Src/stm32f0xx_hal_uart.c **** 
1427:Drivers/STM32F0xx_HAL_Driver/Src/stm32f0xx_hal_uart.c ****     /* In case of 9bits/No Parity transfer, pData buffer provided as input parameter
1428:Drivers/STM32F0xx_HAL_Driver/Src/stm32f0xx_hal_uart.c ****        should be aligned on a u16 frontier, as data to be received from RDR will be
1429:Drivers/STM32F0xx_HAL_Driver/Src/stm32f0xx_hal_uart.c ****        handled through a u16 cast. */
1430:Drivers/STM32F0xx_HAL_Driver/Src/stm32f0xx_hal_uart.c ****     if ((huart->Init.WordLength == UART_WORDLENGTH_9B) && (huart->Init.Parity == UART_PARITY_NONE))
1431:Drivers/STM32F0xx_HAL_Driver/Src/stm32f0xx_hal_uart.c ****     {
1432:Drivers/STM32F0xx_HAL_Driver/Src/stm32f0xx_hal_uart.c ****       if ((((uint32_t)pData) & 1U) != 0U)
1433:Drivers/STM32F0xx_HAL_Driver/Src/stm32f0xx_hal_uart.c ****       {
1434:Drivers/STM32F0xx_HAL_Driver/Src/stm32f0xx_hal_uart.c ****         return  HAL_ERROR;
1435:Drivers/STM32F0xx_HAL_Driver/Src/stm32f0xx_hal_uart.c ****       }
1436:Drivers/STM32F0xx_HAL_Driver/Src/stm32f0xx_hal_uart.c ****     }
1437:Drivers/STM32F0xx_HAL_Driver/Src/stm32f0xx_hal_uart.c **** 
1438:Drivers/STM32F0xx_HAL_Driver/Src/stm32f0xx_hal_uart.c ****     __HAL_LOCK(huart);
1439:Drivers/STM32F0xx_HAL_Driver/Src/stm32f0xx_hal_uart.c **** 
1440:Drivers/STM32F0xx_HAL_Driver/Src/stm32f0xx_hal_uart.c ****     /* Set Reception type to Standard reception */
1441:Drivers/STM32F0xx_HAL_Driver/Src/stm32f0xx_hal_uart.c ****     huart->ReceptionType = HAL_UART_RECEPTION_STANDARD;
1442:Drivers/STM32F0xx_HAL_Driver/Src/stm32f0xx_hal_uart.c **** 
1443:Drivers/STM32F0xx_HAL_Driver/Src/stm32f0xx_hal_uart.c ****     /* Check that USART RTOEN bit is set */
1444:Drivers/STM32F0xx_HAL_Driver/Src/stm32f0xx_hal_uart.c ****     if(READ_BIT(huart->Instance->CR2, USART_CR2_RTOEN) != 0U)
1445:Drivers/STM32F0xx_HAL_Driver/Src/stm32f0xx_hal_uart.c ****     {
1446:Drivers/STM32F0xx_HAL_Driver/Src/stm32f0xx_hal_uart.c ****       /* Enable the UART Receiver Timeout Interrupt */
1447:Drivers/STM32F0xx_HAL_Driver/Src/stm32f0xx_hal_uart.c ****       SET_BIT(huart->Instance->CR1, USART_CR1_RTOIE);
1448:Drivers/STM32F0xx_HAL_Driver/Src/stm32f0xx_hal_uart.c ****     }
1449:Drivers/STM32F0xx_HAL_Driver/Src/stm32f0xx_hal_uart.c **** 
1450:Drivers/STM32F0xx_HAL_Driver/Src/stm32f0xx_hal_uart.c ****     return(UART_Start_Receive_IT(huart, pData, Size));
1451:Drivers/STM32F0xx_HAL_Driver/Src/stm32f0xx_hal_uart.c ****   }
1452:Drivers/STM32F0xx_HAL_Driver/Src/stm32f0xx_hal_uart.c ****   else
1453:Drivers/STM32F0xx_HAL_Driver/Src/stm32f0xx_hal_uart.c ****   {
1454:Drivers/STM32F0xx_HAL_Driver/Src/stm32f0xx_hal_uart.c ****     return HAL_BUSY;
1455:Drivers/STM32F0xx_HAL_Driver/Src/stm32f0xx_hal_uart.c ****   }
1456:Drivers/STM32F0xx_HAL_Driver/Src/stm32f0xx_hal_uart.c **** }
1457:Drivers/STM32F0xx_HAL_Driver/Src/stm32f0xx_hal_uart.c **** 
ARM GAS  C:\Users\MINIGU~1\AppData\Local\Temp\cc3PAC1x.s 			page 27


1458:Drivers/STM32F0xx_HAL_Driver/Src/stm32f0xx_hal_uart.c **** /**
1459:Drivers/STM32F0xx_HAL_Driver/Src/stm32f0xx_hal_uart.c ****   * @brief Send an amount of data in DMA mode.
1460:Drivers/STM32F0xx_HAL_Driver/Src/stm32f0xx_hal_uart.c ****   * @note   When UART parity is not enabled (PCE = 0), and Word Length is configured to 9 bits (M1-
1461:Drivers/STM32F0xx_HAL_Driver/Src/stm32f0xx_hal_uart.c ****   *         the sent data is handled as a set of u16. In this case, Size must indicate the number
1462:Drivers/STM32F0xx_HAL_Driver/Src/stm32f0xx_hal_uart.c ****   *         of u16 provided through pData.
1463:Drivers/STM32F0xx_HAL_Driver/Src/stm32f0xx_hal_uart.c ****   * @note   When UART parity is not enabled (PCE = 0), and Word Length is configured to 9 bits (M1-
1464:Drivers/STM32F0xx_HAL_Driver/Src/stm32f0xx_hal_uart.c ****   *         address of user data buffer containing data to be sent, should be aligned on a half wor
1465:Drivers/STM32F0xx_HAL_Driver/Src/stm32f0xx_hal_uart.c ****   *         (as sent data will be handled by DMA from halfword frontier). Depending on compilation 
1466:Drivers/STM32F0xx_HAL_Driver/Src/stm32f0xx_hal_uart.c ****   *         use of specific alignment compilation directives or pragmas might be required
1467:Drivers/STM32F0xx_HAL_Driver/Src/stm32f0xx_hal_uart.c ****   *         to ensure proper alignment for pData.
1468:Drivers/STM32F0xx_HAL_Driver/Src/stm32f0xx_hal_uart.c ****   * @param huart UART handle.
1469:Drivers/STM32F0xx_HAL_Driver/Src/stm32f0xx_hal_uart.c ****   * @param pData Pointer to data buffer (u8 or u16 data elements).
1470:Drivers/STM32F0xx_HAL_Driver/Src/stm32f0xx_hal_uart.c ****   * @param Size  Amount of data elements (u8 or u16) to be sent.
1471:Drivers/STM32F0xx_HAL_Driver/Src/stm32f0xx_hal_uart.c ****   * @retval HAL status
1472:Drivers/STM32F0xx_HAL_Driver/Src/stm32f0xx_hal_uart.c ****   */
1473:Drivers/STM32F0xx_HAL_Driver/Src/stm32f0xx_hal_uart.c **** HAL_StatusTypeDef HAL_UART_Transmit_DMA(UART_HandleTypeDef *huart, uint8_t *pData, uint16_t Size)
1474:Drivers/STM32F0xx_HAL_Driver/Src/stm32f0xx_hal_uart.c **** {
1475:Drivers/STM32F0xx_HAL_Driver/Src/stm32f0xx_hal_uart.c ****   /* Check that a Tx process is not already ongoing */
1476:Drivers/STM32F0xx_HAL_Driver/Src/stm32f0xx_hal_uart.c ****   if (huart->gState == HAL_UART_STATE_READY)
1477:Drivers/STM32F0xx_HAL_Driver/Src/stm32f0xx_hal_uart.c ****   {
1478:Drivers/STM32F0xx_HAL_Driver/Src/stm32f0xx_hal_uart.c ****     if ((pData == NULL) || (Size == 0U))
1479:Drivers/STM32F0xx_HAL_Driver/Src/stm32f0xx_hal_uart.c ****     {
1480:Drivers/STM32F0xx_HAL_Driver/Src/stm32f0xx_hal_uart.c ****       return HAL_ERROR;
1481:Drivers/STM32F0xx_HAL_Driver/Src/stm32f0xx_hal_uart.c ****     }
1482:Drivers/STM32F0xx_HAL_Driver/Src/stm32f0xx_hal_uart.c **** 
1483:Drivers/STM32F0xx_HAL_Driver/Src/stm32f0xx_hal_uart.c ****     /* In case of 9bits/No Parity transfer, pData buffer provided as input parameter
1484:Drivers/STM32F0xx_HAL_Driver/Src/stm32f0xx_hal_uart.c ****        should be aligned on a u16 frontier, as data copy into TDR will be
1485:Drivers/STM32F0xx_HAL_Driver/Src/stm32f0xx_hal_uart.c ****        handled by DMA from a u16 frontier. */
1486:Drivers/STM32F0xx_HAL_Driver/Src/stm32f0xx_hal_uart.c ****     if ((huart->Init.WordLength == UART_WORDLENGTH_9B) && (huart->Init.Parity == UART_PARITY_NONE))
1487:Drivers/STM32F0xx_HAL_Driver/Src/stm32f0xx_hal_uart.c ****     {
1488:Drivers/STM32F0xx_HAL_Driver/Src/stm32f0xx_hal_uart.c ****       if ((((uint32_t)pData) & 1U) != 0U)
1489:Drivers/STM32F0xx_HAL_Driver/Src/stm32f0xx_hal_uart.c ****       {
1490:Drivers/STM32F0xx_HAL_Driver/Src/stm32f0xx_hal_uart.c ****         return  HAL_ERROR;
1491:Drivers/STM32F0xx_HAL_Driver/Src/stm32f0xx_hal_uart.c ****       }
1492:Drivers/STM32F0xx_HAL_Driver/Src/stm32f0xx_hal_uart.c ****     }
1493:Drivers/STM32F0xx_HAL_Driver/Src/stm32f0xx_hal_uart.c **** 
1494:Drivers/STM32F0xx_HAL_Driver/Src/stm32f0xx_hal_uart.c ****     __HAL_LOCK(huart);
1495:Drivers/STM32F0xx_HAL_Driver/Src/stm32f0xx_hal_uart.c **** 
1496:Drivers/STM32F0xx_HAL_Driver/Src/stm32f0xx_hal_uart.c ****     huart->pTxBuffPtr  = pData;
1497:Drivers/STM32F0xx_HAL_Driver/Src/stm32f0xx_hal_uart.c ****     huart->TxXferSize  = Size;
1498:Drivers/STM32F0xx_HAL_Driver/Src/stm32f0xx_hal_uart.c ****     huart->TxXferCount = Size;
1499:Drivers/STM32F0xx_HAL_Driver/Src/stm32f0xx_hal_uart.c **** 
1500:Drivers/STM32F0xx_HAL_Driver/Src/stm32f0xx_hal_uart.c ****     huart->ErrorCode = HAL_UART_ERROR_NONE;
1501:Drivers/STM32F0xx_HAL_Driver/Src/stm32f0xx_hal_uart.c ****     huart->gState = HAL_UART_STATE_BUSY_TX;
1502:Drivers/STM32F0xx_HAL_Driver/Src/stm32f0xx_hal_uart.c **** 
1503:Drivers/STM32F0xx_HAL_Driver/Src/stm32f0xx_hal_uart.c ****     if (huart->hdmatx != NULL)
1504:Drivers/STM32F0xx_HAL_Driver/Src/stm32f0xx_hal_uart.c ****     {
1505:Drivers/STM32F0xx_HAL_Driver/Src/stm32f0xx_hal_uart.c ****       /* Set the UART DMA transfer complete callback */
1506:Drivers/STM32F0xx_HAL_Driver/Src/stm32f0xx_hal_uart.c ****       huart->hdmatx->XferCpltCallback = UART_DMATransmitCplt;
1507:Drivers/STM32F0xx_HAL_Driver/Src/stm32f0xx_hal_uart.c **** 
1508:Drivers/STM32F0xx_HAL_Driver/Src/stm32f0xx_hal_uart.c ****       /* Set the UART DMA Half transfer complete callback */
1509:Drivers/STM32F0xx_HAL_Driver/Src/stm32f0xx_hal_uart.c ****       huart->hdmatx->XferHalfCpltCallback = UART_DMATxHalfCplt;
1510:Drivers/STM32F0xx_HAL_Driver/Src/stm32f0xx_hal_uart.c **** 
1511:Drivers/STM32F0xx_HAL_Driver/Src/stm32f0xx_hal_uart.c ****       /* Set the DMA error callback */
1512:Drivers/STM32F0xx_HAL_Driver/Src/stm32f0xx_hal_uart.c ****       huart->hdmatx->XferErrorCallback = UART_DMAError;
1513:Drivers/STM32F0xx_HAL_Driver/Src/stm32f0xx_hal_uart.c **** 
1514:Drivers/STM32F0xx_HAL_Driver/Src/stm32f0xx_hal_uart.c ****       /* Set the DMA abort callback */
ARM GAS  C:\Users\MINIGU~1\AppData\Local\Temp\cc3PAC1x.s 			page 28


1515:Drivers/STM32F0xx_HAL_Driver/Src/stm32f0xx_hal_uart.c ****       huart->hdmatx->XferAbortCallback = NULL;
1516:Drivers/STM32F0xx_HAL_Driver/Src/stm32f0xx_hal_uart.c **** 
1517:Drivers/STM32F0xx_HAL_Driver/Src/stm32f0xx_hal_uart.c ****       /* Enable the UART transmit DMA channel */
1518:Drivers/STM32F0xx_HAL_Driver/Src/stm32f0xx_hal_uart.c ****       if (HAL_DMA_Start_IT(huart->hdmatx, (uint32_t)huart->pTxBuffPtr, (uint32_t)&huart->Instance->
1519:Drivers/STM32F0xx_HAL_Driver/Src/stm32f0xx_hal_uart.c ****       {
1520:Drivers/STM32F0xx_HAL_Driver/Src/stm32f0xx_hal_uart.c ****         /* Set error code to DMA */
1521:Drivers/STM32F0xx_HAL_Driver/Src/stm32f0xx_hal_uart.c ****         huart->ErrorCode = HAL_UART_ERROR_DMA;
1522:Drivers/STM32F0xx_HAL_Driver/Src/stm32f0xx_hal_uart.c **** 
1523:Drivers/STM32F0xx_HAL_Driver/Src/stm32f0xx_hal_uart.c ****         __HAL_UNLOCK(huart);
1524:Drivers/STM32F0xx_HAL_Driver/Src/stm32f0xx_hal_uart.c **** 
1525:Drivers/STM32F0xx_HAL_Driver/Src/stm32f0xx_hal_uart.c ****         /* Restore huart->gState to ready */
1526:Drivers/STM32F0xx_HAL_Driver/Src/stm32f0xx_hal_uart.c ****         huart->gState = HAL_UART_STATE_READY;
1527:Drivers/STM32F0xx_HAL_Driver/Src/stm32f0xx_hal_uart.c **** 
1528:Drivers/STM32F0xx_HAL_Driver/Src/stm32f0xx_hal_uart.c ****         return HAL_ERROR;
1529:Drivers/STM32F0xx_HAL_Driver/Src/stm32f0xx_hal_uart.c ****       }
1530:Drivers/STM32F0xx_HAL_Driver/Src/stm32f0xx_hal_uart.c ****     }
1531:Drivers/STM32F0xx_HAL_Driver/Src/stm32f0xx_hal_uart.c ****     /* Clear the TC flag in the ICR register */
1532:Drivers/STM32F0xx_HAL_Driver/Src/stm32f0xx_hal_uart.c ****     __HAL_UART_CLEAR_FLAG(huart, UART_CLEAR_TCF);
1533:Drivers/STM32F0xx_HAL_Driver/Src/stm32f0xx_hal_uart.c **** 
1534:Drivers/STM32F0xx_HAL_Driver/Src/stm32f0xx_hal_uart.c ****     __HAL_UNLOCK(huart);
1535:Drivers/STM32F0xx_HAL_Driver/Src/stm32f0xx_hal_uart.c **** 
1536:Drivers/STM32F0xx_HAL_Driver/Src/stm32f0xx_hal_uart.c ****     /* Enable the DMA transfer for transmit request by setting the DMAT bit
1537:Drivers/STM32F0xx_HAL_Driver/Src/stm32f0xx_hal_uart.c ****     in the UART CR3 register */
1538:Drivers/STM32F0xx_HAL_Driver/Src/stm32f0xx_hal_uart.c ****     SET_BIT(huart->Instance->CR3, USART_CR3_DMAT);
1539:Drivers/STM32F0xx_HAL_Driver/Src/stm32f0xx_hal_uart.c **** 
1540:Drivers/STM32F0xx_HAL_Driver/Src/stm32f0xx_hal_uart.c ****     return HAL_OK;
1541:Drivers/STM32F0xx_HAL_Driver/Src/stm32f0xx_hal_uart.c ****   }
1542:Drivers/STM32F0xx_HAL_Driver/Src/stm32f0xx_hal_uart.c ****   else
1543:Drivers/STM32F0xx_HAL_Driver/Src/stm32f0xx_hal_uart.c ****   {
1544:Drivers/STM32F0xx_HAL_Driver/Src/stm32f0xx_hal_uart.c ****     return HAL_BUSY;
1545:Drivers/STM32F0xx_HAL_Driver/Src/stm32f0xx_hal_uart.c ****   }
1546:Drivers/STM32F0xx_HAL_Driver/Src/stm32f0xx_hal_uart.c **** }
1547:Drivers/STM32F0xx_HAL_Driver/Src/stm32f0xx_hal_uart.c **** 
1548:Drivers/STM32F0xx_HAL_Driver/Src/stm32f0xx_hal_uart.c **** /**
1549:Drivers/STM32F0xx_HAL_Driver/Src/stm32f0xx_hal_uart.c ****   * @brief Receive an amount of data in DMA mode.
1550:Drivers/STM32F0xx_HAL_Driver/Src/stm32f0xx_hal_uart.c ****   * @note   When the UART parity is enabled (PCE = 1), the received data contain
1551:Drivers/STM32F0xx_HAL_Driver/Src/stm32f0xx_hal_uart.c ****   *         the parity bit (MSB position).
1552:Drivers/STM32F0xx_HAL_Driver/Src/stm32f0xx_hal_uart.c ****   * @note   When UART parity is not enabled (PCE = 0), and Word Length is configured to 9 bits (M1-
1553:Drivers/STM32F0xx_HAL_Driver/Src/stm32f0xx_hal_uart.c ****   *         the received data is handled as a set of u16. In this case, Size must indicate the numb
1554:Drivers/STM32F0xx_HAL_Driver/Src/stm32f0xx_hal_uart.c ****   *         of u16 available through pData.
1555:Drivers/STM32F0xx_HAL_Driver/Src/stm32f0xx_hal_uart.c ****   * @note   When UART parity is not enabled (PCE = 0), and Word Length is configured to 9 bits (M1-
1556:Drivers/STM32F0xx_HAL_Driver/Src/stm32f0xx_hal_uart.c ****   *         address of user data buffer for storing data to be received, should be aligned on a hal
1557:Drivers/STM32F0xx_HAL_Driver/Src/stm32f0xx_hal_uart.c ****   *         (16 bits) (as received data will be handled by DMA from halfword frontier). Depending o
1558:Drivers/STM32F0xx_HAL_Driver/Src/stm32f0xx_hal_uart.c ****   *         use of specific alignment compilation directives or pragmas might be required
1559:Drivers/STM32F0xx_HAL_Driver/Src/stm32f0xx_hal_uart.c ****   *         to ensure proper alignment for pData.
1560:Drivers/STM32F0xx_HAL_Driver/Src/stm32f0xx_hal_uart.c ****   * @param huart UART handle.
1561:Drivers/STM32F0xx_HAL_Driver/Src/stm32f0xx_hal_uart.c ****   * @param pData Pointer to data buffer (u8 or u16 data elements).
1562:Drivers/STM32F0xx_HAL_Driver/Src/stm32f0xx_hal_uart.c ****   * @param Size  Amount of data elements (u8 or u16) to be received.
1563:Drivers/STM32F0xx_HAL_Driver/Src/stm32f0xx_hal_uart.c ****   * @retval HAL status
1564:Drivers/STM32F0xx_HAL_Driver/Src/stm32f0xx_hal_uart.c ****   */
1565:Drivers/STM32F0xx_HAL_Driver/Src/stm32f0xx_hal_uart.c **** HAL_StatusTypeDef HAL_UART_Receive_DMA(UART_HandleTypeDef *huart, uint8_t *pData, uint16_t Size)
1566:Drivers/STM32F0xx_HAL_Driver/Src/stm32f0xx_hal_uart.c **** {
1567:Drivers/STM32F0xx_HAL_Driver/Src/stm32f0xx_hal_uart.c ****   /* Check that a Rx process is not already ongoing */
1568:Drivers/STM32F0xx_HAL_Driver/Src/stm32f0xx_hal_uart.c ****   if (huart->RxState == HAL_UART_STATE_READY)
1569:Drivers/STM32F0xx_HAL_Driver/Src/stm32f0xx_hal_uart.c ****   {
1570:Drivers/STM32F0xx_HAL_Driver/Src/stm32f0xx_hal_uart.c ****     if ((pData == NULL) || (Size == 0U))
1571:Drivers/STM32F0xx_HAL_Driver/Src/stm32f0xx_hal_uart.c ****     {
ARM GAS  C:\Users\MINIGU~1\AppData\Local\Temp\cc3PAC1x.s 			page 29


1572:Drivers/STM32F0xx_HAL_Driver/Src/stm32f0xx_hal_uart.c ****       return HAL_ERROR;
1573:Drivers/STM32F0xx_HAL_Driver/Src/stm32f0xx_hal_uart.c ****     }
1574:Drivers/STM32F0xx_HAL_Driver/Src/stm32f0xx_hal_uart.c **** 
1575:Drivers/STM32F0xx_HAL_Driver/Src/stm32f0xx_hal_uart.c ****     /* In case of 9bits/No Parity transfer, pData buffer provided as input parameter
1576:Drivers/STM32F0xx_HAL_Driver/Src/stm32f0xx_hal_uart.c ****        should be aligned on a u16 frontier, as data copy from RDR will be
1577:Drivers/STM32F0xx_HAL_Driver/Src/stm32f0xx_hal_uart.c ****        handled by DMA from a u16 frontier. */
1578:Drivers/STM32F0xx_HAL_Driver/Src/stm32f0xx_hal_uart.c ****     if ((huart->Init.WordLength == UART_WORDLENGTH_9B) && (huart->Init.Parity == UART_PARITY_NONE))
1579:Drivers/STM32F0xx_HAL_Driver/Src/stm32f0xx_hal_uart.c ****     {
1580:Drivers/STM32F0xx_HAL_Driver/Src/stm32f0xx_hal_uart.c ****       if ((((uint32_t)pData) & 1U) != 0U)
1581:Drivers/STM32F0xx_HAL_Driver/Src/stm32f0xx_hal_uart.c ****       {
1582:Drivers/STM32F0xx_HAL_Driver/Src/stm32f0xx_hal_uart.c ****         return  HAL_ERROR;
1583:Drivers/STM32F0xx_HAL_Driver/Src/stm32f0xx_hal_uart.c ****       }
1584:Drivers/STM32F0xx_HAL_Driver/Src/stm32f0xx_hal_uart.c ****     }
1585:Drivers/STM32F0xx_HAL_Driver/Src/stm32f0xx_hal_uart.c **** 
1586:Drivers/STM32F0xx_HAL_Driver/Src/stm32f0xx_hal_uart.c ****     __HAL_LOCK(huart);
1587:Drivers/STM32F0xx_HAL_Driver/Src/stm32f0xx_hal_uart.c **** 
1588:Drivers/STM32F0xx_HAL_Driver/Src/stm32f0xx_hal_uart.c ****     /* Set Reception type to Standard reception */
1589:Drivers/STM32F0xx_HAL_Driver/Src/stm32f0xx_hal_uart.c ****     huart->ReceptionType = HAL_UART_RECEPTION_STANDARD;
1590:Drivers/STM32F0xx_HAL_Driver/Src/stm32f0xx_hal_uart.c **** 
1591:Drivers/STM32F0xx_HAL_Driver/Src/stm32f0xx_hal_uart.c ****     /* Check that USART RTOEN bit is set */
1592:Drivers/STM32F0xx_HAL_Driver/Src/stm32f0xx_hal_uart.c ****     if(READ_BIT(huart->Instance->CR2, USART_CR2_RTOEN) != 0U)
1593:Drivers/STM32F0xx_HAL_Driver/Src/stm32f0xx_hal_uart.c ****     {
1594:Drivers/STM32F0xx_HAL_Driver/Src/stm32f0xx_hal_uart.c ****       /* Enable the UART Receiver Timeout Interrupt */
1595:Drivers/STM32F0xx_HAL_Driver/Src/stm32f0xx_hal_uart.c ****       SET_BIT(huart->Instance->CR1, USART_CR1_RTOIE);
1596:Drivers/STM32F0xx_HAL_Driver/Src/stm32f0xx_hal_uart.c ****     }
1597:Drivers/STM32F0xx_HAL_Driver/Src/stm32f0xx_hal_uart.c **** 
1598:Drivers/STM32F0xx_HAL_Driver/Src/stm32f0xx_hal_uart.c ****     return(UART_Start_Receive_DMA(huart, pData, Size));
1599:Drivers/STM32F0xx_HAL_Driver/Src/stm32f0xx_hal_uart.c ****   }
1600:Drivers/STM32F0xx_HAL_Driver/Src/stm32f0xx_hal_uart.c ****   else
1601:Drivers/STM32F0xx_HAL_Driver/Src/stm32f0xx_hal_uart.c ****   {
1602:Drivers/STM32F0xx_HAL_Driver/Src/stm32f0xx_hal_uart.c ****     return HAL_BUSY;
1603:Drivers/STM32F0xx_HAL_Driver/Src/stm32f0xx_hal_uart.c ****   }
1604:Drivers/STM32F0xx_HAL_Driver/Src/stm32f0xx_hal_uart.c **** }
1605:Drivers/STM32F0xx_HAL_Driver/Src/stm32f0xx_hal_uart.c **** 
1606:Drivers/STM32F0xx_HAL_Driver/Src/stm32f0xx_hal_uart.c **** /**
1607:Drivers/STM32F0xx_HAL_Driver/Src/stm32f0xx_hal_uart.c ****   * @brief Pause the DMA Transfer.
1608:Drivers/STM32F0xx_HAL_Driver/Src/stm32f0xx_hal_uart.c ****   * @param huart UART handle.
1609:Drivers/STM32F0xx_HAL_Driver/Src/stm32f0xx_hal_uart.c ****   * @retval HAL status
1610:Drivers/STM32F0xx_HAL_Driver/Src/stm32f0xx_hal_uart.c ****   */
1611:Drivers/STM32F0xx_HAL_Driver/Src/stm32f0xx_hal_uart.c **** HAL_StatusTypeDef HAL_UART_DMAPause(UART_HandleTypeDef *huart)
1612:Drivers/STM32F0xx_HAL_Driver/Src/stm32f0xx_hal_uart.c **** {
1613:Drivers/STM32F0xx_HAL_Driver/Src/stm32f0xx_hal_uart.c ****   const HAL_UART_StateTypeDef gstate = huart->gState;
1614:Drivers/STM32F0xx_HAL_Driver/Src/stm32f0xx_hal_uart.c ****   const HAL_UART_StateTypeDef rxstate = huart->RxState;
1615:Drivers/STM32F0xx_HAL_Driver/Src/stm32f0xx_hal_uart.c **** 
1616:Drivers/STM32F0xx_HAL_Driver/Src/stm32f0xx_hal_uart.c ****   __HAL_LOCK(huart);
1617:Drivers/STM32F0xx_HAL_Driver/Src/stm32f0xx_hal_uart.c **** 
1618:Drivers/STM32F0xx_HAL_Driver/Src/stm32f0xx_hal_uart.c ****   if ((HAL_IS_BIT_SET(huart->Instance->CR3, USART_CR3_DMAT)) &&
1619:Drivers/STM32F0xx_HAL_Driver/Src/stm32f0xx_hal_uart.c ****       (gstate == HAL_UART_STATE_BUSY_TX))
1620:Drivers/STM32F0xx_HAL_Driver/Src/stm32f0xx_hal_uart.c ****   {
1621:Drivers/STM32F0xx_HAL_Driver/Src/stm32f0xx_hal_uart.c ****     /* Disable the UART DMA Tx request */
1622:Drivers/STM32F0xx_HAL_Driver/Src/stm32f0xx_hal_uart.c ****     CLEAR_BIT(huart->Instance->CR3, USART_CR3_DMAT);
1623:Drivers/STM32F0xx_HAL_Driver/Src/stm32f0xx_hal_uart.c ****   }
1624:Drivers/STM32F0xx_HAL_Driver/Src/stm32f0xx_hal_uart.c ****   if ((HAL_IS_BIT_SET(huart->Instance->CR3, USART_CR3_DMAR)) &&
1625:Drivers/STM32F0xx_HAL_Driver/Src/stm32f0xx_hal_uart.c ****       (rxstate == HAL_UART_STATE_BUSY_RX))
1626:Drivers/STM32F0xx_HAL_Driver/Src/stm32f0xx_hal_uart.c ****   {
1627:Drivers/STM32F0xx_HAL_Driver/Src/stm32f0xx_hal_uart.c ****     /* Disable PE and ERR (Frame error, noise error, overrun error) interrupts */
1628:Drivers/STM32F0xx_HAL_Driver/Src/stm32f0xx_hal_uart.c ****     CLEAR_BIT(huart->Instance->CR1, USART_CR1_PEIE);
ARM GAS  C:\Users\MINIGU~1\AppData\Local\Temp\cc3PAC1x.s 			page 30


1629:Drivers/STM32F0xx_HAL_Driver/Src/stm32f0xx_hal_uart.c ****     CLEAR_BIT(huart->Instance->CR3, USART_CR3_EIE);
1630:Drivers/STM32F0xx_HAL_Driver/Src/stm32f0xx_hal_uart.c **** 
1631:Drivers/STM32F0xx_HAL_Driver/Src/stm32f0xx_hal_uart.c ****     /* Disable the UART DMA Rx request */
1632:Drivers/STM32F0xx_HAL_Driver/Src/stm32f0xx_hal_uart.c ****     CLEAR_BIT(huart->Instance->CR3, USART_CR3_DMAR);
1633:Drivers/STM32F0xx_HAL_Driver/Src/stm32f0xx_hal_uart.c ****   }
1634:Drivers/STM32F0xx_HAL_Driver/Src/stm32f0xx_hal_uart.c **** 
1635:Drivers/STM32F0xx_HAL_Driver/Src/stm32f0xx_hal_uart.c ****   __HAL_UNLOCK(huart);
1636:Drivers/STM32F0xx_HAL_Driver/Src/stm32f0xx_hal_uart.c **** 
1637:Drivers/STM32F0xx_HAL_Driver/Src/stm32f0xx_hal_uart.c ****   return HAL_OK;
1638:Drivers/STM32F0xx_HAL_Driver/Src/stm32f0xx_hal_uart.c **** }
1639:Drivers/STM32F0xx_HAL_Driver/Src/stm32f0xx_hal_uart.c **** 
1640:Drivers/STM32F0xx_HAL_Driver/Src/stm32f0xx_hal_uart.c **** /**
1641:Drivers/STM32F0xx_HAL_Driver/Src/stm32f0xx_hal_uart.c ****   * @brief Resume the DMA Transfer.
1642:Drivers/STM32F0xx_HAL_Driver/Src/stm32f0xx_hal_uart.c ****   * @param huart UART handle.
1643:Drivers/STM32F0xx_HAL_Driver/Src/stm32f0xx_hal_uart.c ****   * @retval HAL status
1644:Drivers/STM32F0xx_HAL_Driver/Src/stm32f0xx_hal_uart.c ****   */
1645:Drivers/STM32F0xx_HAL_Driver/Src/stm32f0xx_hal_uart.c **** HAL_StatusTypeDef HAL_UART_DMAResume(UART_HandleTypeDef *huart)
1646:Drivers/STM32F0xx_HAL_Driver/Src/stm32f0xx_hal_uart.c **** {
1647:Drivers/STM32F0xx_HAL_Driver/Src/stm32f0xx_hal_uart.c ****   __HAL_LOCK(huart);
1648:Drivers/STM32F0xx_HAL_Driver/Src/stm32f0xx_hal_uart.c **** 
1649:Drivers/STM32F0xx_HAL_Driver/Src/stm32f0xx_hal_uart.c ****   if (huart->gState == HAL_UART_STATE_BUSY_TX)
1650:Drivers/STM32F0xx_HAL_Driver/Src/stm32f0xx_hal_uart.c ****   {
1651:Drivers/STM32F0xx_HAL_Driver/Src/stm32f0xx_hal_uart.c ****     /* Enable the UART DMA Tx request */
1652:Drivers/STM32F0xx_HAL_Driver/Src/stm32f0xx_hal_uart.c ****     SET_BIT(huart->Instance->CR3, USART_CR3_DMAT);
1653:Drivers/STM32F0xx_HAL_Driver/Src/stm32f0xx_hal_uart.c ****   }
1654:Drivers/STM32F0xx_HAL_Driver/Src/stm32f0xx_hal_uart.c ****   if (huart->RxState == HAL_UART_STATE_BUSY_RX)
1655:Drivers/STM32F0xx_HAL_Driver/Src/stm32f0xx_hal_uart.c ****   {
1656:Drivers/STM32F0xx_HAL_Driver/Src/stm32f0xx_hal_uart.c ****     /* Clear the Overrun flag before resuming the Rx transfer */
1657:Drivers/STM32F0xx_HAL_Driver/Src/stm32f0xx_hal_uart.c ****     __HAL_UART_CLEAR_FLAG(huart, UART_CLEAR_OREF);
1658:Drivers/STM32F0xx_HAL_Driver/Src/stm32f0xx_hal_uart.c **** 
1659:Drivers/STM32F0xx_HAL_Driver/Src/stm32f0xx_hal_uart.c ****     /* Re-enable PE and ERR (Frame error, noise error, overrun error) interrupts */
1660:Drivers/STM32F0xx_HAL_Driver/Src/stm32f0xx_hal_uart.c ****     SET_BIT(huart->Instance->CR1, USART_CR1_PEIE);
1661:Drivers/STM32F0xx_HAL_Driver/Src/stm32f0xx_hal_uart.c ****     SET_BIT(huart->Instance->CR3, USART_CR3_EIE);
1662:Drivers/STM32F0xx_HAL_Driver/Src/stm32f0xx_hal_uart.c **** 
1663:Drivers/STM32F0xx_HAL_Driver/Src/stm32f0xx_hal_uart.c ****     /* Enable the UART DMA Rx request */
1664:Drivers/STM32F0xx_HAL_Driver/Src/stm32f0xx_hal_uart.c ****     SET_BIT(huart->Instance->CR3, USART_CR3_DMAR);
1665:Drivers/STM32F0xx_HAL_Driver/Src/stm32f0xx_hal_uart.c ****   }
1666:Drivers/STM32F0xx_HAL_Driver/Src/stm32f0xx_hal_uart.c **** 
1667:Drivers/STM32F0xx_HAL_Driver/Src/stm32f0xx_hal_uart.c ****   __HAL_UNLOCK(huart);
1668:Drivers/STM32F0xx_HAL_Driver/Src/stm32f0xx_hal_uart.c **** 
1669:Drivers/STM32F0xx_HAL_Driver/Src/stm32f0xx_hal_uart.c ****   return HAL_OK;
1670:Drivers/STM32F0xx_HAL_Driver/Src/stm32f0xx_hal_uart.c **** }
1671:Drivers/STM32F0xx_HAL_Driver/Src/stm32f0xx_hal_uart.c **** 
1672:Drivers/STM32F0xx_HAL_Driver/Src/stm32f0xx_hal_uart.c **** /**
1673:Drivers/STM32F0xx_HAL_Driver/Src/stm32f0xx_hal_uart.c ****   * @brief Stop the DMA Transfer.
1674:Drivers/STM32F0xx_HAL_Driver/Src/stm32f0xx_hal_uart.c ****   * @param huart UART handle.
1675:Drivers/STM32F0xx_HAL_Driver/Src/stm32f0xx_hal_uart.c ****   * @retval HAL status
1676:Drivers/STM32F0xx_HAL_Driver/Src/stm32f0xx_hal_uart.c ****   */
1677:Drivers/STM32F0xx_HAL_Driver/Src/stm32f0xx_hal_uart.c **** HAL_StatusTypeDef HAL_UART_DMAStop(UART_HandleTypeDef *huart)
1678:Drivers/STM32F0xx_HAL_Driver/Src/stm32f0xx_hal_uart.c **** {
1679:Drivers/STM32F0xx_HAL_Driver/Src/stm32f0xx_hal_uart.c ****   /* The Lock is not implemented on this API to allow the user application
1680:Drivers/STM32F0xx_HAL_Driver/Src/stm32f0xx_hal_uart.c ****      to call the HAL UART API under callbacks HAL_UART_TxCpltCallback() / HAL_UART_RxCpltCallback()
1681:Drivers/STM32F0xx_HAL_Driver/Src/stm32f0xx_hal_uart.c ****      HAL_UART_TxHalfCpltCallback / HAL_UART_RxHalfCpltCallback:
1682:Drivers/STM32F0xx_HAL_Driver/Src/stm32f0xx_hal_uart.c ****      indeed, when HAL_DMA_Abort() API is called, the DMA TX/RX Transfer or Half Transfer complete
1683:Drivers/STM32F0xx_HAL_Driver/Src/stm32f0xx_hal_uart.c ****      interrupt is generated if the DMA transfer interruption occurs at the middle or at the end of
1684:Drivers/STM32F0xx_HAL_Driver/Src/stm32f0xx_hal_uart.c ****      the stream and the corresponding call back is executed. */
1685:Drivers/STM32F0xx_HAL_Driver/Src/stm32f0xx_hal_uart.c **** 
ARM GAS  C:\Users\MINIGU~1\AppData\Local\Temp\cc3PAC1x.s 			page 31


1686:Drivers/STM32F0xx_HAL_Driver/Src/stm32f0xx_hal_uart.c ****   const HAL_UART_StateTypeDef gstate = huart->gState;
1687:Drivers/STM32F0xx_HAL_Driver/Src/stm32f0xx_hal_uart.c ****   const HAL_UART_StateTypeDef rxstate = huart->RxState;
1688:Drivers/STM32F0xx_HAL_Driver/Src/stm32f0xx_hal_uart.c **** 
1689:Drivers/STM32F0xx_HAL_Driver/Src/stm32f0xx_hal_uart.c ****   /* Stop UART DMA Tx request if ongoing */
1690:Drivers/STM32F0xx_HAL_Driver/Src/stm32f0xx_hal_uart.c ****   if ((HAL_IS_BIT_SET(huart->Instance->CR3, USART_CR3_DMAT)) &&
1691:Drivers/STM32F0xx_HAL_Driver/Src/stm32f0xx_hal_uart.c ****       (gstate == HAL_UART_STATE_BUSY_TX))
1692:Drivers/STM32F0xx_HAL_Driver/Src/stm32f0xx_hal_uart.c ****   {
1693:Drivers/STM32F0xx_HAL_Driver/Src/stm32f0xx_hal_uart.c ****     CLEAR_BIT(huart->Instance->CR3, USART_CR3_DMAT);
1694:Drivers/STM32F0xx_HAL_Driver/Src/stm32f0xx_hal_uart.c **** 
1695:Drivers/STM32F0xx_HAL_Driver/Src/stm32f0xx_hal_uart.c ****     /* Abort the UART DMA Tx channel */
1696:Drivers/STM32F0xx_HAL_Driver/Src/stm32f0xx_hal_uart.c ****     if (huart->hdmatx != NULL)
1697:Drivers/STM32F0xx_HAL_Driver/Src/stm32f0xx_hal_uart.c ****     {
1698:Drivers/STM32F0xx_HAL_Driver/Src/stm32f0xx_hal_uart.c ****       if (HAL_DMA_Abort(huart->hdmatx) != HAL_OK)
1699:Drivers/STM32F0xx_HAL_Driver/Src/stm32f0xx_hal_uart.c ****       {
1700:Drivers/STM32F0xx_HAL_Driver/Src/stm32f0xx_hal_uart.c ****         if (HAL_DMA_GetError(huart->hdmatx) == HAL_DMA_ERROR_TIMEOUT)
1701:Drivers/STM32F0xx_HAL_Driver/Src/stm32f0xx_hal_uart.c ****         {
1702:Drivers/STM32F0xx_HAL_Driver/Src/stm32f0xx_hal_uart.c ****           /* Set error code to DMA */
1703:Drivers/STM32F0xx_HAL_Driver/Src/stm32f0xx_hal_uart.c ****           huart->ErrorCode = HAL_UART_ERROR_DMA;
1704:Drivers/STM32F0xx_HAL_Driver/Src/stm32f0xx_hal_uart.c **** 
1705:Drivers/STM32F0xx_HAL_Driver/Src/stm32f0xx_hal_uart.c ****           return HAL_TIMEOUT;
1706:Drivers/STM32F0xx_HAL_Driver/Src/stm32f0xx_hal_uart.c ****         }
1707:Drivers/STM32F0xx_HAL_Driver/Src/stm32f0xx_hal_uart.c ****       }
1708:Drivers/STM32F0xx_HAL_Driver/Src/stm32f0xx_hal_uart.c ****     }
1709:Drivers/STM32F0xx_HAL_Driver/Src/stm32f0xx_hal_uart.c **** 
1710:Drivers/STM32F0xx_HAL_Driver/Src/stm32f0xx_hal_uart.c ****     UART_EndTxTransfer(huart);
1711:Drivers/STM32F0xx_HAL_Driver/Src/stm32f0xx_hal_uart.c ****   }
1712:Drivers/STM32F0xx_HAL_Driver/Src/stm32f0xx_hal_uart.c **** 
1713:Drivers/STM32F0xx_HAL_Driver/Src/stm32f0xx_hal_uart.c ****   /* Stop UART DMA Rx request if ongoing */
1714:Drivers/STM32F0xx_HAL_Driver/Src/stm32f0xx_hal_uart.c ****   if ((HAL_IS_BIT_SET(huart->Instance->CR3, USART_CR3_DMAR)) &&
1715:Drivers/STM32F0xx_HAL_Driver/Src/stm32f0xx_hal_uart.c ****       (rxstate == HAL_UART_STATE_BUSY_RX))
1716:Drivers/STM32F0xx_HAL_Driver/Src/stm32f0xx_hal_uart.c ****   {
1717:Drivers/STM32F0xx_HAL_Driver/Src/stm32f0xx_hal_uart.c ****     CLEAR_BIT(huart->Instance->CR3, USART_CR3_DMAR);
1718:Drivers/STM32F0xx_HAL_Driver/Src/stm32f0xx_hal_uart.c **** 
1719:Drivers/STM32F0xx_HAL_Driver/Src/stm32f0xx_hal_uart.c ****     /* Abort the UART DMA Rx channel */
1720:Drivers/STM32F0xx_HAL_Driver/Src/stm32f0xx_hal_uart.c ****     if (huart->hdmarx != NULL)
1721:Drivers/STM32F0xx_HAL_Driver/Src/stm32f0xx_hal_uart.c ****     {
1722:Drivers/STM32F0xx_HAL_Driver/Src/stm32f0xx_hal_uart.c ****       if (HAL_DMA_Abort(huart->hdmarx) != HAL_OK)
1723:Drivers/STM32F0xx_HAL_Driver/Src/stm32f0xx_hal_uart.c ****       {
1724:Drivers/STM32F0xx_HAL_Driver/Src/stm32f0xx_hal_uart.c ****         if (HAL_DMA_GetError(huart->hdmarx) == HAL_DMA_ERROR_TIMEOUT)
1725:Drivers/STM32F0xx_HAL_Driver/Src/stm32f0xx_hal_uart.c ****         {
1726:Drivers/STM32F0xx_HAL_Driver/Src/stm32f0xx_hal_uart.c ****           /* Set error code to DMA */
1727:Drivers/STM32F0xx_HAL_Driver/Src/stm32f0xx_hal_uart.c ****           huart->ErrorCode = HAL_UART_ERROR_DMA;
1728:Drivers/STM32F0xx_HAL_Driver/Src/stm32f0xx_hal_uart.c **** 
1729:Drivers/STM32F0xx_HAL_Driver/Src/stm32f0xx_hal_uart.c ****           return HAL_TIMEOUT;
1730:Drivers/STM32F0xx_HAL_Driver/Src/stm32f0xx_hal_uart.c ****         }
1731:Drivers/STM32F0xx_HAL_Driver/Src/stm32f0xx_hal_uart.c ****       }
1732:Drivers/STM32F0xx_HAL_Driver/Src/stm32f0xx_hal_uart.c ****     }
1733:Drivers/STM32F0xx_HAL_Driver/Src/stm32f0xx_hal_uart.c **** 
1734:Drivers/STM32F0xx_HAL_Driver/Src/stm32f0xx_hal_uart.c ****     UART_EndRxTransfer(huart);
1735:Drivers/STM32F0xx_HAL_Driver/Src/stm32f0xx_hal_uart.c ****   }
1736:Drivers/STM32F0xx_HAL_Driver/Src/stm32f0xx_hal_uart.c **** 
1737:Drivers/STM32F0xx_HAL_Driver/Src/stm32f0xx_hal_uart.c ****   return HAL_OK;
1738:Drivers/STM32F0xx_HAL_Driver/Src/stm32f0xx_hal_uart.c **** }
1739:Drivers/STM32F0xx_HAL_Driver/Src/stm32f0xx_hal_uart.c **** 
1740:Drivers/STM32F0xx_HAL_Driver/Src/stm32f0xx_hal_uart.c **** /**
1741:Drivers/STM32F0xx_HAL_Driver/Src/stm32f0xx_hal_uart.c ****   * @brief  Abort ongoing transfers (blocking mode).
1742:Drivers/STM32F0xx_HAL_Driver/Src/stm32f0xx_hal_uart.c ****   * @param  huart UART handle.
ARM GAS  C:\Users\MINIGU~1\AppData\Local\Temp\cc3PAC1x.s 			page 32


1743:Drivers/STM32F0xx_HAL_Driver/Src/stm32f0xx_hal_uart.c ****   * @note   This procedure could be used for aborting any ongoing transfer started in Interrupt or 
1744:Drivers/STM32F0xx_HAL_Driver/Src/stm32f0xx_hal_uart.c ****   *         This procedure performs following operations :
1745:Drivers/STM32F0xx_HAL_Driver/Src/stm32f0xx_hal_uart.c ****   *           - Disable UART Interrupts (Tx and Rx)
1746:Drivers/STM32F0xx_HAL_Driver/Src/stm32f0xx_hal_uart.c ****   *           - Disable the DMA transfer in the peripheral register (if enabled)
1747:Drivers/STM32F0xx_HAL_Driver/Src/stm32f0xx_hal_uart.c ****   *           - Abort DMA transfer by calling HAL_DMA_Abort (in case of transfer in DMA mode)
1748:Drivers/STM32F0xx_HAL_Driver/Src/stm32f0xx_hal_uart.c ****   *           - Set handle State to READY
1749:Drivers/STM32F0xx_HAL_Driver/Src/stm32f0xx_hal_uart.c ****   * @note   This procedure is executed in blocking mode : when exiting function, Abort is considere
1750:Drivers/STM32F0xx_HAL_Driver/Src/stm32f0xx_hal_uart.c ****   * @retval HAL status
1751:Drivers/STM32F0xx_HAL_Driver/Src/stm32f0xx_hal_uart.c ****   */
1752:Drivers/STM32F0xx_HAL_Driver/Src/stm32f0xx_hal_uart.c **** HAL_StatusTypeDef HAL_UART_Abort(UART_HandleTypeDef *huart)
1753:Drivers/STM32F0xx_HAL_Driver/Src/stm32f0xx_hal_uart.c **** {
1754:Drivers/STM32F0xx_HAL_Driver/Src/stm32f0xx_hal_uart.c ****   /* Disable TXEIE, TCIE, RXNE, PE and ERR (Frame error, noise error, overrun error) interrupts */
1755:Drivers/STM32F0xx_HAL_Driver/Src/stm32f0xx_hal_uart.c ****   CLEAR_BIT(huart->Instance->CR1, (USART_CR1_RXNEIE | USART_CR1_PEIE | USART_CR1_TXEIE | USART_CR1_
1756:Drivers/STM32F0xx_HAL_Driver/Src/stm32f0xx_hal_uart.c ****   CLEAR_BIT(huart->Instance->CR3, USART_CR3_EIE);
1757:Drivers/STM32F0xx_HAL_Driver/Src/stm32f0xx_hal_uart.c **** 
1758:Drivers/STM32F0xx_HAL_Driver/Src/stm32f0xx_hal_uart.c ****   /* If Reception till IDLE event was ongoing, disable IDLEIE interrupt */
1759:Drivers/STM32F0xx_HAL_Driver/Src/stm32f0xx_hal_uart.c ****   if (huart->ReceptionType == HAL_UART_RECEPTION_TOIDLE)
1760:Drivers/STM32F0xx_HAL_Driver/Src/stm32f0xx_hal_uart.c ****   {
1761:Drivers/STM32F0xx_HAL_Driver/Src/stm32f0xx_hal_uart.c ****     CLEAR_BIT(huart->Instance->CR1, (USART_CR1_IDLEIE));
1762:Drivers/STM32F0xx_HAL_Driver/Src/stm32f0xx_hal_uart.c ****   }
1763:Drivers/STM32F0xx_HAL_Driver/Src/stm32f0xx_hal_uart.c **** 
1764:Drivers/STM32F0xx_HAL_Driver/Src/stm32f0xx_hal_uart.c ****   /* Disable the UART DMA Tx request if enabled */
1765:Drivers/STM32F0xx_HAL_Driver/Src/stm32f0xx_hal_uart.c ****   if (HAL_IS_BIT_SET(huart->Instance->CR3, USART_CR3_DMAT))
1766:Drivers/STM32F0xx_HAL_Driver/Src/stm32f0xx_hal_uart.c ****   {
1767:Drivers/STM32F0xx_HAL_Driver/Src/stm32f0xx_hal_uart.c ****     CLEAR_BIT(huart->Instance->CR3, USART_CR3_DMAT);
1768:Drivers/STM32F0xx_HAL_Driver/Src/stm32f0xx_hal_uart.c **** 
1769:Drivers/STM32F0xx_HAL_Driver/Src/stm32f0xx_hal_uart.c ****     /* Abort the UART DMA Tx channel : use blocking DMA Abort API (no callback) */
1770:Drivers/STM32F0xx_HAL_Driver/Src/stm32f0xx_hal_uart.c ****     if (huart->hdmatx != NULL)
1771:Drivers/STM32F0xx_HAL_Driver/Src/stm32f0xx_hal_uart.c ****     {
1772:Drivers/STM32F0xx_HAL_Driver/Src/stm32f0xx_hal_uart.c ****       /* Set the UART DMA Abort callback to Null.
1773:Drivers/STM32F0xx_HAL_Driver/Src/stm32f0xx_hal_uart.c ****          No call back execution at end of DMA abort procedure */
1774:Drivers/STM32F0xx_HAL_Driver/Src/stm32f0xx_hal_uart.c ****       huart->hdmatx->XferAbortCallback = NULL;
1775:Drivers/STM32F0xx_HAL_Driver/Src/stm32f0xx_hal_uart.c **** 
1776:Drivers/STM32F0xx_HAL_Driver/Src/stm32f0xx_hal_uart.c ****       if (HAL_DMA_Abort(huart->hdmatx) != HAL_OK)
1777:Drivers/STM32F0xx_HAL_Driver/Src/stm32f0xx_hal_uart.c ****       {
1778:Drivers/STM32F0xx_HAL_Driver/Src/stm32f0xx_hal_uart.c ****         if (HAL_DMA_GetError(huart->hdmatx) == HAL_DMA_ERROR_TIMEOUT)
1779:Drivers/STM32F0xx_HAL_Driver/Src/stm32f0xx_hal_uart.c ****         {
1780:Drivers/STM32F0xx_HAL_Driver/Src/stm32f0xx_hal_uart.c ****           /* Set error code to DMA */
1781:Drivers/STM32F0xx_HAL_Driver/Src/stm32f0xx_hal_uart.c ****           huart->ErrorCode = HAL_UART_ERROR_DMA;
1782:Drivers/STM32F0xx_HAL_Driver/Src/stm32f0xx_hal_uart.c **** 
1783:Drivers/STM32F0xx_HAL_Driver/Src/stm32f0xx_hal_uart.c ****           return HAL_TIMEOUT;
1784:Drivers/STM32F0xx_HAL_Driver/Src/stm32f0xx_hal_uart.c ****         }
1785:Drivers/STM32F0xx_HAL_Driver/Src/stm32f0xx_hal_uart.c ****       }
1786:Drivers/STM32F0xx_HAL_Driver/Src/stm32f0xx_hal_uart.c ****     }
1787:Drivers/STM32F0xx_HAL_Driver/Src/stm32f0xx_hal_uart.c ****   }
1788:Drivers/STM32F0xx_HAL_Driver/Src/stm32f0xx_hal_uart.c **** 
1789:Drivers/STM32F0xx_HAL_Driver/Src/stm32f0xx_hal_uart.c ****   /* Disable the UART DMA Rx request if enabled */
1790:Drivers/STM32F0xx_HAL_Driver/Src/stm32f0xx_hal_uart.c ****   if (HAL_IS_BIT_SET(huart->Instance->CR3, USART_CR3_DMAR))
1791:Drivers/STM32F0xx_HAL_Driver/Src/stm32f0xx_hal_uart.c ****   {
1792:Drivers/STM32F0xx_HAL_Driver/Src/stm32f0xx_hal_uart.c ****     CLEAR_BIT(huart->Instance->CR3, USART_CR3_DMAR);
1793:Drivers/STM32F0xx_HAL_Driver/Src/stm32f0xx_hal_uart.c **** 
1794:Drivers/STM32F0xx_HAL_Driver/Src/stm32f0xx_hal_uart.c ****     /* Abort the UART DMA Rx channel : use blocking DMA Abort API (no callback) */
1795:Drivers/STM32F0xx_HAL_Driver/Src/stm32f0xx_hal_uart.c ****     if (huart->hdmarx != NULL)
1796:Drivers/STM32F0xx_HAL_Driver/Src/stm32f0xx_hal_uart.c ****     {
1797:Drivers/STM32F0xx_HAL_Driver/Src/stm32f0xx_hal_uart.c ****       /* Set the UART DMA Abort callback to Null.
1798:Drivers/STM32F0xx_HAL_Driver/Src/stm32f0xx_hal_uart.c ****          No call back execution at end of DMA abort procedure */
1799:Drivers/STM32F0xx_HAL_Driver/Src/stm32f0xx_hal_uart.c ****       huart->hdmarx->XferAbortCallback = NULL;
ARM GAS  C:\Users\MINIGU~1\AppData\Local\Temp\cc3PAC1x.s 			page 33


1800:Drivers/STM32F0xx_HAL_Driver/Src/stm32f0xx_hal_uart.c **** 
1801:Drivers/STM32F0xx_HAL_Driver/Src/stm32f0xx_hal_uart.c ****       if (HAL_DMA_Abort(huart->hdmarx) != HAL_OK)
1802:Drivers/STM32F0xx_HAL_Driver/Src/stm32f0xx_hal_uart.c ****       {
1803:Drivers/STM32F0xx_HAL_Driver/Src/stm32f0xx_hal_uart.c ****         if (HAL_DMA_GetError(huart->hdmarx) == HAL_DMA_ERROR_TIMEOUT)
1804:Drivers/STM32F0xx_HAL_Driver/Src/stm32f0xx_hal_uart.c ****         {
1805:Drivers/STM32F0xx_HAL_Driver/Src/stm32f0xx_hal_uart.c ****           /* Set error code to DMA */
1806:Drivers/STM32F0xx_HAL_Driver/Src/stm32f0xx_hal_uart.c ****           huart->ErrorCode = HAL_UART_ERROR_DMA;
1807:Drivers/STM32F0xx_HAL_Driver/Src/stm32f0xx_hal_uart.c **** 
1808:Drivers/STM32F0xx_HAL_Driver/Src/stm32f0xx_hal_uart.c ****           return HAL_TIMEOUT;
1809:Drivers/STM32F0xx_HAL_Driver/Src/stm32f0xx_hal_uart.c ****         }
1810:Drivers/STM32F0xx_HAL_Driver/Src/stm32f0xx_hal_uart.c ****       }
1811:Drivers/STM32F0xx_HAL_Driver/Src/stm32f0xx_hal_uart.c ****     }
1812:Drivers/STM32F0xx_HAL_Driver/Src/stm32f0xx_hal_uart.c ****   }
1813:Drivers/STM32F0xx_HAL_Driver/Src/stm32f0xx_hal_uart.c **** 
1814:Drivers/STM32F0xx_HAL_Driver/Src/stm32f0xx_hal_uart.c ****   /* Reset Tx and Rx transfer counters */
1815:Drivers/STM32F0xx_HAL_Driver/Src/stm32f0xx_hal_uart.c ****   huart->TxXferCount = 0U;
1816:Drivers/STM32F0xx_HAL_Driver/Src/stm32f0xx_hal_uart.c ****   huart->RxXferCount = 0U;
1817:Drivers/STM32F0xx_HAL_Driver/Src/stm32f0xx_hal_uart.c **** 
1818:Drivers/STM32F0xx_HAL_Driver/Src/stm32f0xx_hal_uart.c ****   /* Clear the Error flags in the ICR register */
1819:Drivers/STM32F0xx_HAL_Driver/Src/stm32f0xx_hal_uart.c ****   __HAL_UART_CLEAR_FLAG(huart, UART_CLEAR_OREF | UART_CLEAR_NEF | UART_CLEAR_PEF | UART_CLEAR_FEF);
1820:Drivers/STM32F0xx_HAL_Driver/Src/stm32f0xx_hal_uart.c **** 
1821:Drivers/STM32F0xx_HAL_Driver/Src/stm32f0xx_hal_uart.c **** 
1822:Drivers/STM32F0xx_HAL_Driver/Src/stm32f0xx_hal_uart.c ****   /* Discard the received data */
1823:Drivers/STM32F0xx_HAL_Driver/Src/stm32f0xx_hal_uart.c ****   __HAL_UART_SEND_REQ(huart, UART_RXDATA_FLUSH_REQUEST);
1824:Drivers/STM32F0xx_HAL_Driver/Src/stm32f0xx_hal_uart.c **** 
1825:Drivers/STM32F0xx_HAL_Driver/Src/stm32f0xx_hal_uart.c ****   /* Restore huart->gState and huart->RxState to Ready */
1826:Drivers/STM32F0xx_HAL_Driver/Src/stm32f0xx_hal_uart.c ****   huart->gState  = HAL_UART_STATE_READY;
1827:Drivers/STM32F0xx_HAL_Driver/Src/stm32f0xx_hal_uart.c ****   huart->RxState = HAL_UART_STATE_READY;
1828:Drivers/STM32F0xx_HAL_Driver/Src/stm32f0xx_hal_uart.c ****   huart->ReceptionType = HAL_UART_RECEPTION_STANDARD;
1829:Drivers/STM32F0xx_HAL_Driver/Src/stm32f0xx_hal_uart.c **** 
1830:Drivers/STM32F0xx_HAL_Driver/Src/stm32f0xx_hal_uart.c ****   huart->ErrorCode = HAL_UART_ERROR_NONE;
1831:Drivers/STM32F0xx_HAL_Driver/Src/stm32f0xx_hal_uart.c **** 
1832:Drivers/STM32F0xx_HAL_Driver/Src/stm32f0xx_hal_uart.c ****   return HAL_OK;
1833:Drivers/STM32F0xx_HAL_Driver/Src/stm32f0xx_hal_uart.c **** }
1834:Drivers/STM32F0xx_HAL_Driver/Src/stm32f0xx_hal_uart.c **** 
1835:Drivers/STM32F0xx_HAL_Driver/Src/stm32f0xx_hal_uart.c **** /**
1836:Drivers/STM32F0xx_HAL_Driver/Src/stm32f0xx_hal_uart.c ****   * @brief  Abort ongoing Transmit transfer (blocking mode).
1837:Drivers/STM32F0xx_HAL_Driver/Src/stm32f0xx_hal_uart.c ****   * @param  huart UART handle.
1838:Drivers/STM32F0xx_HAL_Driver/Src/stm32f0xx_hal_uart.c ****   * @note   This procedure could be used for aborting any ongoing Tx transfer started in Interrupt 
1839:Drivers/STM32F0xx_HAL_Driver/Src/stm32f0xx_hal_uart.c ****   *         This procedure performs following operations :
1840:Drivers/STM32F0xx_HAL_Driver/Src/stm32f0xx_hal_uart.c ****   *           - Disable UART Interrupts (Tx)
1841:Drivers/STM32F0xx_HAL_Driver/Src/stm32f0xx_hal_uart.c ****   *           - Disable the DMA transfer in the peripheral register (if enabled)
1842:Drivers/STM32F0xx_HAL_Driver/Src/stm32f0xx_hal_uart.c ****   *           - Abort DMA transfer by calling HAL_DMA_Abort (in case of transfer in DMA mode)
1843:Drivers/STM32F0xx_HAL_Driver/Src/stm32f0xx_hal_uart.c ****   *           - Set handle State to READY
1844:Drivers/STM32F0xx_HAL_Driver/Src/stm32f0xx_hal_uart.c ****   * @note   This procedure is executed in blocking mode : when exiting function, Abort is considere
1845:Drivers/STM32F0xx_HAL_Driver/Src/stm32f0xx_hal_uart.c ****   * @retval HAL status
1846:Drivers/STM32F0xx_HAL_Driver/Src/stm32f0xx_hal_uart.c ****   */
1847:Drivers/STM32F0xx_HAL_Driver/Src/stm32f0xx_hal_uart.c **** HAL_StatusTypeDef HAL_UART_AbortTransmit(UART_HandleTypeDef *huart)
1848:Drivers/STM32F0xx_HAL_Driver/Src/stm32f0xx_hal_uart.c **** {
1849:Drivers/STM32F0xx_HAL_Driver/Src/stm32f0xx_hal_uart.c ****   /* Disable TXEIE and TCIE interrupts */
1850:Drivers/STM32F0xx_HAL_Driver/Src/stm32f0xx_hal_uart.c ****   CLEAR_BIT(huart->Instance->CR1, (USART_CR1_TXEIE | USART_CR1_TCIE));
1851:Drivers/STM32F0xx_HAL_Driver/Src/stm32f0xx_hal_uart.c **** 
1852:Drivers/STM32F0xx_HAL_Driver/Src/stm32f0xx_hal_uart.c ****   /* Disable the UART DMA Tx request if enabled */
1853:Drivers/STM32F0xx_HAL_Driver/Src/stm32f0xx_hal_uart.c ****   if (HAL_IS_BIT_SET(huart->Instance->CR3, USART_CR3_DMAT))
1854:Drivers/STM32F0xx_HAL_Driver/Src/stm32f0xx_hal_uart.c ****   {
1855:Drivers/STM32F0xx_HAL_Driver/Src/stm32f0xx_hal_uart.c ****     CLEAR_BIT(huart->Instance->CR3, USART_CR3_DMAT);
1856:Drivers/STM32F0xx_HAL_Driver/Src/stm32f0xx_hal_uart.c **** 
ARM GAS  C:\Users\MINIGU~1\AppData\Local\Temp\cc3PAC1x.s 			page 34


1857:Drivers/STM32F0xx_HAL_Driver/Src/stm32f0xx_hal_uart.c ****     /* Abort the UART DMA Tx channel : use blocking DMA Abort API (no callback) */
1858:Drivers/STM32F0xx_HAL_Driver/Src/stm32f0xx_hal_uart.c ****     if (huart->hdmatx != NULL)
1859:Drivers/STM32F0xx_HAL_Driver/Src/stm32f0xx_hal_uart.c ****     {
1860:Drivers/STM32F0xx_HAL_Driver/Src/stm32f0xx_hal_uart.c ****       /* Set the UART DMA Abort callback to Null.
1861:Drivers/STM32F0xx_HAL_Driver/Src/stm32f0xx_hal_uart.c ****          No call back execution at end of DMA abort procedure */
1862:Drivers/STM32F0xx_HAL_Driver/Src/stm32f0xx_hal_uart.c ****       huart->hdmatx->XferAbortCallback = NULL;
1863:Drivers/STM32F0xx_HAL_Driver/Src/stm32f0xx_hal_uart.c **** 
1864:Drivers/STM32F0xx_HAL_Driver/Src/stm32f0xx_hal_uart.c ****       if (HAL_DMA_Abort(huart->hdmatx) != HAL_OK)
1865:Drivers/STM32F0xx_HAL_Driver/Src/stm32f0xx_hal_uart.c ****       {
1866:Drivers/STM32F0xx_HAL_Driver/Src/stm32f0xx_hal_uart.c ****         if (HAL_DMA_GetError(huart->hdmatx) == HAL_DMA_ERROR_TIMEOUT)
1867:Drivers/STM32F0xx_HAL_Driver/Src/stm32f0xx_hal_uart.c ****         {
1868:Drivers/STM32F0xx_HAL_Driver/Src/stm32f0xx_hal_uart.c ****           /* Set error code to DMA */
1869:Drivers/STM32F0xx_HAL_Driver/Src/stm32f0xx_hal_uart.c ****           huart->ErrorCode = HAL_UART_ERROR_DMA;
1870:Drivers/STM32F0xx_HAL_Driver/Src/stm32f0xx_hal_uart.c **** 
1871:Drivers/STM32F0xx_HAL_Driver/Src/stm32f0xx_hal_uart.c ****           return HAL_TIMEOUT;
1872:Drivers/STM32F0xx_HAL_Driver/Src/stm32f0xx_hal_uart.c ****         }
1873:Drivers/STM32F0xx_HAL_Driver/Src/stm32f0xx_hal_uart.c ****       }
1874:Drivers/STM32F0xx_HAL_Driver/Src/stm32f0xx_hal_uart.c ****     }
1875:Drivers/STM32F0xx_HAL_Driver/Src/stm32f0xx_hal_uart.c ****   }
1876:Drivers/STM32F0xx_HAL_Driver/Src/stm32f0xx_hal_uart.c **** 
1877:Drivers/STM32F0xx_HAL_Driver/Src/stm32f0xx_hal_uart.c ****   /* Reset Tx transfer counter */
1878:Drivers/STM32F0xx_HAL_Driver/Src/stm32f0xx_hal_uart.c ****   huart->TxXferCount = 0U;
1879:Drivers/STM32F0xx_HAL_Driver/Src/stm32f0xx_hal_uart.c **** 
1880:Drivers/STM32F0xx_HAL_Driver/Src/stm32f0xx_hal_uart.c **** 
1881:Drivers/STM32F0xx_HAL_Driver/Src/stm32f0xx_hal_uart.c ****   /* Restore huart->gState to Ready */
1882:Drivers/STM32F0xx_HAL_Driver/Src/stm32f0xx_hal_uart.c ****   huart->gState = HAL_UART_STATE_READY;
1883:Drivers/STM32F0xx_HAL_Driver/Src/stm32f0xx_hal_uart.c **** 
1884:Drivers/STM32F0xx_HAL_Driver/Src/stm32f0xx_hal_uart.c ****   return HAL_OK;
1885:Drivers/STM32F0xx_HAL_Driver/Src/stm32f0xx_hal_uart.c **** }
1886:Drivers/STM32F0xx_HAL_Driver/Src/stm32f0xx_hal_uart.c **** 
1887:Drivers/STM32F0xx_HAL_Driver/Src/stm32f0xx_hal_uart.c **** /**
1888:Drivers/STM32F0xx_HAL_Driver/Src/stm32f0xx_hal_uart.c ****   * @brief  Abort ongoing Receive transfer (blocking mode).
1889:Drivers/STM32F0xx_HAL_Driver/Src/stm32f0xx_hal_uart.c ****   * @param  huart UART handle.
1890:Drivers/STM32F0xx_HAL_Driver/Src/stm32f0xx_hal_uart.c ****   * @note   This procedure could be used for aborting any ongoing Rx transfer started in Interrupt 
1891:Drivers/STM32F0xx_HAL_Driver/Src/stm32f0xx_hal_uart.c ****   *         This procedure performs following operations :
1892:Drivers/STM32F0xx_HAL_Driver/Src/stm32f0xx_hal_uart.c ****   *           - Disable UART Interrupts (Rx)
1893:Drivers/STM32F0xx_HAL_Driver/Src/stm32f0xx_hal_uart.c ****   *           - Disable the DMA transfer in the peripheral register (if enabled)
1894:Drivers/STM32F0xx_HAL_Driver/Src/stm32f0xx_hal_uart.c ****   *           - Abort DMA transfer by calling HAL_DMA_Abort (in case of transfer in DMA mode)
1895:Drivers/STM32F0xx_HAL_Driver/Src/stm32f0xx_hal_uart.c ****   *           - Set handle State to READY
1896:Drivers/STM32F0xx_HAL_Driver/Src/stm32f0xx_hal_uart.c ****   * @note   This procedure is executed in blocking mode : when exiting function, Abort is considere
1897:Drivers/STM32F0xx_HAL_Driver/Src/stm32f0xx_hal_uart.c ****   * @retval HAL status
1898:Drivers/STM32F0xx_HAL_Driver/Src/stm32f0xx_hal_uart.c ****   */
1899:Drivers/STM32F0xx_HAL_Driver/Src/stm32f0xx_hal_uart.c **** HAL_StatusTypeDef HAL_UART_AbortReceive(UART_HandleTypeDef *huart)
1900:Drivers/STM32F0xx_HAL_Driver/Src/stm32f0xx_hal_uart.c **** {
1901:Drivers/STM32F0xx_HAL_Driver/Src/stm32f0xx_hal_uart.c ****   /* Disable RXNE, PE and ERR (Frame error, noise error, overrun error) interrupts */
1902:Drivers/STM32F0xx_HAL_Driver/Src/stm32f0xx_hal_uart.c ****   CLEAR_BIT(huart->Instance->CR1, (USART_CR1_RXNEIE | USART_CR1_PEIE));
1903:Drivers/STM32F0xx_HAL_Driver/Src/stm32f0xx_hal_uart.c ****   CLEAR_BIT(huart->Instance->CR3, USART_CR3_EIE);
1904:Drivers/STM32F0xx_HAL_Driver/Src/stm32f0xx_hal_uart.c **** 
1905:Drivers/STM32F0xx_HAL_Driver/Src/stm32f0xx_hal_uart.c ****   /* If Reception till IDLE event was ongoing, disable IDLEIE interrupt */
1906:Drivers/STM32F0xx_HAL_Driver/Src/stm32f0xx_hal_uart.c ****   if (huart->ReceptionType == HAL_UART_RECEPTION_TOIDLE)
1907:Drivers/STM32F0xx_HAL_Driver/Src/stm32f0xx_hal_uart.c ****   {
1908:Drivers/STM32F0xx_HAL_Driver/Src/stm32f0xx_hal_uart.c ****     CLEAR_BIT(huart->Instance->CR1, (USART_CR1_IDLEIE));
1909:Drivers/STM32F0xx_HAL_Driver/Src/stm32f0xx_hal_uart.c ****   }
1910:Drivers/STM32F0xx_HAL_Driver/Src/stm32f0xx_hal_uart.c **** 
1911:Drivers/STM32F0xx_HAL_Driver/Src/stm32f0xx_hal_uart.c ****   /* Disable the UART DMA Rx request if enabled */
1912:Drivers/STM32F0xx_HAL_Driver/Src/stm32f0xx_hal_uart.c ****   if (HAL_IS_BIT_SET(huart->Instance->CR3, USART_CR3_DMAR))
1913:Drivers/STM32F0xx_HAL_Driver/Src/stm32f0xx_hal_uart.c ****   {
ARM GAS  C:\Users\MINIGU~1\AppData\Local\Temp\cc3PAC1x.s 			page 35


1914:Drivers/STM32F0xx_HAL_Driver/Src/stm32f0xx_hal_uart.c ****     CLEAR_BIT(huart->Instance->CR3, USART_CR3_DMAR);
1915:Drivers/STM32F0xx_HAL_Driver/Src/stm32f0xx_hal_uart.c **** 
1916:Drivers/STM32F0xx_HAL_Driver/Src/stm32f0xx_hal_uart.c ****     /* Abort the UART DMA Rx channel : use blocking DMA Abort API (no callback) */
1917:Drivers/STM32F0xx_HAL_Driver/Src/stm32f0xx_hal_uart.c ****     if (huart->hdmarx != NULL)
1918:Drivers/STM32F0xx_HAL_Driver/Src/stm32f0xx_hal_uart.c ****     {
1919:Drivers/STM32F0xx_HAL_Driver/Src/stm32f0xx_hal_uart.c ****       /* Set the UART DMA Abort callback to Null.
1920:Drivers/STM32F0xx_HAL_Driver/Src/stm32f0xx_hal_uart.c ****          No call back execution at end of DMA abort procedure */
1921:Drivers/STM32F0xx_HAL_Driver/Src/stm32f0xx_hal_uart.c ****       huart->hdmarx->XferAbortCallback = NULL;
1922:Drivers/STM32F0xx_HAL_Driver/Src/stm32f0xx_hal_uart.c **** 
1923:Drivers/STM32F0xx_HAL_Driver/Src/stm32f0xx_hal_uart.c ****       if (HAL_DMA_Abort(huart->hdmarx) != HAL_OK)
1924:Drivers/STM32F0xx_HAL_Driver/Src/stm32f0xx_hal_uart.c ****       {
1925:Drivers/STM32F0xx_HAL_Driver/Src/stm32f0xx_hal_uart.c ****         if (HAL_DMA_GetError(huart->hdmarx) == HAL_DMA_ERROR_TIMEOUT)
1926:Drivers/STM32F0xx_HAL_Driver/Src/stm32f0xx_hal_uart.c ****         {
1927:Drivers/STM32F0xx_HAL_Driver/Src/stm32f0xx_hal_uart.c ****           /* Set error code to DMA */
1928:Drivers/STM32F0xx_HAL_Driver/Src/stm32f0xx_hal_uart.c ****           huart->ErrorCode = HAL_UART_ERROR_DMA;
1929:Drivers/STM32F0xx_HAL_Driver/Src/stm32f0xx_hal_uart.c **** 
1930:Drivers/STM32F0xx_HAL_Driver/Src/stm32f0xx_hal_uart.c ****           return HAL_TIMEOUT;
1931:Drivers/STM32F0xx_HAL_Driver/Src/stm32f0xx_hal_uart.c ****         }
1932:Drivers/STM32F0xx_HAL_Driver/Src/stm32f0xx_hal_uart.c ****       }
1933:Drivers/STM32F0xx_HAL_Driver/Src/stm32f0xx_hal_uart.c ****     }
1934:Drivers/STM32F0xx_HAL_Driver/Src/stm32f0xx_hal_uart.c ****   }
1935:Drivers/STM32F0xx_HAL_Driver/Src/stm32f0xx_hal_uart.c **** 
1936:Drivers/STM32F0xx_HAL_Driver/Src/stm32f0xx_hal_uart.c ****   /* Reset Rx transfer counter */
1937:Drivers/STM32F0xx_HAL_Driver/Src/stm32f0xx_hal_uart.c ****   huart->RxXferCount = 0U;
1938:Drivers/STM32F0xx_HAL_Driver/Src/stm32f0xx_hal_uart.c **** 
1939:Drivers/STM32F0xx_HAL_Driver/Src/stm32f0xx_hal_uart.c ****   /* Clear the Error flags in the ICR register */
1940:Drivers/STM32F0xx_HAL_Driver/Src/stm32f0xx_hal_uart.c ****   __HAL_UART_CLEAR_FLAG(huart, UART_CLEAR_OREF | UART_CLEAR_NEF | UART_CLEAR_PEF | UART_CLEAR_FEF);
1941:Drivers/STM32F0xx_HAL_Driver/Src/stm32f0xx_hal_uart.c **** 
1942:Drivers/STM32F0xx_HAL_Driver/Src/stm32f0xx_hal_uart.c ****   /* Discard the received data */
1943:Drivers/STM32F0xx_HAL_Driver/Src/stm32f0xx_hal_uart.c ****   __HAL_UART_SEND_REQ(huart, UART_RXDATA_FLUSH_REQUEST);
1944:Drivers/STM32F0xx_HAL_Driver/Src/stm32f0xx_hal_uart.c **** 
1945:Drivers/STM32F0xx_HAL_Driver/Src/stm32f0xx_hal_uart.c ****   /* Restore huart->RxState to Ready */
1946:Drivers/STM32F0xx_HAL_Driver/Src/stm32f0xx_hal_uart.c ****   huart->RxState = HAL_UART_STATE_READY;
1947:Drivers/STM32F0xx_HAL_Driver/Src/stm32f0xx_hal_uart.c ****   huart->ReceptionType = HAL_UART_RECEPTION_STANDARD;
1948:Drivers/STM32F0xx_HAL_Driver/Src/stm32f0xx_hal_uart.c **** 
1949:Drivers/STM32F0xx_HAL_Driver/Src/stm32f0xx_hal_uart.c ****   return HAL_OK;
1950:Drivers/STM32F0xx_HAL_Driver/Src/stm32f0xx_hal_uart.c **** }
1951:Drivers/STM32F0xx_HAL_Driver/Src/stm32f0xx_hal_uart.c **** 
1952:Drivers/STM32F0xx_HAL_Driver/Src/stm32f0xx_hal_uart.c **** /**
1953:Drivers/STM32F0xx_HAL_Driver/Src/stm32f0xx_hal_uart.c ****   * @brief  Abort ongoing transfers (Interrupt mode).
1954:Drivers/STM32F0xx_HAL_Driver/Src/stm32f0xx_hal_uart.c ****   * @param  huart UART handle.
1955:Drivers/STM32F0xx_HAL_Driver/Src/stm32f0xx_hal_uart.c ****   * @note   This procedure could be used for aborting any ongoing transfer started in Interrupt or 
1956:Drivers/STM32F0xx_HAL_Driver/Src/stm32f0xx_hal_uart.c ****   *         This procedure performs following operations :
1957:Drivers/STM32F0xx_HAL_Driver/Src/stm32f0xx_hal_uart.c ****   *           - Disable UART Interrupts (Tx and Rx)
1958:Drivers/STM32F0xx_HAL_Driver/Src/stm32f0xx_hal_uart.c ****   *           - Disable the DMA transfer in the peripheral register (if enabled)
1959:Drivers/STM32F0xx_HAL_Driver/Src/stm32f0xx_hal_uart.c ****   *           - Abort DMA transfer by calling HAL_DMA_Abort_IT (in case of transfer in DMA mode)
1960:Drivers/STM32F0xx_HAL_Driver/Src/stm32f0xx_hal_uart.c ****   *           - Set handle State to READY
1961:Drivers/STM32F0xx_HAL_Driver/Src/stm32f0xx_hal_uart.c ****   *           - At abort completion, call user abort complete callback
1962:Drivers/STM32F0xx_HAL_Driver/Src/stm32f0xx_hal_uart.c ****   * @note   This procedure is executed in Interrupt mode, meaning that abort procedure could be
1963:Drivers/STM32F0xx_HAL_Driver/Src/stm32f0xx_hal_uart.c ****   *         considered as completed only when user abort complete callback is executed (not when ex
1964:Drivers/STM32F0xx_HAL_Driver/Src/stm32f0xx_hal_uart.c ****   * @retval HAL status
1965:Drivers/STM32F0xx_HAL_Driver/Src/stm32f0xx_hal_uart.c ****   */
1966:Drivers/STM32F0xx_HAL_Driver/Src/stm32f0xx_hal_uart.c **** HAL_StatusTypeDef HAL_UART_Abort_IT(UART_HandleTypeDef *huart)
1967:Drivers/STM32F0xx_HAL_Driver/Src/stm32f0xx_hal_uart.c **** {
1968:Drivers/STM32F0xx_HAL_Driver/Src/stm32f0xx_hal_uart.c ****   uint32_t abortcplt = 1U;
1969:Drivers/STM32F0xx_HAL_Driver/Src/stm32f0xx_hal_uart.c **** 
1970:Drivers/STM32F0xx_HAL_Driver/Src/stm32f0xx_hal_uart.c ****   /* Disable interrupts */
ARM GAS  C:\Users\MINIGU~1\AppData\Local\Temp\cc3PAC1x.s 			page 36


1971:Drivers/STM32F0xx_HAL_Driver/Src/stm32f0xx_hal_uart.c ****   CLEAR_BIT(huart->Instance->CR1, (USART_CR1_RXNEIE | USART_CR1_PEIE | USART_CR1_TXEIE | USART_CR1_
1972:Drivers/STM32F0xx_HAL_Driver/Src/stm32f0xx_hal_uart.c ****   CLEAR_BIT(huart->Instance->CR3, USART_CR3_EIE);
1973:Drivers/STM32F0xx_HAL_Driver/Src/stm32f0xx_hal_uart.c **** 
1974:Drivers/STM32F0xx_HAL_Driver/Src/stm32f0xx_hal_uart.c ****   /* If Reception till IDLE event was ongoing, disable IDLEIE interrupt */
1975:Drivers/STM32F0xx_HAL_Driver/Src/stm32f0xx_hal_uart.c ****   if (huart->ReceptionType == HAL_UART_RECEPTION_TOIDLE)
1976:Drivers/STM32F0xx_HAL_Driver/Src/stm32f0xx_hal_uart.c ****   {
1977:Drivers/STM32F0xx_HAL_Driver/Src/stm32f0xx_hal_uart.c ****     CLEAR_BIT(huart->Instance->CR1, (USART_CR1_IDLEIE));
1978:Drivers/STM32F0xx_HAL_Driver/Src/stm32f0xx_hal_uart.c ****   }
1979:Drivers/STM32F0xx_HAL_Driver/Src/stm32f0xx_hal_uart.c **** 
1980:Drivers/STM32F0xx_HAL_Driver/Src/stm32f0xx_hal_uart.c ****   /* If DMA Tx and/or DMA Rx Handles are associated to UART Handle, DMA Abort complete callbacks sh
1981:Drivers/STM32F0xx_HAL_Driver/Src/stm32f0xx_hal_uart.c ****      before any call to DMA Abort functions */
1982:Drivers/STM32F0xx_HAL_Driver/Src/stm32f0xx_hal_uart.c ****   /* DMA Tx Handle is valid */
1983:Drivers/STM32F0xx_HAL_Driver/Src/stm32f0xx_hal_uart.c ****   if (huart->hdmatx != NULL)
1984:Drivers/STM32F0xx_HAL_Driver/Src/stm32f0xx_hal_uart.c ****   {
1985:Drivers/STM32F0xx_HAL_Driver/Src/stm32f0xx_hal_uart.c ****     /* Set DMA Abort Complete callback if UART DMA Tx request if enabled.
1986:Drivers/STM32F0xx_HAL_Driver/Src/stm32f0xx_hal_uart.c ****        Otherwise, set it to NULL */
1987:Drivers/STM32F0xx_HAL_Driver/Src/stm32f0xx_hal_uart.c ****     if (HAL_IS_BIT_SET(huart->Instance->CR3, USART_CR3_DMAT))
1988:Drivers/STM32F0xx_HAL_Driver/Src/stm32f0xx_hal_uart.c ****     {
1989:Drivers/STM32F0xx_HAL_Driver/Src/stm32f0xx_hal_uart.c ****       huart->hdmatx->XferAbortCallback = UART_DMATxAbortCallback;
1990:Drivers/STM32F0xx_HAL_Driver/Src/stm32f0xx_hal_uart.c ****     }
1991:Drivers/STM32F0xx_HAL_Driver/Src/stm32f0xx_hal_uart.c ****     else
1992:Drivers/STM32F0xx_HAL_Driver/Src/stm32f0xx_hal_uart.c ****     {
1993:Drivers/STM32F0xx_HAL_Driver/Src/stm32f0xx_hal_uart.c ****       huart->hdmatx->XferAbortCallback = NULL;
1994:Drivers/STM32F0xx_HAL_Driver/Src/stm32f0xx_hal_uart.c ****     }
1995:Drivers/STM32F0xx_HAL_Driver/Src/stm32f0xx_hal_uart.c ****   }
1996:Drivers/STM32F0xx_HAL_Driver/Src/stm32f0xx_hal_uart.c ****   /* DMA Rx Handle is valid */
1997:Drivers/STM32F0xx_HAL_Driver/Src/stm32f0xx_hal_uart.c ****   if (huart->hdmarx != NULL)
1998:Drivers/STM32F0xx_HAL_Driver/Src/stm32f0xx_hal_uart.c ****   {
1999:Drivers/STM32F0xx_HAL_Driver/Src/stm32f0xx_hal_uart.c ****     /* Set DMA Abort Complete callback if UART DMA Rx request if enabled.
2000:Drivers/STM32F0xx_HAL_Driver/Src/stm32f0xx_hal_uart.c ****        Otherwise, set it to NULL */
2001:Drivers/STM32F0xx_HAL_Driver/Src/stm32f0xx_hal_uart.c ****     if (HAL_IS_BIT_SET(huart->Instance->CR3, USART_CR3_DMAR))
2002:Drivers/STM32F0xx_HAL_Driver/Src/stm32f0xx_hal_uart.c ****     {
2003:Drivers/STM32F0xx_HAL_Driver/Src/stm32f0xx_hal_uart.c ****       huart->hdmarx->XferAbortCallback = UART_DMARxAbortCallback;
2004:Drivers/STM32F0xx_HAL_Driver/Src/stm32f0xx_hal_uart.c ****     }
2005:Drivers/STM32F0xx_HAL_Driver/Src/stm32f0xx_hal_uart.c ****     else
2006:Drivers/STM32F0xx_HAL_Driver/Src/stm32f0xx_hal_uart.c ****     {
2007:Drivers/STM32F0xx_HAL_Driver/Src/stm32f0xx_hal_uart.c ****       huart->hdmarx->XferAbortCallback = NULL;
2008:Drivers/STM32F0xx_HAL_Driver/Src/stm32f0xx_hal_uart.c ****     }
2009:Drivers/STM32F0xx_HAL_Driver/Src/stm32f0xx_hal_uart.c ****   }
2010:Drivers/STM32F0xx_HAL_Driver/Src/stm32f0xx_hal_uart.c **** 
2011:Drivers/STM32F0xx_HAL_Driver/Src/stm32f0xx_hal_uart.c ****   /* Disable the UART DMA Tx request if enabled */
2012:Drivers/STM32F0xx_HAL_Driver/Src/stm32f0xx_hal_uart.c ****   if (HAL_IS_BIT_SET(huart->Instance->CR3, USART_CR3_DMAT))
2013:Drivers/STM32F0xx_HAL_Driver/Src/stm32f0xx_hal_uart.c ****   {
2014:Drivers/STM32F0xx_HAL_Driver/Src/stm32f0xx_hal_uart.c ****     /* Disable DMA Tx at UART level */
2015:Drivers/STM32F0xx_HAL_Driver/Src/stm32f0xx_hal_uart.c ****     CLEAR_BIT(huart->Instance->CR3, USART_CR3_DMAT);
2016:Drivers/STM32F0xx_HAL_Driver/Src/stm32f0xx_hal_uart.c **** 
2017:Drivers/STM32F0xx_HAL_Driver/Src/stm32f0xx_hal_uart.c ****     /* Abort the UART DMA Tx channel : use non blocking DMA Abort API (callback) */
2018:Drivers/STM32F0xx_HAL_Driver/Src/stm32f0xx_hal_uart.c ****     if (huart->hdmatx != NULL)
2019:Drivers/STM32F0xx_HAL_Driver/Src/stm32f0xx_hal_uart.c ****     {
2020:Drivers/STM32F0xx_HAL_Driver/Src/stm32f0xx_hal_uart.c ****       /* UART Tx DMA Abort callback has already been initialised :
2021:Drivers/STM32F0xx_HAL_Driver/Src/stm32f0xx_hal_uart.c ****          will lead to call HAL_UART_AbortCpltCallback() at end of DMA abort procedure */
2022:Drivers/STM32F0xx_HAL_Driver/Src/stm32f0xx_hal_uart.c **** 
2023:Drivers/STM32F0xx_HAL_Driver/Src/stm32f0xx_hal_uart.c ****       /* Abort DMA TX */
2024:Drivers/STM32F0xx_HAL_Driver/Src/stm32f0xx_hal_uart.c ****       if (HAL_DMA_Abort_IT(huart->hdmatx) != HAL_OK)
2025:Drivers/STM32F0xx_HAL_Driver/Src/stm32f0xx_hal_uart.c ****       {
2026:Drivers/STM32F0xx_HAL_Driver/Src/stm32f0xx_hal_uart.c ****         huart->hdmatx->XferAbortCallback = NULL;
2027:Drivers/STM32F0xx_HAL_Driver/Src/stm32f0xx_hal_uart.c ****       }
ARM GAS  C:\Users\MINIGU~1\AppData\Local\Temp\cc3PAC1x.s 			page 37


2028:Drivers/STM32F0xx_HAL_Driver/Src/stm32f0xx_hal_uart.c ****       else
2029:Drivers/STM32F0xx_HAL_Driver/Src/stm32f0xx_hal_uart.c ****       {
2030:Drivers/STM32F0xx_HAL_Driver/Src/stm32f0xx_hal_uart.c ****         abortcplt = 0U;
2031:Drivers/STM32F0xx_HAL_Driver/Src/stm32f0xx_hal_uart.c ****       }
2032:Drivers/STM32F0xx_HAL_Driver/Src/stm32f0xx_hal_uart.c ****     }
2033:Drivers/STM32F0xx_HAL_Driver/Src/stm32f0xx_hal_uart.c ****   }
2034:Drivers/STM32F0xx_HAL_Driver/Src/stm32f0xx_hal_uart.c **** 
2035:Drivers/STM32F0xx_HAL_Driver/Src/stm32f0xx_hal_uart.c ****   /* Disable the UART DMA Rx request if enabled */
2036:Drivers/STM32F0xx_HAL_Driver/Src/stm32f0xx_hal_uart.c ****   if (HAL_IS_BIT_SET(huart->Instance->CR3, USART_CR3_DMAR))
2037:Drivers/STM32F0xx_HAL_Driver/Src/stm32f0xx_hal_uart.c ****   {
2038:Drivers/STM32F0xx_HAL_Driver/Src/stm32f0xx_hal_uart.c ****     CLEAR_BIT(huart->Instance->CR3, USART_CR3_DMAR);
2039:Drivers/STM32F0xx_HAL_Driver/Src/stm32f0xx_hal_uart.c **** 
2040:Drivers/STM32F0xx_HAL_Driver/Src/stm32f0xx_hal_uart.c ****     /* Abort the UART DMA Rx channel : use non blocking DMA Abort API (callback) */
2041:Drivers/STM32F0xx_HAL_Driver/Src/stm32f0xx_hal_uart.c ****     if (huart->hdmarx != NULL)
2042:Drivers/STM32F0xx_HAL_Driver/Src/stm32f0xx_hal_uart.c ****     {
2043:Drivers/STM32F0xx_HAL_Driver/Src/stm32f0xx_hal_uart.c ****       /* UART Rx DMA Abort callback has already been initialised :
2044:Drivers/STM32F0xx_HAL_Driver/Src/stm32f0xx_hal_uart.c ****          will lead to call HAL_UART_AbortCpltCallback() at end of DMA abort procedure */
2045:Drivers/STM32F0xx_HAL_Driver/Src/stm32f0xx_hal_uart.c **** 
2046:Drivers/STM32F0xx_HAL_Driver/Src/stm32f0xx_hal_uart.c ****       /* Abort DMA RX */
2047:Drivers/STM32F0xx_HAL_Driver/Src/stm32f0xx_hal_uart.c ****       if (HAL_DMA_Abort_IT(huart->hdmarx) != HAL_OK)
2048:Drivers/STM32F0xx_HAL_Driver/Src/stm32f0xx_hal_uart.c ****       {
2049:Drivers/STM32F0xx_HAL_Driver/Src/stm32f0xx_hal_uart.c ****         huart->hdmarx->XferAbortCallback = NULL;
2050:Drivers/STM32F0xx_HAL_Driver/Src/stm32f0xx_hal_uart.c ****         abortcplt = 1U;
2051:Drivers/STM32F0xx_HAL_Driver/Src/stm32f0xx_hal_uart.c ****       }
2052:Drivers/STM32F0xx_HAL_Driver/Src/stm32f0xx_hal_uart.c ****       else
2053:Drivers/STM32F0xx_HAL_Driver/Src/stm32f0xx_hal_uart.c ****       {
2054:Drivers/STM32F0xx_HAL_Driver/Src/stm32f0xx_hal_uart.c ****         abortcplt = 0U;
2055:Drivers/STM32F0xx_HAL_Driver/Src/stm32f0xx_hal_uart.c ****       }
2056:Drivers/STM32F0xx_HAL_Driver/Src/stm32f0xx_hal_uart.c ****     }
2057:Drivers/STM32F0xx_HAL_Driver/Src/stm32f0xx_hal_uart.c ****   }
2058:Drivers/STM32F0xx_HAL_Driver/Src/stm32f0xx_hal_uart.c **** 
2059:Drivers/STM32F0xx_HAL_Driver/Src/stm32f0xx_hal_uart.c ****   /* if no DMA abort complete callback execution is required => call user Abort Complete callback *
2060:Drivers/STM32F0xx_HAL_Driver/Src/stm32f0xx_hal_uart.c ****   if (abortcplt == 1U)
2061:Drivers/STM32F0xx_HAL_Driver/Src/stm32f0xx_hal_uart.c ****   {
2062:Drivers/STM32F0xx_HAL_Driver/Src/stm32f0xx_hal_uart.c ****     /* Reset Tx and Rx transfer counters */
2063:Drivers/STM32F0xx_HAL_Driver/Src/stm32f0xx_hal_uart.c ****     huart->TxXferCount = 0U;
2064:Drivers/STM32F0xx_HAL_Driver/Src/stm32f0xx_hal_uart.c ****     huart->RxXferCount = 0U;
2065:Drivers/STM32F0xx_HAL_Driver/Src/stm32f0xx_hal_uart.c **** 
2066:Drivers/STM32F0xx_HAL_Driver/Src/stm32f0xx_hal_uart.c ****     /* Clear ISR function pointers */
2067:Drivers/STM32F0xx_HAL_Driver/Src/stm32f0xx_hal_uart.c ****     huart->RxISR = NULL;
2068:Drivers/STM32F0xx_HAL_Driver/Src/stm32f0xx_hal_uart.c ****     huart->TxISR = NULL;
2069:Drivers/STM32F0xx_HAL_Driver/Src/stm32f0xx_hal_uart.c **** 
2070:Drivers/STM32F0xx_HAL_Driver/Src/stm32f0xx_hal_uart.c ****     /* Reset errorCode */
2071:Drivers/STM32F0xx_HAL_Driver/Src/stm32f0xx_hal_uart.c ****     huart->ErrorCode = HAL_UART_ERROR_NONE;
2072:Drivers/STM32F0xx_HAL_Driver/Src/stm32f0xx_hal_uart.c **** 
2073:Drivers/STM32F0xx_HAL_Driver/Src/stm32f0xx_hal_uart.c ****     /* Clear the Error flags in the ICR register */
2074:Drivers/STM32F0xx_HAL_Driver/Src/stm32f0xx_hal_uart.c ****     __HAL_UART_CLEAR_FLAG(huart, UART_CLEAR_OREF | UART_CLEAR_NEF | UART_CLEAR_PEF | UART_CLEAR_FEF
2075:Drivers/STM32F0xx_HAL_Driver/Src/stm32f0xx_hal_uart.c **** 
2076:Drivers/STM32F0xx_HAL_Driver/Src/stm32f0xx_hal_uart.c **** 
2077:Drivers/STM32F0xx_HAL_Driver/Src/stm32f0xx_hal_uart.c ****     /* Discard the received data */
2078:Drivers/STM32F0xx_HAL_Driver/Src/stm32f0xx_hal_uart.c ****     __HAL_UART_SEND_REQ(huart, UART_RXDATA_FLUSH_REQUEST);
2079:Drivers/STM32F0xx_HAL_Driver/Src/stm32f0xx_hal_uart.c **** 
2080:Drivers/STM32F0xx_HAL_Driver/Src/stm32f0xx_hal_uart.c ****     /* Restore huart->gState and huart->RxState to Ready */
2081:Drivers/STM32F0xx_HAL_Driver/Src/stm32f0xx_hal_uart.c ****     huart->gState  = HAL_UART_STATE_READY;
2082:Drivers/STM32F0xx_HAL_Driver/Src/stm32f0xx_hal_uart.c ****     huart->RxState = HAL_UART_STATE_READY;
2083:Drivers/STM32F0xx_HAL_Driver/Src/stm32f0xx_hal_uart.c ****     huart->ReceptionType = HAL_UART_RECEPTION_STANDARD;
2084:Drivers/STM32F0xx_HAL_Driver/Src/stm32f0xx_hal_uart.c **** 
ARM GAS  C:\Users\MINIGU~1\AppData\Local\Temp\cc3PAC1x.s 			page 38


2085:Drivers/STM32F0xx_HAL_Driver/Src/stm32f0xx_hal_uart.c ****     /* As no DMA to be aborted, call directly user Abort complete callback */
2086:Drivers/STM32F0xx_HAL_Driver/Src/stm32f0xx_hal_uart.c **** #if (USE_HAL_UART_REGISTER_CALLBACKS == 1)
2087:Drivers/STM32F0xx_HAL_Driver/Src/stm32f0xx_hal_uart.c ****     /* Call registered Abort complete callback */
2088:Drivers/STM32F0xx_HAL_Driver/Src/stm32f0xx_hal_uart.c ****     huart->AbortCpltCallback(huart);
2089:Drivers/STM32F0xx_HAL_Driver/Src/stm32f0xx_hal_uart.c **** #else
2090:Drivers/STM32F0xx_HAL_Driver/Src/stm32f0xx_hal_uart.c ****     /* Call legacy weak Abort complete callback */
2091:Drivers/STM32F0xx_HAL_Driver/Src/stm32f0xx_hal_uart.c ****     HAL_UART_AbortCpltCallback(huart);
2092:Drivers/STM32F0xx_HAL_Driver/Src/stm32f0xx_hal_uart.c **** #endif /* USE_HAL_UART_REGISTER_CALLBACKS */
2093:Drivers/STM32F0xx_HAL_Driver/Src/stm32f0xx_hal_uart.c ****   }
2094:Drivers/STM32F0xx_HAL_Driver/Src/stm32f0xx_hal_uart.c **** 
2095:Drivers/STM32F0xx_HAL_Driver/Src/stm32f0xx_hal_uart.c ****   return HAL_OK;
2096:Drivers/STM32F0xx_HAL_Driver/Src/stm32f0xx_hal_uart.c **** }
2097:Drivers/STM32F0xx_HAL_Driver/Src/stm32f0xx_hal_uart.c **** 
2098:Drivers/STM32F0xx_HAL_Driver/Src/stm32f0xx_hal_uart.c **** /**
2099:Drivers/STM32F0xx_HAL_Driver/Src/stm32f0xx_hal_uart.c ****   * @brief  Abort ongoing Transmit transfer (Interrupt mode).
2100:Drivers/STM32F0xx_HAL_Driver/Src/stm32f0xx_hal_uart.c ****   * @param  huart UART handle.
2101:Drivers/STM32F0xx_HAL_Driver/Src/stm32f0xx_hal_uart.c ****   * @note   This procedure could be used for aborting any ongoing Tx transfer started in Interrupt 
2102:Drivers/STM32F0xx_HAL_Driver/Src/stm32f0xx_hal_uart.c ****   *         This procedure performs following operations :
2103:Drivers/STM32F0xx_HAL_Driver/Src/stm32f0xx_hal_uart.c ****   *           - Disable UART Interrupts (Tx)
2104:Drivers/STM32F0xx_HAL_Driver/Src/stm32f0xx_hal_uart.c ****   *           - Disable the DMA transfer in the peripheral register (if enabled)
2105:Drivers/STM32F0xx_HAL_Driver/Src/stm32f0xx_hal_uart.c ****   *           - Abort DMA transfer by calling HAL_DMA_Abort_IT (in case of transfer in DMA mode)
2106:Drivers/STM32F0xx_HAL_Driver/Src/stm32f0xx_hal_uart.c ****   *           - Set handle State to READY
2107:Drivers/STM32F0xx_HAL_Driver/Src/stm32f0xx_hal_uart.c ****   *           - At abort completion, call user abort complete callback
2108:Drivers/STM32F0xx_HAL_Driver/Src/stm32f0xx_hal_uart.c ****   * @note   This procedure is executed in Interrupt mode, meaning that abort procedure could be
2109:Drivers/STM32F0xx_HAL_Driver/Src/stm32f0xx_hal_uart.c ****   *         considered as completed only when user abort complete callback is executed (not when ex
2110:Drivers/STM32F0xx_HAL_Driver/Src/stm32f0xx_hal_uart.c ****   * @retval HAL status
2111:Drivers/STM32F0xx_HAL_Driver/Src/stm32f0xx_hal_uart.c ****   */
2112:Drivers/STM32F0xx_HAL_Driver/Src/stm32f0xx_hal_uart.c **** HAL_StatusTypeDef HAL_UART_AbortTransmit_IT(UART_HandleTypeDef *huart)
2113:Drivers/STM32F0xx_HAL_Driver/Src/stm32f0xx_hal_uart.c **** {
2114:Drivers/STM32F0xx_HAL_Driver/Src/stm32f0xx_hal_uart.c ****   /* Disable interrupts */
2115:Drivers/STM32F0xx_HAL_Driver/Src/stm32f0xx_hal_uart.c ****   CLEAR_BIT(huart->Instance->CR1, (USART_CR1_TXEIE | USART_CR1_TCIE));
2116:Drivers/STM32F0xx_HAL_Driver/Src/stm32f0xx_hal_uart.c **** 
2117:Drivers/STM32F0xx_HAL_Driver/Src/stm32f0xx_hal_uart.c ****   /* Disable the UART DMA Tx request if enabled */
2118:Drivers/STM32F0xx_HAL_Driver/Src/stm32f0xx_hal_uart.c ****   if (HAL_IS_BIT_SET(huart->Instance->CR3, USART_CR3_DMAT))
2119:Drivers/STM32F0xx_HAL_Driver/Src/stm32f0xx_hal_uart.c ****   {
2120:Drivers/STM32F0xx_HAL_Driver/Src/stm32f0xx_hal_uart.c ****     CLEAR_BIT(huart->Instance->CR3, USART_CR3_DMAT);
2121:Drivers/STM32F0xx_HAL_Driver/Src/stm32f0xx_hal_uart.c **** 
2122:Drivers/STM32F0xx_HAL_Driver/Src/stm32f0xx_hal_uart.c ****     /* Abort the UART DMA Tx channel : use non blocking DMA Abort API (callback) */
2123:Drivers/STM32F0xx_HAL_Driver/Src/stm32f0xx_hal_uart.c ****     if (huart->hdmatx != NULL)
2124:Drivers/STM32F0xx_HAL_Driver/Src/stm32f0xx_hal_uart.c ****     {
2125:Drivers/STM32F0xx_HAL_Driver/Src/stm32f0xx_hal_uart.c ****       /* Set the UART DMA Abort callback :
2126:Drivers/STM32F0xx_HAL_Driver/Src/stm32f0xx_hal_uart.c ****          will lead to call HAL_UART_AbortCpltCallback() at end of DMA abort procedure */
2127:Drivers/STM32F0xx_HAL_Driver/Src/stm32f0xx_hal_uart.c ****       huart->hdmatx->XferAbortCallback = UART_DMATxOnlyAbortCallback;
2128:Drivers/STM32F0xx_HAL_Driver/Src/stm32f0xx_hal_uart.c **** 
2129:Drivers/STM32F0xx_HAL_Driver/Src/stm32f0xx_hal_uart.c ****       /* Abort DMA TX */
2130:Drivers/STM32F0xx_HAL_Driver/Src/stm32f0xx_hal_uart.c ****       if (HAL_DMA_Abort_IT(huart->hdmatx) != HAL_OK)
2131:Drivers/STM32F0xx_HAL_Driver/Src/stm32f0xx_hal_uart.c ****       {
2132:Drivers/STM32F0xx_HAL_Driver/Src/stm32f0xx_hal_uart.c ****         /* Call Directly huart->hdmatx->XferAbortCallback function in case of error */
2133:Drivers/STM32F0xx_HAL_Driver/Src/stm32f0xx_hal_uart.c ****         huart->hdmatx->XferAbortCallback(huart->hdmatx);
2134:Drivers/STM32F0xx_HAL_Driver/Src/stm32f0xx_hal_uart.c ****       }
2135:Drivers/STM32F0xx_HAL_Driver/Src/stm32f0xx_hal_uart.c ****     }
2136:Drivers/STM32F0xx_HAL_Driver/Src/stm32f0xx_hal_uart.c ****     else
2137:Drivers/STM32F0xx_HAL_Driver/Src/stm32f0xx_hal_uart.c ****     {
2138:Drivers/STM32F0xx_HAL_Driver/Src/stm32f0xx_hal_uart.c ****       /* Reset Tx transfer counter */
2139:Drivers/STM32F0xx_HAL_Driver/Src/stm32f0xx_hal_uart.c ****       huart->TxXferCount = 0U;
2140:Drivers/STM32F0xx_HAL_Driver/Src/stm32f0xx_hal_uart.c **** 
2141:Drivers/STM32F0xx_HAL_Driver/Src/stm32f0xx_hal_uart.c ****       /* Clear TxISR function pointers */
ARM GAS  C:\Users\MINIGU~1\AppData\Local\Temp\cc3PAC1x.s 			page 39


2142:Drivers/STM32F0xx_HAL_Driver/Src/stm32f0xx_hal_uart.c ****       huart->TxISR = NULL;
2143:Drivers/STM32F0xx_HAL_Driver/Src/stm32f0xx_hal_uart.c **** 
2144:Drivers/STM32F0xx_HAL_Driver/Src/stm32f0xx_hal_uart.c ****       /* Restore huart->gState to Ready */
2145:Drivers/STM32F0xx_HAL_Driver/Src/stm32f0xx_hal_uart.c ****       huart->gState = HAL_UART_STATE_READY;
2146:Drivers/STM32F0xx_HAL_Driver/Src/stm32f0xx_hal_uart.c **** 
2147:Drivers/STM32F0xx_HAL_Driver/Src/stm32f0xx_hal_uart.c ****       /* As no DMA to be aborted, call directly user Abort complete callback */
2148:Drivers/STM32F0xx_HAL_Driver/Src/stm32f0xx_hal_uart.c **** #if (USE_HAL_UART_REGISTER_CALLBACKS == 1)
2149:Drivers/STM32F0xx_HAL_Driver/Src/stm32f0xx_hal_uart.c ****       /* Call registered Abort Transmit Complete Callback */
2150:Drivers/STM32F0xx_HAL_Driver/Src/stm32f0xx_hal_uart.c ****       huart->AbortTransmitCpltCallback(huart);
2151:Drivers/STM32F0xx_HAL_Driver/Src/stm32f0xx_hal_uart.c **** #else
2152:Drivers/STM32F0xx_HAL_Driver/Src/stm32f0xx_hal_uart.c ****       /* Call legacy weak Abort Transmit Complete Callback */
2153:Drivers/STM32F0xx_HAL_Driver/Src/stm32f0xx_hal_uart.c ****       HAL_UART_AbortTransmitCpltCallback(huart);
2154:Drivers/STM32F0xx_HAL_Driver/Src/stm32f0xx_hal_uart.c **** #endif /* USE_HAL_UART_REGISTER_CALLBACKS */
2155:Drivers/STM32F0xx_HAL_Driver/Src/stm32f0xx_hal_uart.c ****     }
2156:Drivers/STM32F0xx_HAL_Driver/Src/stm32f0xx_hal_uart.c ****   }
2157:Drivers/STM32F0xx_HAL_Driver/Src/stm32f0xx_hal_uart.c ****   else
2158:Drivers/STM32F0xx_HAL_Driver/Src/stm32f0xx_hal_uart.c ****   {
2159:Drivers/STM32F0xx_HAL_Driver/Src/stm32f0xx_hal_uart.c ****     /* Reset Tx transfer counter */
2160:Drivers/STM32F0xx_HAL_Driver/Src/stm32f0xx_hal_uart.c ****     huart->TxXferCount = 0U;
2161:Drivers/STM32F0xx_HAL_Driver/Src/stm32f0xx_hal_uart.c **** 
2162:Drivers/STM32F0xx_HAL_Driver/Src/stm32f0xx_hal_uart.c ****     /* Clear TxISR function pointers */
2163:Drivers/STM32F0xx_HAL_Driver/Src/stm32f0xx_hal_uart.c ****     huart->TxISR = NULL;
2164:Drivers/STM32F0xx_HAL_Driver/Src/stm32f0xx_hal_uart.c **** 
2165:Drivers/STM32F0xx_HAL_Driver/Src/stm32f0xx_hal_uart.c **** 
2166:Drivers/STM32F0xx_HAL_Driver/Src/stm32f0xx_hal_uart.c ****     /* Restore huart->gState to Ready */
2167:Drivers/STM32F0xx_HAL_Driver/Src/stm32f0xx_hal_uart.c ****     huart->gState = HAL_UART_STATE_READY;
2168:Drivers/STM32F0xx_HAL_Driver/Src/stm32f0xx_hal_uart.c **** 
2169:Drivers/STM32F0xx_HAL_Driver/Src/stm32f0xx_hal_uart.c ****     /* As no DMA to be aborted, call directly user Abort complete callback */
2170:Drivers/STM32F0xx_HAL_Driver/Src/stm32f0xx_hal_uart.c **** #if (USE_HAL_UART_REGISTER_CALLBACKS == 1)
2171:Drivers/STM32F0xx_HAL_Driver/Src/stm32f0xx_hal_uart.c ****     /* Call registered Abort Transmit Complete Callback */
2172:Drivers/STM32F0xx_HAL_Driver/Src/stm32f0xx_hal_uart.c ****     huart->AbortTransmitCpltCallback(huart);
2173:Drivers/STM32F0xx_HAL_Driver/Src/stm32f0xx_hal_uart.c **** #else
2174:Drivers/STM32F0xx_HAL_Driver/Src/stm32f0xx_hal_uart.c ****     /* Call legacy weak Abort Transmit Complete Callback */
2175:Drivers/STM32F0xx_HAL_Driver/Src/stm32f0xx_hal_uart.c ****     HAL_UART_AbortTransmitCpltCallback(huart);
2176:Drivers/STM32F0xx_HAL_Driver/Src/stm32f0xx_hal_uart.c **** #endif /* USE_HAL_UART_REGISTER_CALLBACKS */
2177:Drivers/STM32F0xx_HAL_Driver/Src/stm32f0xx_hal_uart.c ****   }
2178:Drivers/STM32F0xx_HAL_Driver/Src/stm32f0xx_hal_uart.c **** 
2179:Drivers/STM32F0xx_HAL_Driver/Src/stm32f0xx_hal_uart.c ****   return HAL_OK;
2180:Drivers/STM32F0xx_HAL_Driver/Src/stm32f0xx_hal_uart.c **** }
2181:Drivers/STM32F0xx_HAL_Driver/Src/stm32f0xx_hal_uart.c **** 
2182:Drivers/STM32F0xx_HAL_Driver/Src/stm32f0xx_hal_uart.c **** /**
2183:Drivers/STM32F0xx_HAL_Driver/Src/stm32f0xx_hal_uart.c ****   * @brief  Abort ongoing Receive transfer (Interrupt mode).
2184:Drivers/STM32F0xx_HAL_Driver/Src/stm32f0xx_hal_uart.c ****   * @param  huart UART handle.
2185:Drivers/STM32F0xx_HAL_Driver/Src/stm32f0xx_hal_uart.c ****   * @note   This procedure could be used for aborting any ongoing Rx transfer started in Interrupt 
2186:Drivers/STM32F0xx_HAL_Driver/Src/stm32f0xx_hal_uart.c ****   *         This procedure performs following operations :
2187:Drivers/STM32F0xx_HAL_Driver/Src/stm32f0xx_hal_uart.c ****   *           - Disable UART Interrupts (Rx)
2188:Drivers/STM32F0xx_HAL_Driver/Src/stm32f0xx_hal_uart.c ****   *           - Disable the DMA transfer in the peripheral register (if enabled)
2189:Drivers/STM32F0xx_HAL_Driver/Src/stm32f0xx_hal_uart.c ****   *           - Abort DMA transfer by calling HAL_DMA_Abort_IT (in case of transfer in DMA mode)
2190:Drivers/STM32F0xx_HAL_Driver/Src/stm32f0xx_hal_uart.c ****   *           - Set handle State to READY
2191:Drivers/STM32F0xx_HAL_Driver/Src/stm32f0xx_hal_uart.c ****   *           - At abort completion, call user abort complete callback
2192:Drivers/STM32F0xx_HAL_Driver/Src/stm32f0xx_hal_uart.c ****   * @note   This procedure is executed in Interrupt mode, meaning that abort procedure could be
2193:Drivers/STM32F0xx_HAL_Driver/Src/stm32f0xx_hal_uart.c ****   *         considered as completed only when user abort complete callback is executed (not when ex
2194:Drivers/STM32F0xx_HAL_Driver/Src/stm32f0xx_hal_uart.c ****   * @retval HAL status
2195:Drivers/STM32F0xx_HAL_Driver/Src/stm32f0xx_hal_uart.c ****   */
2196:Drivers/STM32F0xx_HAL_Driver/Src/stm32f0xx_hal_uart.c **** HAL_StatusTypeDef HAL_UART_AbortReceive_IT(UART_HandleTypeDef *huart)
2197:Drivers/STM32F0xx_HAL_Driver/Src/stm32f0xx_hal_uart.c **** {
2198:Drivers/STM32F0xx_HAL_Driver/Src/stm32f0xx_hal_uart.c ****   /* Disable RXNE, PE and ERR (Frame error, noise error, overrun error) interrupts */
ARM GAS  C:\Users\MINIGU~1\AppData\Local\Temp\cc3PAC1x.s 			page 40


2199:Drivers/STM32F0xx_HAL_Driver/Src/stm32f0xx_hal_uart.c ****   CLEAR_BIT(huart->Instance->CR1, (USART_CR1_RXNEIE | USART_CR1_PEIE));
2200:Drivers/STM32F0xx_HAL_Driver/Src/stm32f0xx_hal_uart.c ****   CLEAR_BIT(huart->Instance->CR3, USART_CR3_EIE);
2201:Drivers/STM32F0xx_HAL_Driver/Src/stm32f0xx_hal_uart.c **** 
2202:Drivers/STM32F0xx_HAL_Driver/Src/stm32f0xx_hal_uart.c ****   /* If Reception till IDLE event was ongoing, disable IDLEIE interrupt */
2203:Drivers/STM32F0xx_HAL_Driver/Src/stm32f0xx_hal_uart.c ****   if (huart->ReceptionType == HAL_UART_RECEPTION_TOIDLE)
2204:Drivers/STM32F0xx_HAL_Driver/Src/stm32f0xx_hal_uart.c ****   {
2205:Drivers/STM32F0xx_HAL_Driver/Src/stm32f0xx_hal_uart.c ****     CLEAR_BIT(huart->Instance->CR1, (USART_CR1_IDLEIE));
2206:Drivers/STM32F0xx_HAL_Driver/Src/stm32f0xx_hal_uart.c ****   }
2207:Drivers/STM32F0xx_HAL_Driver/Src/stm32f0xx_hal_uart.c **** 
2208:Drivers/STM32F0xx_HAL_Driver/Src/stm32f0xx_hal_uart.c ****   /* Disable the UART DMA Rx request if enabled */
2209:Drivers/STM32F0xx_HAL_Driver/Src/stm32f0xx_hal_uart.c ****   if (HAL_IS_BIT_SET(huart->Instance->CR3, USART_CR3_DMAR))
2210:Drivers/STM32F0xx_HAL_Driver/Src/stm32f0xx_hal_uart.c ****   {
2211:Drivers/STM32F0xx_HAL_Driver/Src/stm32f0xx_hal_uart.c ****     CLEAR_BIT(huart->Instance->CR3, USART_CR3_DMAR);
2212:Drivers/STM32F0xx_HAL_Driver/Src/stm32f0xx_hal_uart.c **** 
2213:Drivers/STM32F0xx_HAL_Driver/Src/stm32f0xx_hal_uart.c ****     /* Abort the UART DMA Rx channel : use non blocking DMA Abort API (callback) */
2214:Drivers/STM32F0xx_HAL_Driver/Src/stm32f0xx_hal_uart.c ****     if (huart->hdmarx != NULL)
2215:Drivers/STM32F0xx_HAL_Driver/Src/stm32f0xx_hal_uart.c ****     {
2216:Drivers/STM32F0xx_HAL_Driver/Src/stm32f0xx_hal_uart.c ****       /* Set the UART DMA Abort callback :
2217:Drivers/STM32F0xx_HAL_Driver/Src/stm32f0xx_hal_uart.c ****          will lead to call HAL_UART_AbortCpltCallback() at end of DMA abort procedure */
2218:Drivers/STM32F0xx_HAL_Driver/Src/stm32f0xx_hal_uart.c ****       huart->hdmarx->XferAbortCallback = UART_DMARxOnlyAbortCallback;
2219:Drivers/STM32F0xx_HAL_Driver/Src/stm32f0xx_hal_uart.c **** 
2220:Drivers/STM32F0xx_HAL_Driver/Src/stm32f0xx_hal_uart.c ****       /* Abort DMA RX */
2221:Drivers/STM32F0xx_HAL_Driver/Src/stm32f0xx_hal_uart.c ****       if (HAL_DMA_Abort_IT(huart->hdmarx) != HAL_OK)
2222:Drivers/STM32F0xx_HAL_Driver/Src/stm32f0xx_hal_uart.c ****       {
2223:Drivers/STM32F0xx_HAL_Driver/Src/stm32f0xx_hal_uart.c ****         /* Call Directly huart->hdmarx->XferAbortCallback function in case of error */
2224:Drivers/STM32F0xx_HAL_Driver/Src/stm32f0xx_hal_uart.c ****         huart->hdmarx->XferAbortCallback(huart->hdmarx);
2225:Drivers/STM32F0xx_HAL_Driver/Src/stm32f0xx_hal_uart.c ****       }
2226:Drivers/STM32F0xx_HAL_Driver/Src/stm32f0xx_hal_uart.c ****     }
2227:Drivers/STM32F0xx_HAL_Driver/Src/stm32f0xx_hal_uart.c ****     else
2228:Drivers/STM32F0xx_HAL_Driver/Src/stm32f0xx_hal_uart.c ****     {
2229:Drivers/STM32F0xx_HAL_Driver/Src/stm32f0xx_hal_uart.c ****       /* Reset Rx transfer counter */
2230:Drivers/STM32F0xx_HAL_Driver/Src/stm32f0xx_hal_uart.c ****       huart->RxXferCount = 0U;
2231:Drivers/STM32F0xx_HAL_Driver/Src/stm32f0xx_hal_uart.c **** 
2232:Drivers/STM32F0xx_HAL_Driver/Src/stm32f0xx_hal_uart.c ****       /* Clear RxISR function pointer */
2233:Drivers/STM32F0xx_HAL_Driver/Src/stm32f0xx_hal_uart.c ****       huart->pRxBuffPtr = NULL;
2234:Drivers/STM32F0xx_HAL_Driver/Src/stm32f0xx_hal_uart.c **** 
2235:Drivers/STM32F0xx_HAL_Driver/Src/stm32f0xx_hal_uart.c ****       /* Clear the Error flags in the ICR register */
2236:Drivers/STM32F0xx_HAL_Driver/Src/stm32f0xx_hal_uart.c ****       __HAL_UART_CLEAR_FLAG(huart, UART_CLEAR_OREF | UART_CLEAR_NEF | UART_CLEAR_PEF | UART_CLEAR_F
2237:Drivers/STM32F0xx_HAL_Driver/Src/stm32f0xx_hal_uart.c **** 
2238:Drivers/STM32F0xx_HAL_Driver/Src/stm32f0xx_hal_uart.c ****       /* Discard the received data */
2239:Drivers/STM32F0xx_HAL_Driver/Src/stm32f0xx_hal_uart.c ****       __HAL_UART_SEND_REQ(huart, UART_RXDATA_FLUSH_REQUEST);
2240:Drivers/STM32F0xx_HAL_Driver/Src/stm32f0xx_hal_uart.c **** 
2241:Drivers/STM32F0xx_HAL_Driver/Src/stm32f0xx_hal_uart.c ****       /* Restore huart->RxState to Ready */
2242:Drivers/STM32F0xx_HAL_Driver/Src/stm32f0xx_hal_uart.c ****       huart->RxState = HAL_UART_STATE_READY;
2243:Drivers/STM32F0xx_HAL_Driver/Src/stm32f0xx_hal_uart.c ****       huart->ReceptionType = HAL_UART_RECEPTION_STANDARD;
2244:Drivers/STM32F0xx_HAL_Driver/Src/stm32f0xx_hal_uart.c **** 
2245:Drivers/STM32F0xx_HAL_Driver/Src/stm32f0xx_hal_uart.c ****       /* As no DMA to be aborted, call directly user Abort complete callback */
2246:Drivers/STM32F0xx_HAL_Driver/Src/stm32f0xx_hal_uart.c **** #if (USE_HAL_UART_REGISTER_CALLBACKS == 1)
2247:Drivers/STM32F0xx_HAL_Driver/Src/stm32f0xx_hal_uart.c ****       /* Call registered Abort Receive Complete Callback */
2248:Drivers/STM32F0xx_HAL_Driver/Src/stm32f0xx_hal_uart.c ****       huart->AbortReceiveCpltCallback(huart);
2249:Drivers/STM32F0xx_HAL_Driver/Src/stm32f0xx_hal_uart.c **** #else
2250:Drivers/STM32F0xx_HAL_Driver/Src/stm32f0xx_hal_uart.c ****       /* Call legacy weak Abort Receive Complete Callback */
2251:Drivers/STM32F0xx_HAL_Driver/Src/stm32f0xx_hal_uart.c ****       HAL_UART_AbortReceiveCpltCallback(huart);
2252:Drivers/STM32F0xx_HAL_Driver/Src/stm32f0xx_hal_uart.c **** #endif /* USE_HAL_UART_REGISTER_CALLBACKS */
2253:Drivers/STM32F0xx_HAL_Driver/Src/stm32f0xx_hal_uart.c ****     }
2254:Drivers/STM32F0xx_HAL_Driver/Src/stm32f0xx_hal_uart.c ****   }
2255:Drivers/STM32F0xx_HAL_Driver/Src/stm32f0xx_hal_uart.c ****   else
ARM GAS  C:\Users\MINIGU~1\AppData\Local\Temp\cc3PAC1x.s 			page 41


2256:Drivers/STM32F0xx_HAL_Driver/Src/stm32f0xx_hal_uart.c ****   {
2257:Drivers/STM32F0xx_HAL_Driver/Src/stm32f0xx_hal_uart.c ****     /* Reset Rx transfer counter */
2258:Drivers/STM32F0xx_HAL_Driver/Src/stm32f0xx_hal_uart.c ****     huart->RxXferCount = 0U;
2259:Drivers/STM32F0xx_HAL_Driver/Src/stm32f0xx_hal_uart.c **** 
2260:Drivers/STM32F0xx_HAL_Driver/Src/stm32f0xx_hal_uart.c ****     /* Clear RxISR function pointer */
2261:Drivers/STM32F0xx_HAL_Driver/Src/stm32f0xx_hal_uart.c ****     huart->pRxBuffPtr = NULL;
2262:Drivers/STM32F0xx_HAL_Driver/Src/stm32f0xx_hal_uart.c **** 
2263:Drivers/STM32F0xx_HAL_Driver/Src/stm32f0xx_hal_uart.c ****     /* Clear the Error flags in the ICR register */
2264:Drivers/STM32F0xx_HAL_Driver/Src/stm32f0xx_hal_uart.c ****     __HAL_UART_CLEAR_FLAG(huart, UART_CLEAR_OREF | UART_CLEAR_NEF | UART_CLEAR_PEF | UART_CLEAR_FEF
2265:Drivers/STM32F0xx_HAL_Driver/Src/stm32f0xx_hal_uart.c **** 
2266:Drivers/STM32F0xx_HAL_Driver/Src/stm32f0xx_hal_uart.c ****     /* Restore huart->RxState to Ready */
2267:Drivers/STM32F0xx_HAL_Driver/Src/stm32f0xx_hal_uart.c ****     huart->RxState = HAL_UART_STATE_READY;
2268:Drivers/STM32F0xx_HAL_Driver/Src/stm32f0xx_hal_uart.c ****     huart->ReceptionType = HAL_UART_RECEPTION_STANDARD;
2269:Drivers/STM32F0xx_HAL_Driver/Src/stm32f0xx_hal_uart.c **** 
2270:Drivers/STM32F0xx_HAL_Driver/Src/stm32f0xx_hal_uart.c ****     /* As no DMA to be aborted, call directly user Abort complete callback */
2271:Drivers/STM32F0xx_HAL_Driver/Src/stm32f0xx_hal_uart.c **** #if (USE_HAL_UART_REGISTER_CALLBACKS == 1)
2272:Drivers/STM32F0xx_HAL_Driver/Src/stm32f0xx_hal_uart.c ****     /* Call registered Abort Receive Complete Callback */
2273:Drivers/STM32F0xx_HAL_Driver/Src/stm32f0xx_hal_uart.c ****     huart->AbortReceiveCpltCallback(huart);
2274:Drivers/STM32F0xx_HAL_Driver/Src/stm32f0xx_hal_uart.c **** #else
2275:Drivers/STM32F0xx_HAL_Driver/Src/stm32f0xx_hal_uart.c ****     /* Call legacy weak Abort Receive Complete Callback */
2276:Drivers/STM32F0xx_HAL_Driver/Src/stm32f0xx_hal_uart.c ****     HAL_UART_AbortReceiveCpltCallback(huart);
2277:Drivers/STM32F0xx_HAL_Driver/Src/stm32f0xx_hal_uart.c **** #endif /* USE_HAL_UART_REGISTER_CALLBACKS */
2278:Drivers/STM32F0xx_HAL_Driver/Src/stm32f0xx_hal_uart.c ****   }
2279:Drivers/STM32F0xx_HAL_Driver/Src/stm32f0xx_hal_uart.c **** 
2280:Drivers/STM32F0xx_HAL_Driver/Src/stm32f0xx_hal_uart.c ****   return HAL_OK;
2281:Drivers/STM32F0xx_HAL_Driver/Src/stm32f0xx_hal_uart.c **** }
2282:Drivers/STM32F0xx_HAL_Driver/Src/stm32f0xx_hal_uart.c **** 
2283:Drivers/STM32F0xx_HAL_Driver/Src/stm32f0xx_hal_uart.c **** /**
2284:Drivers/STM32F0xx_HAL_Driver/Src/stm32f0xx_hal_uart.c ****   * @brief Handle UART interrupt request.
2285:Drivers/STM32F0xx_HAL_Driver/Src/stm32f0xx_hal_uart.c ****   * @param huart UART handle.
2286:Drivers/STM32F0xx_HAL_Driver/Src/stm32f0xx_hal_uart.c ****   * @retval None
2287:Drivers/STM32F0xx_HAL_Driver/Src/stm32f0xx_hal_uart.c ****   */
2288:Drivers/STM32F0xx_HAL_Driver/Src/stm32f0xx_hal_uart.c **** void HAL_UART_IRQHandler(UART_HandleTypeDef *huart)
2289:Drivers/STM32F0xx_HAL_Driver/Src/stm32f0xx_hal_uart.c **** {
2290:Drivers/STM32F0xx_HAL_Driver/Src/stm32f0xx_hal_uart.c ****   uint32_t isrflags   = READ_REG(huart->Instance->ISR);
2291:Drivers/STM32F0xx_HAL_Driver/Src/stm32f0xx_hal_uart.c ****   uint32_t cr1its     = READ_REG(huart->Instance->CR1);
2292:Drivers/STM32F0xx_HAL_Driver/Src/stm32f0xx_hal_uart.c ****   uint32_t cr3its     = READ_REG(huart->Instance->CR3);
2293:Drivers/STM32F0xx_HAL_Driver/Src/stm32f0xx_hal_uart.c **** 
2294:Drivers/STM32F0xx_HAL_Driver/Src/stm32f0xx_hal_uart.c ****   uint32_t errorflags;
2295:Drivers/STM32F0xx_HAL_Driver/Src/stm32f0xx_hal_uart.c ****   uint32_t errorcode;
2296:Drivers/STM32F0xx_HAL_Driver/Src/stm32f0xx_hal_uart.c **** 
2297:Drivers/STM32F0xx_HAL_Driver/Src/stm32f0xx_hal_uart.c ****   /* If no error occurs */
2298:Drivers/STM32F0xx_HAL_Driver/Src/stm32f0xx_hal_uart.c ****   errorflags = (isrflags & (uint32_t)(USART_ISR_PE | USART_ISR_FE | USART_ISR_ORE | USART_ISR_NE | 
2299:Drivers/STM32F0xx_HAL_Driver/Src/stm32f0xx_hal_uart.c ****   if (errorflags == 0U)
2300:Drivers/STM32F0xx_HAL_Driver/Src/stm32f0xx_hal_uart.c ****   {
2301:Drivers/STM32F0xx_HAL_Driver/Src/stm32f0xx_hal_uart.c ****     /* UART in mode Receiver ---------------------------------------------------*/
2302:Drivers/STM32F0xx_HAL_Driver/Src/stm32f0xx_hal_uart.c ****     if (((isrflags & USART_ISR_RXNE) != 0U)
2303:Drivers/STM32F0xx_HAL_Driver/Src/stm32f0xx_hal_uart.c ****         && ((cr1its & USART_CR1_RXNEIE) != 0U))
2304:Drivers/STM32F0xx_HAL_Driver/Src/stm32f0xx_hal_uart.c ****     {
2305:Drivers/STM32F0xx_HAL_Driver/Src/stm32f0xx_hal_uart.c ****       if (huart->RxISR != NULL)
2306:Drivers/STM32F0xx_HAL_Driver/Src/stm32f0xx_hal_uart.c ****       {
2307:Drivers/STM32F0xx_HAL_Driver/Src/stm32f0xx_hal_uart.c ****         huart->RxISR(huart);
2308:Drivers/STM32F0xx_HAL_Driver/Src/stm32f0xx_hal_uart.c ****       }
2309:Drivers/STM32F0xx_HAL_Driver/Src/stm32f0xx_hal_uart.c ****       return;
2310:Drivers/STM32F0xx_HAL_Driver/Src/stm32f0xx_hal_uart.c ****     }
2311:Drivers/STM32F0xx_HAL_Driver/Src/stm32f0xx_hal_uart.c ****   }
2312:Drivers/STM32F0xx_HAL_Driver/Src/stm32f0xx_hal_uart.c **** 
ARM GAS  C:\Users\MINIGU~1\AppData\Local\Temp\cc3PAC1x.s 			page 42


2313:Drivers/STM32F0xx_HAL_Driver/Src/stm32f0xx_hal_uart.c ****   /* If some errors occur */
2314:Drivers/STM32F0xx_HAL_Driver/Src/stm32f0xx_hal_uart.c ****   if ((errorflags != 0U)
2315:Drivers/STM32F0xx_HAL_Driver/Src/stm32f0xx_hal_uart.c ****       && (((cr3its & USART_CR3_EIE) != 0U)
2316:Drivers/STM32F0xx_HAL_Driver/Src/stm32f0xx_hal_uart.c ****           || ((cr1its & (USART_CR1_RXNEIE | USART_CR1_PEIE | USART_CR1_RTOIE)) != 0U)))
2317:Drivers/STM32F0xx_HAL_Driver/Src/stm32f0xx_hal_uart.c ****   {
2318:Drivers/STM32F0xx_HAL_Driver/Src/stm32f0xx_hal_uart.c ****     /* UART parity error interrupt occurred -------------------------------------*/
2319:Drivers/STM32F0xx_HAL_Driver/Src/stm32f0xx_hal_uart.c ****     if (((isrflags & USART_ISR_PE) != 0U) && ((cr1its & USART_CR1_PEIE) != 0U))
2320:Drivers/STM32F0xx_HAL_Driver/Src/stm32f0xx_hal_uart.c ****     {
2321:Drivers/STM32F0xx_HAL_Driver/Src/stm32f0xx_hal_uart.c ****       __HAL_UART_CLEAR_FLAG(huart, UART_CLEAR_PEF);
2322:Drivers/STM32F0xx_HAL_Driver/Src/stm32f0xx_hal_uart.c **** 
2323:Drivers/STM32F0xx_HAL_Driver/Src/stm32f0xx_hal_uart.c ****       huart->ErrorCode |= HAL_UART_ERROR_PE;
2324:Drivers/STM32F0xx_HAL_Driver/Src/stm32f0xx_hal_uart.c ****     }
2325:Drivers/STM32F0xx_HAL_Driver/Src/stm32f0xx_hal_uart.c **** 
2326:Drivers/STM32F0xx_HAL_Driver/Src/stm32f0xx_hal_uart.c ****     /* UART frame error interrupt occurred --------------------------------------*/
2327:Drivers/STM32F0xx_HAL_Driver/Src/stm32f0xx_hal_uart.c ****     if (((isrflags & USART_ISR_FE) != 0U) && ((cr3its & USART_CR3_EIE) != 0U))
2328:Drivers/STM32F0xx_HAL_Driver/Src/stm32f0xx_hal_uart.c ****     {
2329:Drivers/STM32F0xx_HAL_Driver/Src/stm32f0xx_hal_uart.c ****       __HAL_UART_CLEAR_FLAG(huart, UART_CLEAR_FEF);
2330:Drivers/STM32F0xx_HAL_Driver/Src/stm32f0xx_hal_uart.c **** 
2331:Drivers/STM32F0xx_HAL_Driver/Src/stm32f0xx_hal_uart.c ****       huart->ErrorCode |= HAL_UART_ERROR_FE;
2332:Drivers/STM32F0xx_HAL_Driver/Src/stm32f0xx_hal_uart.c ****     }
2333:Drivers/STM32F0xx_HAL_Driver/Src/stm32f0xx_hal_uart.c **** 
2334:Drivers/STM32F0xx_HAL_Driver/Src/stm32f0xx_hal_uart.c ****     /* UART noise error interrupt occurred --------------------------------------*/
2335:Drivers/STM32F0xx_HAL_Driver/Src/stm32f0xx_hal_uart.c ****     if (((isrflags & USART_ISR_NE) != 0U) && ((cr3its & USART_CR3_EIE) != 0U))
2336:Drivers/STM32F0xx_HAL_Driver/Src/stm32f0xx_hal_uart.c ****     {
2337:Drivers/STM32F0xx_HAL_Driver/Src/stm32f0xx_hal_uart.c ****       __HAL_UART_CLEAR_FLAG(huart, UART_CLEAR_NEF);
2338:Drivers/STM32F0xx_HAL_Driver/Src/stm32f0xx_hal_uart.c **** 
2339:Drivers/STM32F0xx_HAL_Driver/Src/stm32f0xx_hal_uart.c ****       huart->ErrorCode |= HAL_UART_ERROR_NE;
2340:Drivers/STM32F0xx_HAL_Driver/Src/stm32f0xx_hal_uart.c ****     }
2341:Drivers/STM32F0xx_HAL_Driver/Src/stm32f0xx_hal_uart.c **** 
2342:Drivers/STM32F0xx_HAL_Driver/Src/stm32f0xx_hal_uart.c ****     /* UART Over-Run interrupt occurred -----------------------------------------*/
2343:Drivers/STM32F0xx_HAL_Driver/Src/stm32f0xx_hal_uart.c ****     if (((isrflags & USART_ISR_ORE) != 0U)
2344:Drivers/STM32F0xx_HAL_Driver/Src/stm32f0xx_hal_uart.c ****         && (((cr1its & USART_CR1_RXNEIE) != 0U) ||
2345:Drivers/STM32F0xx_HAL_Driver/Src/stm32f0xx_hal_uart.c ****             ((cr3its & USART_CR3_EIE) != 0U)))
2346:Drivers/STM32F0xx_HAL_Driver/Src/stm32f0xx_hal_uart.c ****     {
2347:Drivers/STM32F0xx_HAL_Driver/Src/stm32f0xx_hal_uart.c ****       __HAL_UART_CLEAR_FLAG(huart, UART_CLEAR_OREF);
2348:Drivers/STM32F0xx_HAL_Driver/Src/stm32f0xx_hal_uart.c **** 
2349:Drivers/STM32F0xx_HAL_Driver/Src/stm32f0xx_hal_uart.c ****       huart->ErrorCode |= HAL_UART_ERROR_ORE;
2350:Drivers/STM32F0xx_HAL_Driver/Src/stm32f0xx_hal_uart.c ****     }
2351:Drivers/STM32F0xx_HAL_Driver/Src/stm32f0xx_hal_uart.c **** 
2352:Drivers/STM32F0xx_HAL_Driver/Src/stm32f0xx_hal_uart.c ****     /* UART Receiver Timeout interrupt occurred ---------------------------------*/
2353:Drivers/STM32F0xx_HAL_Driver/Src/stm32f0xx_hal_uart.c ****     if (((isrflags & USART_ISR_RTOF) != 0U) && ((cr1its & USART_CR1_RTOIE) != 0U))
2354:Drivers/STM32F0xx_HAL_Driver/Src/stm32f0xx_hal_uart.c ****     {
2355:Drivers/STM32F0xx_HAL_Driver/Src/stm32f0xx_hal_uart.c ****       __HAL_UART_CLEAR_FLAG(huart, UART_CLEAR_RTOF);
2356:Drivers/STM32F0xx_HAL_Driver/Src/stm32f0xx_hal_uart.c **** 
2357:Drivers/STM32F0xx_HAL_Driver/Src/stm32f0xx_hal_uart.c ****       huart->ErrorCode |= HAL_UART_ERROR_RTO;
2358:Drivers/STM32F0xx_HAL_Driver/Src/stm32f0xx_hal_uart.c ****     }
2359:Drivers/STM32F0xx_HAL_Driver/Src/stm32f0xx_hal_uart.c **** 
2360:Drivers/STM32F0xx_HAL_Driver/Src/stm32f0xx_hal_uart.c ****     /* Call UART Error Call back function if need be ----------------------------*/
2361:Drivers/STM32F0xx_HAL_Driver/Src/stm32f0xx_hal_uart.c ****     if (huart->ErrorCode != HAL_UART_ERROR_NONE)
2362:Drivers/STM32F0xx_HAL_Driver/Src/stm32f0xx_hal_uart.c ****     {
2363:Drivers/STM32F0xx_HAL_Driver/Src/stm32f0xx_hal_uart.c ****       /* UART in mode Receiver --------------------------------------------------*/
2364:Drivers/STM32F0xx_HAL_Driver/Src/stm32f0xx_hal_uart.c ****       if (((isrflags & USART_ISR_RXNE) != 0U)
2365:Drivers/STM32F0xx_HAL_Driver/Src/stm32f0xx_hal_uart.c ****           && ((cr1its & USART_CR1_RXNEIE) != 0U))
2366:Drivers/STM32F0xx_HAL_Driver/Src/stm32f0xx_hal_uart.c ****       {
2367:Drivers/STM32F0xx_HAL_Driver/Src/stm32f0xx_hal_uart.c ****         if (huart->RxISR != NULL)
2368:Drivers/STM32F0xx_HAL_Driver/Src/stm32f0xx_hal_uart.c ****         {
2369:Drivers/STM32F0xx_HAL_Driver/Src/stm32f0xx_hal_uart.c ****           huart->RxISR(huart);
ARM GAS  C:\Users\MINIGU~1\AppData\Local\Temp\cc3PAC1x.s 			page 43


2370:Drivers/STM32F0xx_HAL_Driver/Src/stm32f0xx_hal_uart.c ****         }
2371:Drivers/STM32F0xx_HAL_Driver/Src/stm32f0xx_hal_uart.c ****       }
2372:Drivers/STM32F0xx_HAL_Driver/Src/stm32f0xx_hal_uart.c **** 
2373:Drivers/STM32F0xx_HAL_Driver/Src/stm32f0xx_hal_uart.c ****       /* If Error is to be considered as blocking :
2374:Drivers/STM32F0xx_HAL_Driver/Src/stm32f0xx_hal_uart.c ****           - Receiver Timeout error in Reception
2375:Drivers/STM32F0xx_HAL_Driver/Src/stm32f0xx_hal_uart.c ****           - Overrun error in Reception
2376:Drivers/STM32F0xx_HAL_Driver/Src/stm32f0xx_hal_uart.c ****           - any error occurs in DMA mode reception
2377:Drivers/STM32F0xx_HAL_Driver/Src/stm32f0xx_hal_uart.c ****       */
2378:Drivers/STM32F0xx_HAL_Driver/Src/stm32f0xx_hal_uart.c ****       errorcode = huart->ErrorCode;
2379:Drivers/STM32F0xx_HAL_Driver/Src/stm32f0xx_hal_uart.c ****       if ((HAL_IS_BIT_SET(huart->Instance->CR3, USART_CR3_DMAR)) ||
2380:Drivers/STM32F0xx_HAL_Driver/Src/stm32f0xx_hal_uart.c ****           ((errorcode & (HAL_UART_ERROR_RTO | HAL_UART_ERROR_ORE)) != 0U))
2381:Drivers/STM32F0xx_HAL_Driver/Src/stm32f0xx_hal_uart.c ****       {
2382:Drivers/STM32F0xx_HAL_Driver/Src/stm32f0xx_hal_uart.c ****         /* Blocking error : transfer is aborted
2383:Drivers/STM32F0xx_HAL_Driver/Src/stm32f0xx_hal_uart.c ****            Set the UART state ready to be able to start again the process,
2384:Drivers/STM32F0xx_HAL_Driver/Src/stm32f0xx_hal_uart.c ****            Disable Rx Interrupts, and disable Rx DMA request, if ongoing */
2385:Drivers/STM32F0xx_HAL_Driver/Src/stm32f0xx_hal_uart.c ****         UART_EndRxTransfer(huart);
2386:Drivers/STM32F0xx_HAL_Driver/Src/stm32f0xx_hal_uart.c **** 
2387:Drivers/STM32F0xx_HAL_Driver/Src/stm32f0xx_hal_uart.c ****         /* Disable the UART DMA Rx request if enabled */
2388:Drivers/STM32F0xx_HAL_Driver/Src/stm32f0xx_hal_uart.c ****         if (HAL_IS_BIT_SET(huart->Instance->CR3, USART_CR3_DMAR))
2389:Drivers/STM32F0xx_HAL_Driver/Src/stm32f0xx_hal_uart.c ****         {
2390:Drivers/STM32F0xx_HAL_Driver/Src/stm32f0xx_hal_uart.c ****           CLEAR_BIT(huart->Instance->CR3, USART_CR3_DMAR);
2391:Drivers/STM32F0xx_HAL_Driver/Src/stm32f0xx_hal_uart.c **** 
2392:Drivers/STM32F0xx_HAL_Driver/Src/stm32f0xx_hal_uart.c ****           /* Abort the UART DMA Rx channel */
2393:Drivers/STM32F0xx_HAL_Driver/Src/stm32f0xx_hal_uart.c ****           if (huart->hdmarx != NULL)
2394:Drivers/STM32F0xx_HAL_Driver/Src/stm32f0xx_hal_uart.c ****           {
2395:Drivers/STM32F0xx_HAL_Driver/Src/stm32f0xx_hal_uart.c ****             /* Set the UART DMA Abort callback :
2396:Drivers/STM32F0xx_HAL_Driver/Src/stm32f0xx_hal_uart.c ****                will lead to call HAL_UART_ErrorCallback() at end of DMA abort procedure */
2397:Drivers/STM32F0xx_HAL_Driver/Src/stm32f0xx_hal_uart.c ****             huart->hdmarx->XferAbortCallback = UART_DMAAbortOnError;
2398:Drivers/STM32F0xx_HAL_Driver/Src/stm32f0xx_hal_uart.c **** 
2399:Drivers/STM32F0xx_HAL_Driver/Src/stm32f0xx_hal_uart.c ****             /* Abort DMA RX */
2400:Drivers/STM32F0xx_HAL_Driver/Src/stm32f0xx_hal_uart.c ****             if (HAL_DMA_Abort_IT(huart->hdmarx) != HAL_OK)
2401:Drivers/STM32F0xx_HAL_Driver/Src/stm32f0xx_hal_uart.c ****             {
2402:Drivers/STM32F0xx_HAL_Driver/Src/stm32f0xx_hal_uart.c ****               /* Call Directly huart->hdmarx->XferAbortCallback function in case of error */
2403:Drivers/STM32F0xx_HAL_Driver/Src/stm32f0xx_hal_uart.c ****               huart->hdmarx->XferAbortCallback(huart->hdmarx);
2404:Drivers/STM32F0xx_HAL_Driver/Src/stm32f0xx_hal_uart.c ****             }
2405:Drivers/STM32F0xx_HAL_Driver/Src/stm32f0xx_hal_uart.c ****           }
2406:Drivers/STM32F0xx_HAL_Driver/Src/stm32f0xx_hal_uart.c ****           else
2407:Drivers/STM32F0xx_HAL_Driver/Src/stm32f0xx_hal_uart.c ****           {
2408:Drivers/STM32F0xx_HAL_Driver/Src/stm32f0xx_hal_uart.c ****             /* Call user error callback */
2409:Drivers/STM32F0xx_HAL_Driver/Src/stm32f0xx_hal_uart.c **** #if (USE_HAL_UART_REGISTER_CALLBACKS == 1)
2410:Drivers/STM32F0xx_HAL_Driver/Src/stm32f0xx_hal_uart.c ****             /*Call registered error callback*/
2411:Drivers/STM32F0xx_HAL_Driver/Src/stm32f0xx_hal_uart.c ****             huart->ErrorCallback(huart);
2412:Drivers/STM32F0xx_HAL_Driver/Src/stm32f0xx_hal_uart.c **** #else
2413:Drivers/STM32F0xx_HAL_Driver/Src/stm32f0xx_hal_uart.c ****             /*Call legacy weak error callback*/
2414:Drivers/STM32F0xx_HAL_Driver/Src/stm32f0xx_hal_uart.c ****             HAL_UART_ErrorCallback(huart);
2415:Drivers/STM32F0xx_HAL_Driver/Src/stm32f0xx_hal_uart.c **** #endif /* USE_HAL_UART_REGISTER_CALLBACKS */
2416:Drivers/STM32F0xx_HAL_Driver/Src/stm32f0xx_hal_uart.c **** 
2417:Drivers/STM32F0xx_HAL_Driver/Src/stm32f0xx_hal_uart.c ****           }
2418:Drivers/STM32F0xx_HAL_Driver/Src/stm32f0xx_hal_uart.c ****         }
2419:Drivers/STM32F0xx_HAL_Driver/Src/stm32f0xx_hal_uart.c ****         else
2420:Drivers/STM32F0xx_HAL_Driver/Src/stm32f0xx_hal_uart.c ****         {
2421:Drivers/STM32F0xx_HAL_Driver/Src/stm32f0xx_hal_uart.c ****           /* Call user error callback */
2422:Drivers/STM32F0xx_HAL_Driver/Src/stm32f0xx_hal_uart.c **** #if (USE_HAL_UART_REGISTER_CALLBACKS == 1)
2423:Drivers/STM32F0xx_HAL_Driver/Src/stm32f0xx_hal_uart.c ****           /*Call registered error callback*/
2424:Drivers/STM32F0xx_HAL_Driver/Src/stm32f0xx_hal_uart.c ****           huart->ErrorCallback(huart);
2425:Drivers/STM32F0xx_HAL_Driver/Src/stm32f0xx_hal_uart.c **** #else
2426:Drivers/STM32F0xx_HAL_Driver/Src/stm32f0xx_hal_uart.c ****           /*Call legacy weak error callback*/
ARM GAS  C:\Users\MINIGU~1\AppData\Local\Temp\cc3PAC1x.s 			page 44


2427:Drivers/STM32F0xx_HAL_Driver/Src/stm32f0xx_hal_uart.c ****           HAL_UART_ErrorCallback(huart);
2428:Drivers/STM32F0xx_HAL_Driver/Src/stm32f0xx_hal_uart.c **** #endif /* USE_HAL_UART_REGISTER_CALLBACKS */
2429:Drivers/STM32F0xx_HAL_Driver/Src/stm32f0xx_hal_uart.c ****         }
2430:Drivers/STM32F0xx_HAL_Driver/Src/stm32f0xx_hal_uart.c ****       }
2431:Drivers/STM32F0xx_HAL_Driver/Src/stm32f0xx_hal_uart.c ****       else
2432:Drivers/STM32F0xx_HAL_Driver/Src/stm32f0xx_hal_uart.c ****       {
2433:Drivers/STM32F0xx_HAL_Driver/Src/stm32f0xx_hal_uart.c ****         /* Non Blocking error : transfer could go on.
2434:Drivers/STM32F0xx_HAL_Driver/Src/stm32f0xx_hal_uart.c ****            Error is notified to user through user error callback */
2435:Drivers/STM32F0xx_HAL_Driver/Src/stm32f0xx_hal_uart.c **** #if (USE_HAL_UART_REGISTER_CALLBACKS == 1)
2436:Drivers/STM32F0xx_HAL_Driver/Src/stm32f0xx_hal_uart.c ****         /*Call registered error callback*/
2437:Drivers/STM32F0xx_HAL_Driver/Src/stm32f0xx_hal_uart.c ****         huart->ErrorCallback(huart);
2438:Drivers/STM32F0xx_HAL_Driver/Src/stm32f0xx_hal_uart.c **** #else
2439:Drivers/STM32F0xx_HAL_Driver/Src/stm32f0xx_hal_uart.c ****         /*Call legacy weak error callback*/
2440:Drivers/STM32F0xx_HAL_Driver/Src/stm32f0xx_hal_uart.c ****         HAL_UART_ErrorCallback(huart);
2441:Drivers/STM32F0xx_HAL_Driver/Src/stm32f0xx_hal_uart.c **** #endif /* USE_HAL_UART_REGISTER_CALLBACKS */
2442:Drivers/STM32F0xx_HAL_Driver/Src/stm32f0xx_hal_uart.c ****         huart->ErrorCode = HAL_UART_ERROR_NONE;
2443:Drivers/STM32F0xx_HAL_Driver/Src/stm32f0xx_hal_uart.c ****       }
2444:Drivers/STM32F0xx_HAL_Driver/Src/stm32f0xx_hal_uart.c ****     }
2445:Drivers/STM32F0xx_HAL_Driver/Src/stm32f0xx_hal_uart.c ****     return;
2446:Drivers/STM32F0xx_HAL_Driver/Src/stm32f0xx_hal_uart.c **** 
2447:Drivers/STM32F0xx_HAL_Driver/Src/stm32f0xx_hal_uart.c ****   } /* End if some error occurs */
2448:Drivers/STM32F0xx_HAL_Driver/Src/stm32f0xx_hal_uart.c **** 
2449:Drivers/STM32F0xx_HAL_Driver/Src/stm32f0xx_hal_uart.c ****   /* Check current reception Mode :
2450:Drivers/STM32F0xx_HAL_Driver/Src/stm32f0xx_hal_uart.c ****      If Reception till IDLE event has been selected : */
2451:Drivers/STM32F0xx_HAL_Driver/Src/stm32f0xx_hal_uart.c ****   if (  (huart->ReceptionType == HAL_UART_RECEPTION_TOIDLE)
2452:Drivers/STM32F0xx_HAL_Driver/Src/stm32f0xx_hal_uart.c ****       &&((isrflags & USART_ISR_IDLE) != 0U)
2453:Drivers/STM32F0xx_HAL_Driver/Src/stm32f0xx_hal_uart.c ****       &&((cr1its & USART_ISR_IDLE) != 0U))
2454:Drivers/STM32F0xx_HAL_Driver/Src/stm32f0xx_hal_uart.c ****   {
2455:Drivers/STM32F0xx_HAL_Driver/Src/stm32f0xx_hal_uart.c ****     __HAL_UART_CLEAR_FLAG(huart, UART_CLEAR_IDLEF);
2456:Drivers/STM32F0xx_HAL_Driver/Src/stm32f0xx_hal_uart.c **** 
2457:Drivers/STM32F0xx_HAL_Driver/Src/stm32f0xx_hal_uart.c ****     /* Check if DMA mode is enabled in UART */
2458:Drivers/STM32F0xx_HAL_Driver/Src/stm32f0xx_hal_uart.c ****     if (HAL_IS_BIT_SET(huart->Instance->CR3, USART_CR3_DMAR))
2459:Drivers/STM32F0xx_HAL_Driver/Src/stm32f0xx_hal_uart.c ****     {
2460:Drivers/STM32F0xx_HAL_Driver/Src/stm32f0xx_hal_uart.c ****       /* DMA mode enabled */
2461:Drivers/STM32F0xx_HAL_Driver/Src/stm32f0xx_hal_uart.c ****       /* Check received length : If all expected data are received, do nothing,
2462:Drivers/STM32F0xx_HAL_Driver/Src/stm32f0xx_hal_uart.c ****          (DMA cplt callback will be called).
2463:Drivers/STM32F0xx_HAL_Driver/Src/stm32f0xx_hal_uart.c ****          Otherwise, if at least one data has already been received, IDLE event is to be notified to
2464:Drivers/STM32F0xx_HAL_Driver/Src/stm32f0xx_hal_uart.c ****       uint16_t nb_remaining_rx_data = (uint16_t) __HAL_DMA_GET_COUNTER(huart->hdmarx);
2465:Drivers/STM32F0xx_HAL_Driver/Src/stm32f0xx_hal_uart.c ****       if (  (nb_remaining_rx_data > 0U)
2466:Drivers/STM32F0xx_HAL_Driver/Src/stm32f0xx_hal_uart.c ****           &&(nb_remaining_rx_data < huart->RxXferSize))
2467:Drivers/STM32F0xx_HAL_Driver/Src/stm32f0xx_hal_uart.c ****       {
2468:Drivers/STM32F0xx_HAL_Driver/Src/stm32f0xx_hal_uart.c ****         /* Reception is not complete */
2469:Drivers/STM32F0xx_HAL_Driver/Src/stm32f0xx_hal_uart.c ****         huart->RxXferCount = nb_remaining_rx_data;
2470:Drivers/STM32F0xx_HAL_Driver/Src/stm32f0xx_hal_uart.c **** 
2471:Drivers/STM32F0xx_HAL_Driver/Src/stm32f0xx_hal_uart.c ****         /* In Normal mode, end DMA xfer and HAL UART Rx process*/
2472:Drivers/STM32F0xx_HAL_Driver/Src/stm32f0xx_hal_uart.c ****         if (huart->hdmarx->Init.Mode != DMA_CIRCULAR)
2473:Drivers/STM32F0xx_HAL_Driver/Src/stm32f0xx_hal_uart.c ****         {
2474:Drivers/STM32F0xx_HAL_Driver/Src/stm32f0xx_hal_uart.c ****           /* Disable PE and ERR (Frame error, noise error, overrun error) interrupts */
2475:Drivers/STM32F0xx_HAL_Driver/Src/stm32f0xx_hal_uart.c ****           CLEAR_BIT(huart->Instance->CR1, USART_CR1_PEIE);
2476:Drivers/STM32F0xx_HAL_Driver/Src/stm32f0xx_hal_uart.c ****           CLEAR_BIT(huart->Instance->CR3, USART_CR3_EIE);
2477:Drivers/STM32F0xx_HAL_Driver/Src/stm32f0xx_hal_uart.c **** 
2478:Drivers/STM32F0xx_HAL_Driver/Src/stm32f0xx_hal_uart.c ****           /* Disable the DMA transfer for the receiver request by resetting the DMAR bit
2479:Drivers/STM32F0xx_HAL_Driver/Src/stm32f0xx_hal_uart.c ****              in the UART CR3 register */
2480:Drivers/STM32F0xx_HAL_Driver/Src/stm32f0xx_hal_uart.c ****           CLEAR_BIT(huart->Instance->CR3, USART_CR3_DMAR);
2481:Drivers/STM32F0xx_HAL_Driver/Src/stm32f0xx_hal_uart.c **** 
2482:Drivers/STM32F0xx_HAL_Driver/Src/stm32f0xx_hal_uart.c ****           /* At end of Rx process, restore huart->RxState to Ready */
2483:Drivers/STM32F0xx_HAL_Driver/Src/stm32f0xx_hal_uart.c ****           huart->RxState = HAL_UART_STATE_READY;
ARM GAS  C:\Users\MINIGU~1\AppData\Local\Temp\cc3PAC1x.s 			page 45


2484:Drivers/STM32F0xx_HAL_Driver/Src/stm32f0xx_hal_uart.c ****           huart->ReceptionType = HAL_UART_RECEPTION_STANDARD;
2485:Drivers/STM32F0xx_HAL_Driver/Src/stm32f0xx_hal_uart.c **** 
2486:Drivers/STM32F0xx_HAL_Driver/Src/stm32f0xx_hal_uart.c ****           CLEAR_BIT(huart->Instance->CR1, USART_CR1_IDLEIE);
2487:Drivers/STM32F0xx_HAL_Driver/Src/stm32f0xx_hal_uart.c **** 
2488:Drivers/STM32F0xx_HAL_Driver/Src/stm32f0xx_hal_uart.c ****           /* Last bytes received, so no need as the abort is immediate */
2489:Drivers/STM32F0xx_HAL_Driver/Src/stm32f0xx_hal_uart.c ****           (void)HAL_DMA_Abort(huart->hdmarx);
2490:Drivers/STM32F0xx_HAL_Driver/Src/stm32f0xx_hal_uart.c ****         }
2491:Drivers/STM32F0xx_HAL_Driver/Src/stm32f0xx_hal_uart.c **** #if (USE_HAL_UART_REGISTER_CALLBACKS == 1)
2492:Drivers/STM32F0xx_HAL_Driver/Src/stm32f0xx_hal_uart.c ****         /*Call registered Rx Event callback*/
2493:Drivers/STM32F0xx_HAL_Driver/Src/stm32f0xx_hal_uart.c ****         huart->RxEventCallback(huart, (huart->RxXferSize - huart->RxXferCount));
2494:Drivers/STM32F0xx_HAL_Driver/Src/stm32f0xx_hal_uart.c **** #else
2495:Drivers/STM32F0xx_HAL_Driver/Src/stm32f0xx_hal_uart.c ****         /*Call legacy weak Rx Event callback*/
2496:Drivers/STM32F0xx_HAL_Driver/Src/stm32f0xx_hal_uart.c ****         HAL_UARTEx_RxEventCallback(huart, (huart->RxXferSize - huart->RxXferCount));
2497:Drivers/STM32F0xx_HAL_Driver/Src/stm32f0xx_hal_uart.c **** #endif
2498:Drivers/STM32F0xx_HAL_Driver/Src/stm32f0xx_hal_uart.c ****       }
2499:Drivers/STM32F0xx_HAL_Driver/Src/stm32f0xx_hal_uart.c ****       return;
2500:Drivers/STM32F0xx_HAL_Driver/Src/stm32f0xx_hal_uart.c ****     }
2501:Drivers/STM32F0xx_HAL_Driver/Src/stm32f0xx_hal_uart.c ****     else
2502:Drivers/STM32F0xx_HAL_Driver/Src/stm32f0xx_hal_uart.c ****     {
2503:Drivers/STM32F0xx_HAL_Driver/Src/stm32f0xx_hal_uart.c ****       /* DMA mode not enabled */
2504:Drivers/STM32F0xx_HAL_Driver/Src/stm32f0xx_hal_uart.c ****       /* Check received length : If all expected data are received, do nothing.
2505:Drivers/STM32F0xx_HAL_Driver/Src/stm32f0xx_hal_uart.c ****          Otherwise, if at least one data has already been received, IDLE event is to be notified to
2506:Drivers/STM32F0xx_HAL_Driver/Src/stm32f0xx_hal_uart.c ****       uint16_t nb_rx_data = huart->RxXferSize - huart->RxXferCount;
2507:Drivers/STM32F0xx_HAL_Driver/Src/stm32f0xx_hal_uart.c ****       if (  (huart->RxXferCount > 0U)
2508:Drivers/STM32F0xx_HAL_Driver/Src/stm32f0xx_hal_uart.c ****           &&(nb_rx_data > 0U) )
2509:Drivers/STM32F0xx_HAL_Driver/Src/stm32f0xx_hal_uart.c ****       {
2510:Drivers/STM32F0xx_HAL_Driver/Src/stm32f0xx_hal_uart.c ****         /* Disable the UART Parity Error Interrupt and RXNE interrupts */
2511:Drivers/STM32F0xx_HAL_Driver/Src/stm32f0xx_hal_uart.c ****         CLEAR_BIT(huart->Instance->CR1, (USART_CR1_RXNEIE | USART_CR1_PEIE));
2512:Drivers/STM32F0xx_HAL_Driver/Src/stm32f0xx_hal_uart.c **** 
2513:Drivers/STM32F0xx_HAL_Driver/Src/stm32f0xx_hal_uart.c ****         /* Disable the UART Error Interrupt: (Frame error, noise error, overrun error) */
2514:Drivers/STM32F0xx_HAL_Driver/Src/stm32f0xx_hal_uart.c ****         CLEAR_BIT(huart->Instance->CR3, USART_CR3_EIE);
2515:Drivers/STM32F0xx_HAL_Driver/Src/stm32f0xx_hal_uart.c **** 
2516:Drivers/STM32F0xx_HAL_Driver/Src/stm32f0xx_hal_uart.c ****         /* Rx process is completed, restore huart->RxState to Ready */
2517:Drivers/STM32F0xx_HAL_Driver/Src/stm32f0xx_hal_uart.c ****         huart->RxState = HAL_UART_STATE_READY;
2518:Drivers/STM32F0xx_HAL_Driver/Src/stm32f0xx_hal_uart.c ****         huart->ReceptionType = HAL_UART_RECEPTION_STANDARD;
2519:Drivers/STM32F0xx_HAL_Driver/Src/stm32f0xx_hal_uart.c **** 
2520:Drivers/STM32F0xx_HAL_Driver/Src/stm32f0xx_hal_uart.c ****         /* Clear RxISR function pointer */
2521:Drivers/STM32F0xx_HAL_Driver/Src/stm32f0xx_hal_uart.c ****         huart->RxISR = NULL;
2522:Drivers/STM32F0xx_HAL_Driver/Src/stm32f0xx_hal_uart.c **** 
2523:Drivers/STM32F0xx_HAL_Driver/Src/stm32f0xx_hal_uart.c ****         CLEAR_BIT(huart->Instance->CR1, USART_CR1_IDLEIE);
2524:Drivers/STM32F0xx_HAL_Driver/Src/stm32f0xx_hal_uart.c **** #if (USE_HAL_UART_REGISTER_CALLBACKS == 1)
2525:Drivers/STM32F0xx_HAL_Driver/Src/stm32f0xx_hal_uart.c ****         /*Call registered Rx complete callback*/
2526:Drivers/STM32F0xx_HAL_Driver/Src/stm32f0xx_hal_uart.c ****         huart->RxEventCallback(huart, nb_rx_data);
2527:Drivers/STM32F0xx_HAL_Driver/Src/stm32f0xx_hal_uart.c **** #else
2528:Drivers/STM32F0xx_HAL_Driver/Src/stm32f0xx_hal_uart.c ****         /*Call legacy weak Rx Event callback*/
2529:Drivers/STM32F0xx_HAL_Driver/Src/stm32f0xx_hal_uart.c ****         HAL_UARTEx_RxEventCallback(huart, nb_rx_data);
2530:Drivers/STM32F0xx_HAL_Driver/Src/stm32f0xx_hal_uart.c **** #endif
2531:Drivers/STM32F0xx_HAL_Driver/Src/stm32f0xx_hal_uart.c ****       }
2532:Drivers/STM32F0xx_HAL_Driver/Src/stm32f0xx_hal_uart.c ****       return;
2533:Drivers/STM32F0xx_HAL_Driver/Src/stm32f0xx_hal_uart.c ****     }
2534:Drivers/STM32F0xx_HAL_Driver/Src/stm32f0xx_hal_uart.c ****   }
2535:Drivers/STM32F0xx_HAL_Driver/Src/stm32f0xx_hal_uart.c **** #if defined(USART_CR1_UESM)
2536:Drivers/STM32F0xx_HAL_Driver/Src/stm32f0xx_hal_uart.c **** 
2537:Drivers/STM32F0xx_HAL_Driver/Src/stm32f0xx_hal_uart.c ****   /* UART wakeup from Stop mode interrupt occurred ---------------------------*/
2538:Drivers/STM32F0xx_HAL_Driver/Src/stm32f0xx_hal_uart.c ****   if (((isrflags & USART_ISR_WUF) != 0U) && ((cr3its & USART_CR3_WUFIE) != 0U))
2539:Drivers/STM32F0xx_HAL_Driver/Src/stm32f0xx_hal_uart.c ****   {
2540:Drivers/STM32F0xx_HAL_Driver/Src/stm32f0xx_hal_uart.c ****     __HAL_UART_CLEAR_FLAG(huart, UART_CLEAR_WUF);
ARM GAS  C:\Users\MINIGU~1\AppData\Local\Temp\cc3PAC1x.s 			page 46


2541:Drivers/STM32F0xx_HAL_Driver/Src/stm32f0xx_hal_uart.c **** 
2542:Drivers/STM32F0xx_HAL_Driver/Src/stm32f0xx_hal_uart.c ****     /* UART Rx state is not reset as a reception process might be ongoing.
2543:Drivers/STM32F0xx_HAL_Driver/Src/stm32f0xx_hal_uart.c ****        If UART handle state fields need to be reset to READY, this could be done in Wakeup callback
2544:Drivers/STM32F0xx_HAL_Driver/Src/stm32f0xx_hal_uart.c **** 
2545:Drivers/STM32F0xx_HAL_Driver/Src/stm32f0xx_hal_uart.c **** #if (USE_HAL_UART_REGISTER_CALLBACKS == 1)
2546:Drivers/STM32F0xx_HAL_Driver/Src/stm32f0xx_hal_uart.c ****     /* Call registered Wakeup Callback */
2547:Drivers/STM32F0xx_HAL_Driver/Src/stm32f0xx_hal_uart.c ****     huart->WakeupCallback(huart);
2548:Drivers/STM32F0xx_HAL_Driver/Src/stm32f0xx_hal_uart.c **** #else
2549:Drivers/STM32F0xx_HAL_Driver/Src/stm32f0xx_hal_uart.c ****     /* Call legacy weak Wakeup Callback */
2550:Drivers/STM32F0xx_HAL_Driver/Src/stm32f0xx_hal_uart.c ****     HAL_UARTEx_WakeupCallback(huart);
2551:Drivers/STM32F0xx_HAL_Driver/Src/stm32f0xx_hal_uart.c **** #endif /* USE_HAL_UART_REGISTER_CALLBACKS */
2552:Drivers/STM32F0xx_HAL_Driver/Src/stm32f0xx_hal_uart.c ****     return;
2553:Drivers/STM32F0xx_HAL_Driver/Src/stm32f0xx_hal_uart.c ****   }
2554:Drivers/STM32F0xx_HAL_Driver/Src/stm32f0xx_hal_uart.c **** #endif /* USART_CR1_UESM */
2555:Drivers/STM32F0xx_HAL_Driver/Src/stm32f0xx_hal_uart.c **** 
2556:Drivers/STM32F0xx_HAL_Driver/Src/stm32f0xx_hal_uart.c ****   /* UART in mode Transmitter ------------------------------------------------*/
2557:Drivers/STM32F0xx_HAL_Driver/Src/stm32f0xx_hal_uart.c ****   if (((isrflags & USART_ISR_TXE) != 0U)
2558:Drivers/STM32F0xx_HAL_Driver/Src/stm32f0xx_hal_uart.c ****       && ((cr1its & USART_CR1_TXEIE) != 0U))
2559:Drivers/STM32F0xx_HAL_Driver/Src/stm32f0xx_hal_uart.c ****   {
2560:Drivers/STM32F0xx_HAL_Driver/Src/stm32f0xx_hal_uart.c ****     if (huart->TxISR != NULL)
2561:Drivers/STM32F0xx_HAL_Driver/Src/stm32f0xx_hal_uart.c ****     {
2562:Drivers/STM32F0xx_HAL_Driver/Src/stm32f0xx_hal_uart.c ****       huart->TxISR(huart);
2563:Drivers/STM32F0xx_HAL_Driver/Src/stm32f0xx_hal_uart.c ****     }
2564:Drivers/STM32F0xx_HAL_Driver/Src/stm32f0xx_hal_uart.c ****     return;
2565:Drivers/STM32F0xx_HAL_Driver/Src/stm32f0xx_hal_uart.c ****   }
2566:Drivers/STM32F0xx_HAL_Driver/Src/stm32f0xx_hal_uart.c **** 
2567:Drivers/STM32F0xx_HAL_Driver/Src/stm32f0xx_hal_uart.c ****   /* UART in mode Transmitter (transmission end) -----------------------------*/
2568:Drivers/STM32F0xx_HAL_Driver/Src/stm32f0xx_hal_uart.c ****   if (((isrflags & USART_ISR_TC) != 0U) && ((cr1its & USART_CR1_TCIE) != 0U))
2569:Drivers/STM32F0xx_HAL_Driver/Src/stm32f0xx_hal_uart.c ****   {
2570:Drivers/STM32F0xx_HAL_Driver/Src/stm32f0xx_hal_uart.c ****     UART_EndTransmit_IT(huart);
2571:Drivers/STM32F0xx_HAL_Driver/Src/stm32f0xx_hal_uart.c ****     return;
2572:Drivers/STM32F0xx_HAL_Driver/Src/stm32f0xx_hal_uart.c ****   }
2573:Drivers/STM32F0xx_HAL_Driver/Src/stm32f0xx_hal_uart.c **** 
2574:Drivers/STM32F0xx_HAL_Driver/Src/stm32f0xx_hal_uart.c **** }
2575:Drivers/STM32F0xx_HAL_Driver/Src/stm32f0xx_hal_uart.c **** 
2576:Drivers/STM32F0xx_HAL_Driver/Src/stm32f0xx_hal_uart.c **** /**
2577:Drivers/STM32F0xx_HAL_Driver/Src/stm32f0xx_hal_uart.c ****   * @brief Tx Transfer completed callback.
2578:Drivers/STM32F0xx_HAL_Driver/Src/stm32f0xx_hal_uart.c ****   * @param huart UART handle.
2579:Drivers/STM32F0xx_HAL_Driver/Src/stm32f0xx_hal_uart.c ****   * @retval None
2580:Drivers/STM32F0xx_HAL_Driver/Src/stm32f0xx_hal_uart.c ****   */
2581:Drivers/STM32F0xx_HAL_Driver/Src/stm32f0xx_hal_uart.c **** __weak void HAL_UART_TxCpltCallback(UART_HandleTypeDef *huart)
2582:Drivers/STM32F0xx_HAL_Driver/Src/stm32f0xx_hal_uart.c **** {
2583:Drivers/STM32F0xx_HAL_Driver/Src/stm32f0xx_hal_uart.c ****   /* Prevent unused argument(s) compilation warning */
2584:Drivers/STM32F0xx_HAL_Driver/Src/stm32f0xx_hal_uart.c ****   UNUSED(huart);
2585:Drivers/STM32F0xx_HAL_Driver/Src/stm32f0xx_hal_uart.c **** 
2586:Drivers/STM32F0xx_HAL_Driver/Src/stm32f0xx_hal_uart.c ****   /* NOTE : This function should not be modified, when the callback is needed,
2587:Drivers/STM32F0xx_HAL_Driver/Src/stm32f0xx_hal_uart.c ****             the HAL_UART_TxCpltCallback can be implemented in the user file.
2588:Drivers/STM32F0xx_HAL_Driver/Src/stm32f0xx_hal_uart.c ****    */
2589:Drivers/STM32F0xx_HAL_Driver/Src/stm32f0xx_hal_uart.c **** }
2590:Drivers/STM32F0xx_HAL_Driver/Src/stm32f0xx_hal_uart.c **** 
2591:Drivers/STM32F0xx_HAL_Driver/Src/stm32f0xx_hal_uart.c **** /**
2592:Drivers/STM32F0xx_HAL_Driver/Src/stm32f0xx_hal_uart.c ****   * @brief  Tx Half Transfer completed callback.
2593:Drivers/STM32F0xx_HAL_Driver/Src/stm32f0xx_hal_uart.c ****   * @param  huart UART handle.
2594:Drivers/STM32F0xx_HAL_Driver/Src/stm32f0xx_hal_uart.c ****   * @retval None
2595:Drivers/STM32F0xx_HAL_Driver/Src/stm32f0xx_hal_uart.c ****   */
2596:Drivers/STM32F0xx_HAL_Driver/Src/stm32f0xx_hal_uart.c **** __weak void HAL_UART_TxHalfCpltCallback(UART_HandleTypeDef *huart)
2597:Drivers/STM32F0xx_HAL_Driver/Src/stm32f0xx_hal_uart.c **** {
ARM GAS  C:\Users\MINIGU~1\AppData\Local\Temp\cc3PAC1x.s 			page 47


2598:Drivers/STM32F0xx_HAL_Driver/Src/stm32f0xx_hal_uart.c ****   /* Prevent unused argument(s) compilation warning */
2599:Drivers/STM32F0xx_HAL_Driver/Src/stm32f0xx_hal_uart.c ****   UNUSED(huart);
2600:Drivers/STM32F0xx_HAL_Driver/Src/stm32f0xx_hal_uart.c **** 
2601:Drivers/STM32F0xx_HAL_Driver/Src/stm32f0xx_hal_uart.c ****   /* NOTE: This function should not be modified, when the callback is needed,
2602:Drivers/STM32F0xx_HAL_Driver/Src/stm32f0xx_hal_uart.c ****            the HAL_UART_TxHalfCpltCallback can be implemented in the user file.
2603:Drivers/STM32F0xx_HAL_Driver/Src/stm32f0xx_hal_uart.c ****    */
2604:Drivers/STM32F0xx_HAL_Driver/Src/stm32f0xx_hal_uart.c **** }
2605:Drivers/STM32F0xx_HAL_Driver/Src/stm32f0xx_hal_uart.c **** 
2606:Drivers/STM32F0xx_HAL_Driver/Src/stm32f0xx_hal_uart.c **** /**
2607:Drivers/STM32F0xx_HAL_Driver/Src/stm32f0xx_hal_uart.c ****   * @brief  Rx Transfer completed callback.
2608:Drivers/STM32F0xx_HAL_Driver/Src/stm32f0xx_hal_uart.c ****   * @param  huart UART handle.
2609:Drivers/STM32F0xx_HAL_Driver/Src/stm32f0xx_hal_uart.c ****   * @retval None
2610:Drivers/STM32F0xx_HAL_Driver/Src/stm32f0xx_hal_uart.c ****   */
2611:Drivers/STM32F0xx_HAL_Driver/Src/stm32f0xx_hal_uart.c **** __weak void HAL_UART_RxCpltCallback(UART_HandleTypeDef *huart)
2612:Drivers/STM32F0xx_HAL_Driver/Src/stm32f0xx_hal_uart.c **** {
2613:Drivers/STM32F0xx_HAL_Driver/Src/stm32f0xx_hal_uart.c ****   /* Prevent unused argument(s) compilation warning */
2614:Drivers/STM32F0xx_HAL_Driver/Src/stm32f0xx_hal_uart.c ****   UNUSED(huart);
2615:Drivers/STM32F0xx_HAL_Driver/Src/stm32f0xx_hal_uart.c **** 
2616:Drivers/STM32F0xx_HAL_Driver/Src/stm32f0xx_hal_uart.c ****   /* NOTE : This function should not be modified, when the callback is needed,
2617:Drivers/STM32F0xx_HAL_Driver/Src/stm32f0xx_hal_uart.c ****             the HAL_UART_RxCpltCallback can be implemented in the user file.
2618:Drivers/STM32F0xx_HAL_Driver/Src/stm32f0xx_hal_uart.c ****    */
2619:Drivers/STM32F0xx_HAL_Driver/Src/stm32f0xx_hal_uart.c **** }
2620:Drivers/STM32F0xx_HAL_Driver/Src/stm32f0xx_hal_uart.c **** 
2621:Drivers/STM32F0xx_HAL_Driver/Src/stm32f0xx_hal_uart.c **** /**
2622:Drivers/STM32F0xx_HAL_Driver/Src/stm32f0xx_hal_uart.c ****   * @brief  Rx Half Transfer completed callback.
2623:Drivers/STM32F0xx_HAL_Driver/Src/stm32f0xx_hal_uart.c ****   * @param  huart UART handle.
2624:Drivers/STM32F0xx_HAL_Driver/Src/stm32f0xx_hal_uart.c ****   * @retval None
2625:Drivers/STM32F0xx_HAL_Driver/Src/stm32f0xx_hal_uart.c ****   */
2626:Drivers/STM32F0xx_HAL_Driver/Src/stm32f0xx_hal_uart.c **** __weak void HAL_UART_RxHalfCpltCallback(UART_HandleTypeDef *huart)
2627:Drivers/STM32F0xx_HAL_Driver/Src/stm32f0xx_hal_uart.c **** {
2628:Drivers/STM32F0xx_HAL_Driver/Src/stm32f0xx_hal_uart.c ****   /* Prevent unused argument(s) compilation warning */
2629:Drivers/STM32F0xx_HAL_Driver/Src/stm32f0xx_hal_uart.c ****   UNUSED(huart);
2630:Drivers/STM32F0xx_HAL_Driver/Src/stm32f0xx_hal_uart.c **** 
2631:Drivers/STM32F0xx_HAL_Driver/Src/stm32f0xx_hal_uart.c ****   /* NOTE: This function should not be modified, when the callback is needed,
2632:Drivers/STM32F0xx_HAL_Driver/Src/stm32f0xx_hal_uart.c ****            the HAL_UART_RxHalfCpltCallback can be implemented in the user file.
2633:Drivers/STM32F0xx_HAL_Driver/Src/stm32f0xx_hal_uart.c ****    */
2634:Drivers/STM32F0xx_HAL_Driver/Src/stm32f0xx_hal_uart.c **** }
2635:Drivers/STM32F0xx_HAL_Driver/Src/stm32f0xx_hal_uart.c **** 
2636:Drivers/STM32F0xx_HAL_Driver/Src/stm32f0xx_hal_uart.c **** /**
2637:Drivers/STM32F0xx_HAL_Driver/Src/stm32f0xx_hal_uart.c ****   * @brief  UART error callback.
2638:Drivers/STM32F0xx_HAL_Driver/Src/stm32f0xx_hal_uart.c ****   * @param  huart UART handle.
2639:Drivers/STM32F0xx_HAL_Driver/Src/stm32f0xx_hal_uart.c ****   * @retval None
2640:Drivers/STM32F0xx_HAL_Driver/Src/stm32f0xx_hal_uart.c ****   */
2641:Drivers/STM32F0xx_HAL_Driver/Src/stm32f0xx_hal_uart.c **** __weak void HAL_UART_ErrorCallback(UART_HandleTypeDef *huart)
2642:Drivers/STM32F0xx_HAL_Driver/Src/stm32f0xx_hal_uart.c **** {
2643:Drivers/STM32F0xx_HAL_Driver/Src/stm32f0xx_hal_uart.c ****   /* Prevent unused argument(s) compilation warning */
2644:Drivers/STM32F0xx_HAL_Driver/Src/stm32f0xx_hal_uart.c ****   UNUSED(huart);
2645:Drivers/STM32F0xx_HAL_Driver/Src/stm32f0xx_hal_uart.c **** 
2646:Drivers/STM32F0xx_HAL_Driver/Src/stm32f0xx_hal_uart.c ****   /* NOTE : This function should not be modified, when the callback is needed,
2647:Drivers/STM32F0xx_HAL_Driver/Src/stm32f0xx_hal_uart.c ****             the HAL_UART_ErrorCallback can be implemented in the user file.
2648:Drivers/STM32F0xx_HAL_Driver/Src/stm32f0xx_hal_uart.c ****    */
2649:Drivers/STM32F0xx_HAL_Driver/Src/stm32f0xx_hal_uart.c **** }
2650:Drivers/STM32F0xx_HAL_Driver/Src/stm32f0xx_hal_uart.c **** 
2651:Drivers/STM32F0xx_HAL_Driver/Src/stm32f0xx_hal_uart.c **** /**
2652:Drivers/STM32F0xx_HAL_Driver/Src/stm32f0xx_hal_uart.c ****   * @brief  UART Abort Complete callback.
2653:Drivers/STM32F0xx_HAL_Driver/Src/stm32f0xx_hal_uart.c ****   * @param  huart UART handle.
2654:Drivers/STM32F0xx_HAL_Driver/Src/stm32f0xx_hal_uart.c ****   * @retval None
ARM GAS  C:\Users\MINIGU~1\AppData\Local\Temp\cc3PAC1x.s 			page 48


2655:Drivers/STM32F0xx_HAL_Driver/Src/stm32f0xx_hal_uart.c ****   */
2656:Drivers/STM32F0xx_HAL_Driver/Src/stm32f0xx_hal_uart.c **** __weak void HAL_UART_AbortCpltCallback(UART_HandleTypeDef *huart)
2657:Drivers/STM32F0xx_HAL_Driver/Src/stm32f0xx_hal_uart.c **** {
2658:Drivers/STM32F0xx_HAL_Driver/Src/stm32f0xx_hal_uart.c ****   /* Prevent unused argument(s) compilation warning */
2659:Drivers/STM32F0xx_HAL_Driver/Src/stm32f0xx_hal_uart.c ****   UNUSED(huart);
2660:Drivers/STM32F0xx_HAL_Driver/Src/stm32f0xx_hal_uart.c **** 
2661:Drivers/STM32F0xx_HAL_Driver/Src/stm32f0xx_hal_uart.c ****   /* NOTE : This function should not be modified, when the callback is needed,
2662:Drivers/STM32F0xx_HAL_Driver/Src/stm32f0xx_hal_uart.c ****             the HAL_UART_AbortCpltCallback can be implemented in the user file.
2663:Drivers/STM32F0xx_HAL_Driver/Src/stm32f0xx_hal_uart.c ****    */
2664:Drivers/STM32F0xx_HAL_Driver/Src/stm32f0xx_hal_uart.c **** }
2665:Drivers/STM32F0xx_HAL_Driver/Src/stm32f0xx_hal_uart.c **** 
2666:Drivers/STM32F0xx_HAL_Driver/Src/stm32f0xx_hal_uart.c **** /**
2667:Drivers/STM32F0xx_HAL_Driver/Src/stm32f0xx_hal_uart.c ****   * @brief  UART Abort Complete callback.
2668:Drivers/STM32F0xx_HAL_Driver/Src/stm32f0xx_hal_uart.c ****   * @param  huart UART handle.
2669:Drivers/STM32F0xx_HAL_Driver/Src/stm32f0xx_hal_uart.c ****   * @retval None
2670:Drivers/STM32F0xx_HAL_Driver/Src/stm32f0xx_hal_uart.c ****   */
2671:Drivers/STM32F0xx_HAL_Driver/Src/stm32f0xx_hal_uart.c **** __weak void HAL_UART_AbortTransmitCpltCallback(UART_HandleTypeDef *huart)
2672:Drivers/STM32F0xx_HAL_Driver/Src/stm32f0xx_hal_uart.c **** {
2673:Drivers/STM32F0xx_HAL_Driver/Src/stm32f0xx_hal_uart.c ****   /* Prevent unused argument(s) compilation warning */
2674:Drivers/STM32F0xx_HAL_Driver/Src/stm32f0xx_hal_uart.c ****   UNUSED(huart);
2675:Drivers/STM32F0xx_HAL_Driver/Src/stm32f0xx_hal_uart.c **** 
2676:Drivers/STM32F0xx_HAL_Driver/Src/stm32f0xx_hal_uart.c ****   /* NOTE : This function should not be modified, when the callback is needed,
2677:Drivers/STM32F0xx_HAL_Driver/Src/stm32f0xx_hal_uart.c ****             the HAL_UART_AbortTransmitCpltCallback can be implemented in the user file.
2678:Drivers/STM32F0xx_HAL_Driver/Src/stm32f0xx_hal_uart.c ****    */
2679:Drivers/STM32F0xx_HAL_Driver/Src/stm32f0xx_hal_uart.c **** }
2680:Drivers/STM32F0xx_HAL_Driver/Src/stm32f0xx_hal_uart.c **** 
2681:Drivers/STM32F0xx_HAL_Driver/Src/stm32f0xx_hal_uart.c **** /**
2682:Drivers/STM32F0xx_HAL_Driver/Src/stm32f0xx_hal_uart.c ****   * @brief  UART Abort Receive Complete callback.
2683:Drivers/STM32F0xx_HAL_Driver/Src/stm32f0xx_hal_uart.c ****   * @param  huart UART handle.
2684:Drivers/STM32F0xx_HAL_Driver/Src/stm32f0xx_hal_uart.c ****   * @retval None
2685:Drivers/STM32F0xx_HAL_Driver/Src/stm32f0xx_hal_uart.c ****   */
2686:Drivers/STM32F0xx_HAL_Driver/Src/stm32f0xx_hal_uart.c **** __weak void HAL_UART_AbortReceiveCpltCallback(UART_HandleTypeDef *huart)
2687:Drivers/STM32F0xx_HAL_Driver/Src/stm32f0xx_hal_uart.c **** {
2688:Drivers/STM32F0xx_HAL_Driver/Src/stm32f0xx_hal_uart.c ****   /* Prevent unused argument(s) compilation warning */
2689:Drivers/STM32F0xx_HAL_Driver/Src/stm32f0xx_hal_uart.c ****   UNUSED(huart);
2690:Drivers/STM32F0xx_HAL_Driver/Src/stm32f0xx_hal_uart.c **** 
2691:Drivers/STM32F0xx_HAL_Driver/Src/stm32f0xx_hal_uart.c ****   /* NOTE : This function should not be modified, when the callback is needed,
2692:Drivers/STM32F0xx_HAL_Driver/Src/stm32f0xx_hal_uart.c ****             the HAL_UART_AbortReceiveCpltCallback can be implemented in the user file.
2693:Drivers/STM32F0xx_HAL_Driver/Src/stm32f0xx_hal_uart.c ****    */
2694:Drivers/STM32F0xx_HAL_Driver/Src/stm32f0xx_hal_uart.c **** }
2695:Drivers/STM32F0xx_HAL_Driver/Src/stm32f0xx_hal_uart.c **** 
2696:Drivers/STM32F0xx_HAL_Driver/Src/stm32f0xx_hal_uart.c **** /**
2697:Drivers/STM32F0xx_HAL_Driver/Src/stm32f0xx_hal_uart.c ****   * @brief  Reception Event Callback (Rx event notification called after use of advanced reception 
2698:Drivers/STM32F0xx_HAL_Driver/Src/stm32f0xx_hal_uart.c ****   * @param  huart UART handle
2699:Drivers/STM32F0xx_HAL_Driver/Src/stm32f0xx_hal_uart.c ****   * @param  Size  Number of data available in application reception buffer (indicates a position in
2700:Drivers/STM32F0xx_HAL_Driver/Src/stm32f0xx_hal_uart.c ****   *               reception buffer until which, data are available)
2701:Drivers/STM32F0xx_HAL_Driver/Src/stm32f0xx_hal_uart.c ****   * @retval None
2702:Drivers/STM32F0xx_HAL_Driver/Src/stm32f0xx_hal_uart.c ****   */
2703:Drivers/STM32F0xx_HAL_Driver/Src/stm32f0xx_hal_uart.c **** __weak void HAL_UARTEx_RxEventCallback(UART_HandleTypeDef *huart, uint16_t Size)
2704:Drivers/STM32F0xx_HAL_Driver/Src/stm32f0xx_hal_uart.c **** {
2705:Drivers/STM32F0xx_HAL_Driver/Src/stm32f0xx_hal_uart.c ****   /* Prevent unused argument(s) compilation warning */
2706:Drivers/STM32F0xx_HAL_Driver/Src/stm32f0xx_hal_uart.c ****   UNUSED(huart);
2707:Drivers/STM32F0xx_HAL_Driver/Src/stm32f0xx_hal_uart.c ****   UNUSED(Size);
2708:Drivers/STM32F0xx_HAL_Driver/Src/stm32f0xx_hal_uart.c **** 
2709:Drivers/STM32F0xx_HAL_Driver/Src/stm32f0xx_hal_uart.c ****   /* NOTE : This function should not be modified, when the callback is needed,
2710:Drivers/STM32F0xx_HAL_Driver/Src/stm32f0xx_hal_uart.c ****             the HAL_UARTEx_RxEventCallback can be implemented in the user file.
2711:Drivers/STM32F0xx_HAL_Driver/Src/stm32f0xx_hal_uart.c ****    */
ARM GAS  C:\Users\MINIGU~1\AppData\Local\Temp\cc3PAC1x.s 			page 49


2712:Drivers/STM32F0xx_HAL_Driver/Src/stm32f0xx_hal_uart.c **** }
2713:Drivers/STM32F0xx_HAL_Driver/Src/stm32f0xx_hal_uart.c **** 
2714:Drivers/STM32F0xx_HAL_Driver/Src/stm32f0xx_hal_uart.c **** /**
2715:Drivers/STM32F0xx_HAL_Driver/Src/stm32f0xx_hal_uart.c ****   * @}
2716:Drivers/STM32F0xx_HAL_Driver/Src/stm32f0xx_hal_uart.c ****   */
2717:Drivers/STM32F0xx_HAL_Driver/Src/stm32f0xx_hal_uart.c **** 
2718:Drivers/STM32F0xx_HAL_Driver/Src/stm32f0xx_hal_uart.c **** /** @defgroup UART_Exported_Functions_Group3 Peripheral Control functions
2719:Drivers/STM32F0xx_HAL_Driver/Src/stm32f0xx_hal_uart.c ****   *  @brief   UART control functions
2720:Drivers/STM32F0xx_HAL_Driver/Src/stm32f0xx_hal_uart.c ****   *
2721:Drivers/STM32F0xx_HAL_Driver/Src/stm32f0xx_hal_uart.c **** @verbatim
2722:Drivers/STM32F0xx_HAL_Driver/Src/stm32f0xx_hal_uart.c ****  ===============================================================================
2723:Drivers/STM32F0xx_HAL_Driver/Src/stm32f0xx_hal_uart.c ****                       ##### Peripheral Control functions #####
2724:Drivers/STM32F0xx_HAL_Driver/Src/stm32f0xx_hal_uart.c ****  ===============================================================================
2725:Drivers/STM32F0xx_HAL_Driver/Src/stm32f0xx_hal_uart.c ****     [..]
2726:Drivers/STM32F0xx_HAL_Driver/Src/stm32f0xx_hal_uart.c ****     This subsection provides a set of functions allowing to control the UART.
2727:Drivers/STM32F0xx_HAL_Driver/Src/stm32f0xx_hal_uart.c ****      (+) HAL_UART_ReceiverTimeout_Config() API allows to configure the receiver timeout value on th
2728:Drivers/STM32F0xx_HAL_Driver/Src/stm32f0xx_hal_uart.c ****      (+) HAL_UART_EnableReceiverTimeout() API enables the receiver timeout feature
2729:Drivers/STM32F0xx_HAL_Driver/Src/stm32f0xx_hal_uart.c ****      (+) HAL_UART_DisableReceiverTimeout() API disables the receiver timeout feature
2730:Drivers/STM32F0xx_HAL_Driver/Src/stm32f0xx_hal_uart.c ****      (+) HAL_MultiProcessor_EnableMuteMode() API enables mute mode
2731:Drivers/STM32F0xx_HAL_Driver/Src/stm32f0xx_hal_uart.c ****      (+) HAL_MultiProcessor_DisableMuteMode() API disables mute mode
2732:Drivers/STM32F0xx_HAL_Driver/Src/stm32f0xx_hal_uart.c ****      (+) HAL_MultiProcessor_EnterMuteMode() API enters mute mode
2733:Drivers/STM32F0xx_HAL_Driver/Src/stm32f0xx_hal_uart.c ****      (+) UART_SetConfig() API configures the UART peripheral
2734:Drivers/STM32F0xx_HAL_Driver/Src/stm32f0xx_hal_uart.c ****      (+) UART_AdvFeatureConfig() API optionally configures the UART advanced features
2735:Drivers/STM32F0xx_HAL_Driver/Src/stm32f0xx_hal_uart.c ****      (+) UART_CheckIdleState() API ensures that TEACK and/or REACK are set after initialization
2736:Drivers/STM32F0xx_HAL_Driver/Src/stm32f0xx_hal_uart.c ****      (+) HAL_HalfDuplex_EnableTransmitter() API disables receiver and enables transmitter
2737:Drivers/STM32F0xx_HAL_Driver/Src/stm32f0xx_hal_uart.c ****      (+) HAL_HalfDuplex_EnableReceiver() API disables transmitter and enables receiver
2738:Drivers/STM32F0xx_HAL_Driver/Src/stm32f0xx_hal_uart.c ****      (+) HAL_LIN_SendBreak() API transmits the break characters
2739:Drivers/STM32F0xx_HAL_Driver/Src/stm32f0xx_hal_uart.c **** @endverbatim
2740:Drivers/STM32F0xx_HAL_Driver/Src/stm32f0xx_hal_uart.c ****   * @{
2741:Drivers/STM32F0xx_HAL_Driver/Src/stm32f0xx_hal_uart.c ****   */
2742:Drivers/STM32F0xx_HAL_Driver/Src/stm32f0xx_hal_uart.c **** 
2743:Drivers/STM32F0xx_HAL_Driver/Src/stm32f0xx_hal_uart.c **** /**
2744:Drivers/STM32F0xx_HAL_Driver/Src/stm32f0xx_hal_uart.c ****   * @brief  Update on the fly the receiver timeout value in RTOR register.
2745:Drivers/STM32F0xx_HAL_Driver/Src/stm32f0xx_hal_uart.c ****   * @param  huart Pointer to a UART_HandleTypeDef structure that contains
2746:Drivers/STM32F0xx_HAL_Driver/Src/stm32f0xx_hal_uart.c ****   *                    the configuration information for the specified UART module.
2747:Drivers/STM32F0xx_HAL_Driver/Src/stm32f0xx_hal_uart.c ****   * @param  TimeoutValue receiver timeout value in number of baud blocks. The timeout
2748:Drivers/STM32F0xx_HAL_Driver/Src/stm32f0xx_hal_uart.c ****   *                     value must be less or equal to 0x0FFFFFFFF.
2749:Drivers/STM32F0xx_HAL_Driver/Src/stm32f0xx_hal_uart.c ****   * @retval None
2750:Drivers/STM32F0xx_HAL_Driver/Src/stm32f0xx_hal_uart.c ****   */
2751:Drivers/STM32F0xx_HAL_Driver/Src/stm32f0xx_hal_uart.c **** void HAL_UART_ReceiverTimeout_Config(UART_HandleTypeDef *huart, uint32_t TimeoutValue)
2752:Drivers/STM32F0xx_HAL_Driver/Src/stm32f0xx_hal_uart.c **** {
2753:Drivers/STM32F0xx_HAL_Driver/Src/stm32f0xx_hal_uart.c ****   assert_param(IS_UART_RECEIVER_TIMEOUT_VALUE(TimeoutValue));
2754:Drivers/STM32F0xx_HAL_Driver/Src/stm32f0xx_hal_uart.c ****   MODIFY_REG(huart->Instance->RTOR, USART_RTOR_RTO, TimeoutValue);
2755:Drivers/STM32F0xx_HAL_Driver/Src/stm32f0xx_hal_uart.c **** }
2756:Drivers/STM32F0xx_HAL_Driver/Src/stm32f0xx_hal_uart.c **** 
2757:Drivers/STM32F0xx_HAL_Driver/Src/stm32f0xx_hal_uart.c **** /**
2758:Drivers/STM32F0xx_HAL_Driver/Src/stm32f0xx_hal_uart.c ****   * @brief  Enable the UART receiver timeout feature.
2759:Drivers/STM32F0xx_HAL_Driver/Src/stm32f0xx_hal_uart.c ****   * @param  huart Pointer to a UART_HandleTypeDef structure that contains
2760:Drivers/STM32F0xx_HAL_Driver/Src/stm32f0xx_hal_uart.c ****   *                    the configuration information for the specified UART module.
2761:Drivers/STM32F0xx_HAL_Driver/Src/stm32f0xx_hal_uart.c ****   * @retval HAL status
2762:Drivers/STM32F0xx_HAL_Driver/Src/stm32f0xx_hal_uart.c ****   */
2763:Drivers/STM32F0xx_HAL_Driver/Src/stm32f0xx_hal_uart.c **** HAL_StatusTypeDef HAL_UART_EnableReceiverTimeout(UART_HandleTypeDef *huart)
2764:Drivers/STM32F0xx_HAL_Driver/Src/stm32f0xx_hal_uart.c **** {
2765:Drivers/STM32F0xx_HAL_Driver/Src/stm32f0xx_hal_uart.c ****   if (huart->gState == HAL_UART_STATE_READY)
2766:Drivers/STM32F0xx_HAL_Driver/Src/stm32f0xx_hal_uart.c ****   {
2767:Drivers/STM32F0xx_HAL_Driver/Src/stm32f0xx_hal_uart.c ****     /* Process Locked */
2768:Drivers/STM32F0xx_HAL_Driver/Src/stm32f0xx_hal_uart.c ****     __HAL_LOCK(huart);
ARM GAS  C:\Users\MINIGU~1\AppData\Local\Temp\cc3PAC1x.s 			page 50


2769:Drivers/STM32F0xx_HAL_Driver/Src/stm32f0xx_hal_uart.c **** 
2770:Drivers/STM32F0xx_HAL_Driver/Src/stm32f0xx_hal_uart.c ****     huart->gState = HAL_UART_STATE_BUSY;
2771:Drivers/STM32F0xx_HAL_Driver/Src/stm32f0xx_hal_uart.c **** 
2772:Drivers/STM32F0xx_HAL_Driver/Src/stm32f0xx_hal_uart.c ****     /* Set the USART RTOEN bit */
2773:Drivers/STM32F0xx_HAL_Driver/Src/stm32f0xx_hal_uart.c ****     SET_BIT(huart->Instance->CR2, USART_CR2_RTOEN);
2774:Drivers/STM32F0xx_HAL_Driver/Src/stm32f0xx_hal_uart.c **** 
2775:Drivers/STM32F0xx_HAL_Driver/Src/stm32f0xx_hal_uart.c ****     huart->gState = HAL_UART_STATE_READY;
2776:Drivers/STM32F0xx_HAL_Driver/Src/stm32f0xx_hal_uart.c **** 
2777:Drivers/STM32F0xx_HAL_Driver/Src/stm32f0xx_hal_uart.c ****     /* Process Unlocked */
2778:Drivers/STM32F0xx_HAL_Driver/Src/stm32f0xx_hal_uart.c ****     __HAL_UNLOCK(huart);
2779:Drivers/STM32F0xx_HAL_Driver/Src/stm32f0xx_hal_uart.c **** 
2780:Drivers/STM32F0xx_HAL_Driver/Src/stm32f0xx_hal_uart.c ****     return HAL_OK;
2781:Drivers/STM32F0xx_HAL_Driver/Src/stm32f0xx_hal_uart.c ****   }
2782:Drivers/STM32F0xx_HAL_Driver/Src/stm32f0xx_hal_uart.c ****   else
2783:Drivers/STM32F0xx_HAL_Driver/Src/stm32f0xx_hal_uart.c ****   {
2784:Drivers/STM32F0xx_HAL_Driver/Src/stm32f0xx_hal_uart.c ****     return HAL_BUSY;
2785:Drivers/STM32F0xx_HAL_Driver/Src/stm32f0xx_hal_uart.c ****   }
2786:Drivers/STM32F0xx_HAL_Driver/Src/stm32f0xx_hal_uart.c **** }
2787:Drivers/STM32F0xx_HAL_Driver/Src/stm32f0xx_hal_uart.c **** 
2788:Drivers/STM32F0xx_HAL_Driver/Src/stm32f0xx_hal_uart.c **** /**
2789:Drivers/STM32F0xx_HAL_Driver/Src/stm32f0xx_hal_uart.c ****   * @brief  Disable the UART receiver timeout feature.
2790:Drivers/STM32F0xx_HAL_Driver/Src/stm32f0xx_hal_uart.c ****   * @param  huart Pointer to a UART_HandleTypeDef structure that contains
2791:Drivers/STM32F0xx_HAL_Driver/Src/stm32f0xx_hal_uart.c ****   *                    the configuration information for the specified UART module.
2792:Drivers/STM32F0xx_HAL_Driver/Src/stm32f0xx_hal_uart.c ****   * @retval HAL status
2793:Drivers/STM32F0xx_HAL_Driver/Src/stm32f0xx_hal_uart.c ****   */
2794:Drivers/STM32F0xx_HAL_Driver/Src/stm32f0xx_hal_uart.c **** HAL_StatusTypeDef HAL_UART_DisableReceiverTimeout(UART_HandleTypeDef *huart)
2795:Drivers/STM32F0xx_HAL_Driver/Src/stm32f0xx_hal_uart.c **** {
2796:Drivers/STM32F0xx_HAL_Driver/Src/stm32f0xx_hal_uart.c ****   if (huart->gState == HAL_UART_STATE_READY)
2797:Drivers/STM32F0xx_HAL_Driver/Src/stm32f0xx_hal_uart.c ****   {
2798:Drivers/STM32F0xx_HAL_Driver/Src/stm32f0xx_hal_uart.c ****     /* Process Locked */
2799:Drivers/STM32F0xx_HAL_Driver/Src/stm32f0xx_hal_uart.c ****     __HAL_LOCK(huart);
2800:Drivers/STM32F0xx_HAL_Driver/Src/stm32f0xx_hal_uart.c **** 
2801:Drivers/STM32F0xx_HAL_Driver/Src/stm32f0xx_hal_uart.c ****     huart->gState = HAL_UART_STATE_BUSY;
2802:Drivers/STM32F0xx_HAL_Driver/Src/stm32f0xx_hal_uart.c **** 
2803:Drivers/STM32F0xx_HAL_Driver/Src/stm32f0xx_hal_uart.c ****     /* Clear the USART RTOEN bit */
2804:Drivers/STM32F0xx_HAL_Driver/Src/stm32f0xx_hal_uart.c ****     CLEAR_BIT(huart->Instance->CR2, USART_CR2_RTOEN);
2805:Drivers/STM32F0xx_HAL_Driver/Src/stm32f0xx_hal_uart.c **** 
2806:Drivers/STM32F0xx_HAL_Driver/Src/stm32f0xx_hal_uart.c ****     huart->gState = HAL_UART_STATE_READY;
2807:Drivers/STM32F0xx_HAL_Driver/Src/stm32f0xx_hal_uart.c **** 
2808:Drivers/STM32F0xx_HAL_Driver/Src/stm32f0xx_hal_uart.c ****     /* Process Unlocked */
2809:Drivers/STM32F0xx_HAL_Driver/Src/stm32f0xx_hal_uart.c ****     __HAL_UNLOCK(huart);
2810:Drivers/STM32F0xx_HAL_Driver/Src/stm32f0xx_hal_uart.c **** 
2811:Drivers/STM32F0xx_HAL_Driver/Src/stm32f0xx_hal_uart.c ****     return HAL_OK;
2812:Drivers/STM32F0xx_HAL_Driver/Src/stm32f0xx_hal_uart.c ****   }
2813:Drivers/STM32F0xx_HAL_Driver/Src/stm32f0xx_hal_uart.c ****   else
2814:Drivers/STM32F0xx_HAL_Driver/Src/stm32f0xx_hal_uart.c ****   {
2815:Drivers/STM32F0xx_HAL_Driver/Src/stm32f0xx_hal_uart.c ****     return HAL_BUSY;
2816:Drivers/STM32F0xx_HAL_Driver/Src/stm32f0xx_hal_uart.c ****   }
2817:Drivers/STM32F0xx_HAL_Driver/Src/stm32f0xx_hal_uart.c **** }
2818:Drivers/STM32F0xx_HAL_Driver/Src/stm32f0xx_hal_uart.c **** 
2819:Drivers/STM32F0xx_HAL_Driver/Src/stm32f0xx_hal_uart.c **** /**
2820:Drivers/STM32F0xx_HAL_Driver/Src/stm32f0xx_hal_uart.c ****   * @brief  Enable UART in mute mode (does not mean UART enters mute mode;
2821:Drivers/STM32F0xx_HAL_Driver/Src/stm32f0xx_hal_uart.c ****   *         to enter mute mode, HAL_MultiProcessor_EnterMuteMode() API must be called).
2822:Drivers/STM32F0xx_HAL_Driver/Src/stm32f0xx_hal_uart.c ****   * @param  huart UART handle.
2823:Drivers/STM32F0xx_HAL_Driver/Src/stm32f0xx_hal_uart.c ****   * @retval HAL status
2824:Drivers/STM32F0xx_HAL_Driver/Src/stm32f0xx_hal_uart.c ****   */
2825:Drivers/STM32F0xx_HAL_Driver/Src/stm32f0xx_hal_uart.c **** HAL_StatusTypeDef HAL_MultiProcessor_EnableMuteMode(UART_HandleTypeDef *huart)
ARM GAS  C:\Users\MINIGU~1\AppData\Local\Temp\cc3PAC1x.s 			page 51


2826:Drivers/STM32F0xx_HAL_Driver/Src/stm32f0xx_hal_uart.c **** {
2827:Drivers/STM32F0xx_HAL_Driver/Src/stm32f0xx_hal_uart.c ****   __HAL_LOCK(huart);
2828:Drivers/STM32F0xx_HAL_Driver/Src/stm32f0xx_hal_uart.c **** 
2829:Drivers/STM32F0xx_HAL_Driver/Src/stm32f0xx_hal_uart.c ****   huart->gState = HAL_UART_STATE_BUSY;
2830:Drivers/STM32F0xx_HAL_Driver/Src/stm32f0xx_hal_uart.c **** 
2831:Drivers/STM32F0xx_HAL_Driver/Src/stm32f0xx_hal_uart.c ****   /* Enable USART mute mode by setting the MME bit in the CR1 register */
2832:Drivers/STM32F0xx_HAL_Driver/Src/stm32f0xx_hal_uart.c ****   SET_BIT(huart->Instance->CR1, USART_CR1_MME);
2833:Drivers/STM32F0xx_HAL_Driver/Src/stm32f0xx_hal_uart.c **** 
2834:Drivers/STM32F0xx_HAL_Driver/Src/stm32f0xx_hal_uart.c ****   huart->gState = HAL_UART_STATE_READY;
2835:Drivers/STM32F0xx_HAL_Driver/Src/stm32f0xx_hal_uart.c **** 
2836:Drivers/STM32F0xx_HAL_Driver/Src/stm32f0xx_hal_uart.c ****   return (UART_CheckIdleState(huart));
2837:Drivers/STM32F0xx_HAL_Driver/Src/stm32f0xx_hal_uart.c **** }
2838:Drivers/STM32F0xx_HAL_Driver/Src/stm32f0xx_hal_uart.c **** 
2839:Drivers/STM32F0xx_HAL_Driver/Src/stm32f0xx_hal_uart.c **** /**
2840:Drivers/STM32F0xx_HAL_Driver/Src/stm32f0xx_hal_uart.c ****   * @brief  Disable UART mute mode (does not mean the UART actually exits mute mode
2841:Drivers/STM32F0xx_HAL_Driver/Src/stm32f0xx_hal_uart.c ****   *         as it may not have been in mute mode at this very moment).
2842:Drivers/STM32F0xx_HAL_Driver/Src/stm32f0xx_hal_uart.c ****   * @param  huart UART handle.
2843:Drivers/STM32F0xx_HAL_Driver/Src/stm32f0xx_hal_uart.c ****   * @retval HAL status
2844:Drivers/STM32F0xx_HAL_Driver/Src/stm32f0xx_hal_uart.c ****   */
2845:Drivers/STM32F0xx_HAL_Driver/Src/stm32f0xx_hal_uart.c **** HAL_StatusTypeDef HAL_MultiProcessor_DisableMuteMode(UART_HandleTypeDef *huart)
2846:Drivers/STM32F0xx_HAL_Driver/Src/stm32f0xx_hal_uart.c **** {
2847:Drivers/STM32F0xx_HAL_Driver/Src/stm32f0xx_hal_uart.c ****   __HAL_LOCK(huart);
2848:Drivers/STM32F0xx_HAL_Driver/Src/stm32f0xx_hal_uart.c **** 
2849:Drivers/STM32F0xx_HAL_Driver/Src/stm32f0xx_hal_uart.c ****   huart->gState = HAL_UART_STATE_BUSY;
2850:Drivers/STM32F0xx_HAL_Driver/Src/stm32f0xx_hal_uart.c **** 
2851:Drivers/STM32F0xx_HAL_Driver/Src/stm32f0xx_hal_uart.c ****   /* Disable USART mute mode by clearing the MME bit in the CR1 register */
2852:Drivers/STM32F0xx_HAL_Driver/Src/stm32f0xx_hal_uart.c ****   CLEAR_BIT(huart->Instance->CR1, USART_CR1_MME);
2853:Drivers/STM32F0xx_HAL_Driver/Src/stm32f0xx_hal_uart.c **** 
2854:Drivers/STM32F0xx_HAL_Driver/Src/stm32f0xx_hal_uart.c ****   huart->gState = HAL_UART_STATE_READY;
2855:Drivers/STM32F0xx_HAL_Driver/Src/stm32f0xx_hal_uart.c **** 
2856:Drivers/STM32F0xx_HAL_Driver/Src/stm32f0xx_hal_uart.c ****   return (UART_CheckIdleState(huart));
2857:Drivers/STM32F0xx_HAL_Driver/Src/stm32f0xx_hal_uart.c **** }
2858:Drivers/STM32F0xx_HAL_Driver/Src/stm32f0xx_hal_uart.c **** 
2859:Drivers/STM32F0xx_HAL_Driver/Src/stm32f0xx_hal_uart.c **** /**
2860:Drivers/STM32F0xx_HAL_Driver/Src/stm32f0xx_hal_uart.c ****   * @brief Enter UART mute mode (means UART actually enters mute mode).
2861:Drivers/STM32F0xx_HAL_Driver/Src/stm32f0xx_hal_uart.c ****   * @note  To exit from mute mode, HAL_MultiProcessor_DisableMuteMode() API must be called.
2862:Drivers/STM32F0xx_HAL_Driver/Src/stm32f0xx_hal_uart.c ****   * @param huart UART handle.
2863:Drivers/STM32F0xx_HAL_Driver/Src/stm32f0xx_hal_uart.c ****   * @retval None
2864:Drivers/STM32F0xx_HAL_Driver/Src/stm32f0xx_hal_uart.c ****   */
2865:Drivers/STM32F0xx_HAL_Driver/Src/stm32f0xx_hal_uart.c **** void HAL_MultiProcessor_EnterMuteMode(UART_HandleTypeDef *huart)
2866:Drivers/STM32F0xx_HAL_Driver/Src/stm32f0xx_hal_uart.c **** {
2867:Drivers/STM32F0xx_HAL_Driver/Src/stm32f0xx_hal_uart.c ****   __HAL_UART_SEND_REQ(huart, UART_MUTE_MODE_REQUEST);
2868:Drivers/STM32F0xx_HAL_Driver/Src/stm32f0xx_hal_uart.c **** }
2869:Drivers/STM32F0xx_HAL_Driver/Src/stm32f0xx_hal_uart.c **** 
2870:Drivers/STM32F0xx_HAL_Driver/Src/stm32f0xx_hal_uart.c **** /**
2871:Drivers/STM32F0xx_HAL_Driver/Src/stm32f0xx_hal_uart.c ****   * @brief  Enable the UART transmitter and disable the UART receiver.
2872:Drivers/STM32F0xx_HAL_Driver/Src/stm32f0xx_hal_uart.c ****   * @param  huart UART handle.
2873:Drivers/STM32F0xx_HAL_Driver/Src/stm32f0xx_hal_uart.c ****   * @retval HAL status
2874:Drivers/STM32F0xx_HAL_Driver/Src/stm32f0xx_hal_uart.c ****   */
2875:Drivers/STM32F0xx_HAL_Driver/Src/stm32f0xx_hal_uart.c **** HAL_StatusTypeDef HAL_HalfDuplex_EnableTransmitter(UART_HandleTypeDef *huart)
2876:Drivers/STM32F0xx_HAL_Driver/Src/stm32f0xx_hal_uart.c **** {
2877:Drivers/STM32F0xx_HAL_Driver/Src/stm32f0xx_hal_uart.c ****   __HAL_LOCK(huart);
2878:Drivers/STM32F0xx_HAL_Driver/Src/stm32f0xx_hal_uart.c ****   huart->gState = HAL_UART_STATE_BUSY;
2879:Drivers/STM32F0xx_HAL_Driver/Src/stm32f0xx_hal_uart.c **** 
2880:Drivers/STM32F0xx_HAL_Driver/Src/stm32f0xx_hal_uart.c ****   /* Clear TE and RE bits */
2881:Drivers/STM32F0xx_HAL_Driver/Src/stm32f0xx_hal_uart.c ****   CLEAR_BIT(huart->Instance->CR1, (USART_CR1_TE | USART_CR1_RE));
2882:Drivers/STM32F0xx_HAL_Driver/Src/stm32f0xx_hal_uart.c **** 
ARM GAS  C:\Users\MINIGU~1\AppData\Local\Temp\cc3PAC1x.s 			page 52


2883:Drivers/STM32F0xx_HAL_Driver/Src/stm32f0xx_hal_uart.c ****   /* Enable the USART's transmit interface by setting the TE bit in the USART CR1 register */
2884:Drivers/STM32F0xx_HAL_Driver/Src/stm32f0xx_hal_uart.c ****   SET_BIT(huart->Instance->CR1, USART_CR1_TE);
2885:Drivers/STM32F0xx_HAL_Driver/Src/stm32f0xx_hal_uart.c **** 
2886:Drivers/STM32F0xx_HAL_Driver/Src/stm32f0xx_hal_uart.c ****   huart->gState = HAL_UART_STATE_READY;
2887:Drivers/STM32F0xx_HAL_Driver/Src/stm32f0xx_hal_uart.c **** 
2888:Drivers/STM32F0xx_HAL_Driver/Src/stm32f0xx_hal_uart.c ****   __HAL_UNLOCK(huart);
2889:Drivers/STM32F0xx_HAL_Driver/Src/stm32f0xx_hal_uart.c **** 
2890:Drivers/STM32F0xx_HAL_Driver/Src/stm32f0xx_hal_uart.c ****   return HAL_OK;
2891:Drivers/STM32F0xx_HAL_Driver/Src/stm32f0xx_hal_uart.c **** }
2892:Drivers/STM32F0xx_HAL_Driver/Src/stm32f0xx_hal_uart.c **** 
2893:Drivers/STM32F0xx_HAL_Driver/Src/stm32f0xx_hal_uart.c **** /**
2894:Drivers/STM32F0xx_HAL_Driver/Src/stm32f0xx_hal_uart.c ****   * @brief  Enable the UART receiver and disable the UART transmitter.
2895:Drivers/STM32F0xx_HAL_Driver/Src/stm32f0xx_hal_uart.c ****   * @param  huart UART handle.
2896:Drivers/STM32F0xx_HAL_Driver/Src/stm32f0xx_hal_uart.c ****   * @retval HAL status.
2897:Drivers/STM32F0xx_HAL_Driver/Src/stm32f0xx_hal_uart.c ****   */
2898:Drivers/STM32F0xx_HAL_Driver/Src/stm32f0xx_hal_uart.c **** HAL_StatusTypeDef HAL_HalfDuplex_EnableReceiver(UART_HandleTypeDef *huart)
2899:Drivers/STM32F0xx_HAL_Driver/Src/stm32f0xx_hal_uart.c **** {
2900:Drivers/STM32F0xx_HAL_Driver/Src/stm32f0xx_hal_uart.c ****   __HAL_LOCK(huart);
2901:Drivers/STM32F0xx_HAL_Driver/Src/stm32f0xx_hal_uart.c ****   huart->gState = HAL_UART_STATE_BUSY;
2902:Drivers/STM32F0xx_HAL_Driver/Src/stm32f0xx_hal_uart.c **** 
2903:Drivers/STM32F0xx_HAL_Driver/Src/stm32f0xx_hal_uart.c ****   /* Clear TE and RE bits */
2904:Drivers/STM32F0xx_HAL_Driver/Src/stm32f0xx_hal_uart.c ****   CLEAR_BIT(huart->Instance->CR1, (USART_CR1_TE | USART_CR1_RE));
2905:Drivers/STM32F0xx_HAL_Driver/Src/stm32f0xx_hal_uart.c **** 
2906:Drivers/STM32F0xx_HAL_Driver/Src/stm32f0xx_hal_uart.c ****   /* Enable the USART's receive interface by setting the RE bit in the USART CR1 register */
2907:Drivers/STM32F0xx_HAL_Driver/Src/stm32f0xx_hal_uart.c ****   SET_BIT(huart->Instance->CR1, USART_CR1_RE);
2908:Drivers/STM32F0xx_HAL_Driver/Src/stm32f0xx_hal_uart.c **** 
2909:Drivers/STM32F0xx_HAL_Driver/Src/stm32f0xx_hal_uart.c ****   huart->gState = HAL_UART_STATE_READY;
2910:Drivers/STM32F0xx_HAL_Driver/Src/stm32f0xx_hal_uart.c **** 
2911:Drivers/STM32F0xx_HAL_Driver/Src/stm32f0xx_hal_uart.c ****   __HAL_UNLOCK(huart);
2912:Drivers/STM32F0xx_HAL_Driver/Src/stm32f0xx_hal_uart.c **** 
2913:Drivers/STM32F0xx_HAL_Driver/Src/stm32f0xx_hal_uart.c ****   return HAL_OK;
2914:Drivers/STM32F0xx_HAL_Driver/Src/stm32f0xx_hal_uart.c **** }
2915:Drivers/STM32F0xx_HAL_Driver/Src/stm32f0xx_hal_uart.c **** 
2916:Drivers/STM32F0xx_HAL_Driver/Src/stm32f0xx_hal_uart.c **** 
2917:Drivers/STM32F0xx_HAL_Driver/Src/stm32f0xx_hal_uart.c **** #if   defined(USART_CR2_LINEN)
2918:Drivers/STM32F0xx_HAL_Driver/Src/stm32f0xx_hal_uart.c **** /**
2919:Drivers/STM32F0xx_HAL_Driver/Src/stm32f0xx_hal_uart.c ****   * @brief  Transmit break characters.
2920:Drivers/STM32F0xx_HAL_Driver/Src/stm32f0xx_hal_uart.c ****   * @param  huart UART handle.
2921:Drivers/STM32F0xx_HAL_Driver/Src/stm32f0xx_hal_uart.c ****   * @retval HAL status
2922:Drivers/STM32F0xx_HAL_Driver/Src/stm32f0xx_hal_uart.c ****   */
2923:Drivers/STM32F0xx_HAL_Driver/Src/stm32f0xx_hal_uart.c **** HAL_StatusTypeDef HAL_LIN_SendBreak(UART_HandleTypeDef *huart)
2924:Drivers/STM32F0xx_HAL_Driver/Src/stm32f0xx_hal_uart.c **** {
2925:Drivers/STM32F0xx_HAL_Driver/Src/stm32f0xx_hal_uart.c ****   /* Check the parameters */
2926:Drivers/STM32F0xx_HAL_Driver/Src/stm32f0xx_hal_uart.c ****   assert_param(IS_UART_LIN_INSTANCE(huart->Instance));
2927:Drivers/STM32F0xx_HAL_Driver/Src/stm32f0xx_hal_uart.c **** 
2928:Drivers/STM32F0xx_HAL_Driver/Src/stm32f0xx_hal_uart.c ****   __HAL_LOCK(huart);
2929:Drivers/STM32F0xx_HAL_Driver/Src/stm32f0xx_hal_uart.c **** 
2930:Drivers/STM32F0xx_HAL_Driver/Src/stm32f0xx_hal_uart.c ****   huart->gState = HAL_UART_STATE_BUSY;
2931:Drivers/STM32F0xx_HAL_Driver/Src/stm32f0xx_hal_uart.c **** 
2932:Drivers/STM32F0xx_HAL_Driver/Src/stm32f0xx_hal_uart.c ****   /* Send break characters */
2933:Drivers/STM32F0xx_HAL_Driver/Src/stm32f0xx_hal_uart.c ****   __HAL_UART_SEND_REQ(huart, UART_SENDBREAK_REQUEST);
2934:Drivers/STM32F0xx_HAL_Driver/Src/stm32f0xx_hal_uart.c **** 
2935:Drivers/STM32F0xx_HAL_Driver/Src/stm32f0xx_hal_uart.c ****   huart->gState = HAL_UART_STATE_READY;
2936:Drivers/STM32F0xx_HAL_Driver/Src/stm32f0xx_hal_uart.c **** 
2937:Drivers/STM32F0xx_HAL_Driver/Src/stm32f0xx_hal_uart.c ****   __HAL_UNLOCK(huart);
2938:Drivers/STM32F0xx_HAL_Driver/Src/stm32f0xx_hal_uart.c **** 
2939:Drivers/STM32F0xx_HAL_Driver/Src/stm32f0xx_hal_uart.c ****   return HAL_OK;
ARM GAS  C:\Users\MINIGU~1\AppData\Local\Temp\cc3PAC1x.s 			page 53


2940:Drivers/STM32F0xx_HAL_Driver/Src/stm32f0xx_hal_uart.c **** }
2941:Drivers/STM32F0xx_HAL_Driver/Src/stm32f0xx_hal_uart.c **** #endif /* USART_CR2_LINEN */
2942:Drivers/STM32F0xx_HAL_Driver/Src/stm32f0xx_hal_uart.c **** 
2943:Drivers/STM32F0xx_HAL_Driver/Src/stm32f0xx_hal_uart.c **** /**
2944:Drivers/STM32F0xx_HAL_Driver/Src/stm32f0xx_hal_uart.c ****   * @}
2945:Drivers/STM32F0xx_HAL_Driver/Src/stm32f0xx_hal_uart.c ****   */
2946:Drivers/STM32F0xx_HAL_Driver/Src/stm32f0xx_hal_uart.c **** 
2947:Drivers/STM32F0xx_HAL_Driver/Src/stm32f0xx_hal_uart.c **** /** @defgroup UART_Exported_Functions_Group4 Peripheral State and Error functions
2948:Drivers/STM32F0xx_HAL_Driver/Src/stm32f0xx_hal_uart.c ****   *  @brief   UART Peripheral State functions
2949:Drivers/STM32F0xx_HAL_Driver/Src/stm32f0xx_hal_uart.c ****   *
2950:Drivers/STM32F0xx_HAL_Driver/Src/stm32f0xx_hal_uart.c **** @verbatim
2951:Drivers/STM32F0xx_HAL_Driver/Src/stm32f0xx_hal_uart.c ****   ==============================================================================
2952:Drivers/STM32F0xx_HAL_Driver/Src/stm32f0xx_hal_uart.c ****             ##### Peripheral State and Error functions #####
2953:Drivers/STM32F0xx_HAL_Driver/Src/stm32f0xx_hal_uart.c ****   ==============================================================================
2954:Drivers/STM32F0xx_HAL_Driver/Src/stm32f0xx_hal_uart.c ****     [..]
2955:Drivers/STM32F0xx_HAL_Driver/Src/stm32f0xx_hal_uart.c ****     This subsection provides functions allowing to :
2956:Drivers/STM32F0xx_HAL_Driver/Src/stm32f0xx_hal_uart.c ****       (+) Return the UART handle state.
2957:Drivers/STM32F0xx_HAL_Driver/Src/stm32f0xx_hal_uart.c ****       (+) Return the UART handle error code
2958:Drivers/STM32F0xx_HAL_Driver/Src/stm32f0xx_hal_uart.c **** 
2959:Drivers/STM32F0xx_HAL_Driver/Src/stm32f0xx_hal_uart.c **** @endverbatim
2960:Drivers/STM32F0xx_HAL_Driver/Src/stm32f0xx_hal_uart.c ****   * @{
2961:Drivers/STM32F0xx_HAL_Driver/Src/stm32f0xx_hal_uart.c ****   */
2962:Drivers/STM32F0xx_HAL_Driver/Src/stm32f0xx_hal_uart.c **** 
2963:Drivers/STM32F0xx_HAL_Driver/Src/stm32f0xx_hal_uart.c **** /**
2964:Drivers/STM32F0xx_HAL_Driver/Src/stm32f0xx_hal_uart.c ****   * @brief Return the UART handle state.
2965:Drivers/STM32F0xx_HAL_Driver/Src/stm32f0xx_hal_uart.c ****   * @param  huart Pointer to a UART_HandleTypeDef structure that contains
2966:Drivers/STM32F0xx_HAL_Driver/Src/stm32f0xx_hal_uart.c ****   *               the configuration information for the specified UART.
2967:Drivers/STM32F0xx_HAL_Driver/Src/stm32f0xx_hal_uart.c ****   * @retval HAL state
2968:Drivers/STM32F0xx_HAL_Driver/Src/stm32f0xx_hal_uart.c ****   */
2969:Drivers/STM32F0xx_HAL_Driver/Src/stm32f0xx_hal_uart.c **** HAL_UART_StateTypeDef HAL_UART_GetState(UART_HandleTypeDef *huart)
2970:Drivers/STM32F0xx_HAL_Driver/Src/stm32f0xx_hal_uart.c **** {
2971:Drivers/STM32F0xx_HAL_Driver/Src/stm32f0xx_hal_uart.c ****   uint32_t temp1;
2972:Drivers/STM32F0xx_HAL_Driver/Src/stm32f0xx_hal_uart.c ****   uint32_t temp2;
2973:Drivers/STM32F0xx_HAL_Driver/Src/stm32f0xx_hal_uart.c ****   temp1 = huart->gState;
2974:Drivers/STM32F0xx_HAL_Driver/Src/stm32f0xx_hal_uart.c ****   temp2 = huart->RxState;
2975:Drivers/STM32F0xx_HAL_Driver/Src/stm32f0xx_hal_uart.c **** 
2976:Drivers/STM32F0xx_HAL_Driver/Src/stm32f0xx_hal_uart.c ****   return (HAL_UART_StateTypeDef)(temp1 | temp2);
2977:Drivers/STM32F0xx_HAL_Driver/Src/stm32f0xx_hal_uart.c **** }
2978:Drivers/STM32F0xx_HAL_Driver/Src/stm32f0xx_hal_uart.c **** 
2979:Drivers/STM32F0xx_HAL_Driver/Src/stm32f0xx_hal_uart.c **** /**
2980:Drivers/STM32F0xx_HAL_Driver/Src/stm32f0xx_hal_uart.c ****   * @brief  Return the UART handle error code.
2981:Drivers/STM32F0xx_HAL_Driver/Src/stm32f0xx_hal_uart.c ****   * @param  huart Pointer to a UART_HandleTypeDef structure that contains
2982:Drivers/STM32F0xx_HAL_Driver/Src/stm32f0xx_hal_uart.c ****   *               the configuration information for the specified UART.
2983:Drivers/STM32F0xx_HAL_Driver/Src/stm32f0xx_hal_uart.c ****   * @retval UART Error Code
2984:Drivers/STM32F0xx_HAL_Driver/Src/stm32f0xx_hal_uart.c ****   */
2985:Drivers/STM32F0xx_HAL_Driver/Src/stm32f0xx_hal_uart.c **** uint32_t HAL_UART_GetError(UART_HandleTypeDef *huart)
2986:Drivers/STM32F0xx_HAL_Driver/Src/stm32f0xx_hal_uart.c **** {
2987:Drivers/STM32F0xx_HAL_Driver/Src/stm32f0xx_hal_uart.c ****   return huart->ErrorCode;
2988:Drivers/STM32F0xx_HAL_Driver/Src/stm32f0xx_hal_uart.c **** }
2989:Drivers/STM32F0xx_HAL_Driver/Src/stm32f0xx_hal_uart.c **** /**
2990:Drivers/STM32F0xx_HAL_Driver/Src/stm32f0xx_hal_uart.c ****   * @}
2991:Drivers/STM32F0xx_HAL_Driver/Src/stm32f0xx_hal_uart.c ****   */
2992:Drivers/STM32F0xx_HAL_Driver/Src/stm32f0xx_hal_uart.c **** 
2993:Drivers/STM32F0xx_HAL_Driver/Src/stm32f0xx_hal_uart.c **** /**
2994:Drivers/STM32F0xx_HAL_Driver/Src/stm32f0xx_hal_uart.c ****   * @}
2995:Drivers/STM32F0xx_HAL_Driver/Src/stm32f0xx_hal_uart.c ****   */
2996:Drivers/STM32F0xx_HAL_Driver/Src/stm32f0xx_hal_uart.c **** 
ARM GAS  C:\Users\MINIGU~1\AppData\Local\Temp\cc3PAC1x.s 			page 54


2997:Drivers/STM32F0xx_HAL_Driver/Src/stm32f0xx_hal_uart.c **** /** @defgroup UART_Private_Functions UART Private Functions
2998:Drivers/STM32F0xx_HAL_Driver/Src/stm32f0xx_hal_uart.c ****   * @{
2999:Drivers/STM32F0xx_HAL_Driver/Src/stm32f0xx_hal_uart.c ****   */
3000:Drivers/STM32F0xx_HAL_Driver/Src/stm32f0xx_hal_uart.c **** 
3001:Drivers/STM32F0xx_HAL_Driver/Src/stm32f0xx_hal_uart.c **** /**
3002:Drivers/STM32F0xx_HAL_Driver/Src/stm32f0xx_hal_uart.c ****   * @brief  Initialize the callbacks to their default values.
3003:Drivers/STM32F0xx_HAL_Driver/Src/stm32f0xx_hal_uart.c ****   * @param  huart UART handle.
3004:Drivers/STM32F0xx_HAL_Driver/Src/stm32f0xx_hal_uart.c ****   * @retval none
3005:Drivers/STM32F0xx_HAL_Driver/Src/stm32f0xx_hal_uart.c ****   */
3006:Drivers/STM32F0xx_HAL_Driver/Src/stm32f0xx_hal_uart.c **** #if (USE_HAL_UART_REGISTER_CALLBACKS == 1)
3007:Drivers/STM32F0xx_HAL_Driver/Src/stm32f0xx_hal_uart.c **** void UART_InitCallbacksToDefault(UART_HandleTypeDef *huart)
3008:Drivers/STM32F0xx_HAL_Driver/Src/stm32f0xx_hal_uart.c **** {
3009:Drivers/STM32F0xx_HAL_Driver/Src/stm32f0xx_hal_uart.c ****   /* Init the UART Callback settings */
3010:Drivers/STM32F0xx_HAL_Driver/Src/stm32f0xx_hal_uart.c ****   huart->TxHalfCpltCallback        = HAL_UART_TxHalfCpltCallback;        /* Legacy weak TxHalfCpltC
3011:Drivers/STM32F0xx_HAL_Driver/Src/stm32f0xx_hal_uart.c ****   huart->TxCpltCallback            = HAL_UART_TxCpltCallback;            /* Legacy weak TxCpltCallb
3012:Drivers/STM32F0xx_HAL_Driver/Src/stm32f0xx_hal_uart.c ****   huart->RxHalfCpltCallback        = HAL_UART_RxHalfCpltCallback;        /* Legacy weak RxHalfCpltC
3013:Drivers/STM32F0xx_HAL_Driver/Src/stm32f0xx_hal_uart.c ****   huart->RxCpltCallback            = HAL_UART_RxCpltCallback;            /* Legacy weak RxCpltCallb
3014:Drivers/STM32F0xx_HAL_Driver/Src/stm32f0xx_hal_uart.c ****   huart->ErrorCallback             = HAL_UART_ErrorCallback;             /* Legacy weak ErrorCallba
3015:Drivers/STM32F0xx_HAL_Driver/Src/stm32f0xx_hal_uart.c ****   huart->AbortCpltCallback         = HAL_UART_AbortCpltCallback;         /* Legacy weak AbortCpltCa
3016:Drivers/STM32F0xx_HAL_Driver/Src/stm32f0xx_hal_uart.c ****   huart->AbortTransmitCpltCallback = HAL_UART_AbortTransmitCpltCallback; /* Legacy weak AbortTransm
3017:Drivers/STM32F0xx_HAL_Driver/Src/stm32f0xx_hal_uart.c ****   huart->AbortReceiveCpltCallback  = HAL_UART_AbortReceiveCpltCallback;  /* Legacy weak AbortReceiv
3018:Drivers/STM32F0xx_HAL_Driver/Src/stm32f0xx_hal_uart.c **** #if defined(USART_CR1_UESM)
3019:Drivers/STM32F0xx_HAL_Driver/Src/stm32f0xx_hal_uart.c ****   huart->WakeupCallback            = HAL_UARTEx_WakeupCallback;          /* Legacy weak WakeupCallb
3020:Drivers/STM32F0xx_HAL_Driver/Src/stm32f0xx_hal_uart.c **** #endif /* USART_CR1_UESM */
3021:Drivers/STM32F0xx_HAL_Driver/Src/stm32f0xx_hal_uart.c ****   huart->RxEventCallback           = HAL_UARTEx_RxEventCallback;         /* Legacy weak RxEventCall
3022:Drivers/STM32F0xx_HAL_Driver/Src/stm32f0xx_hal_uart.c **** 
3023:Drivers/STM32F0xx_HAL_Driver/Src/stm32f0xx_hal_uart.c **** }
3024:Drivers/STM32F0xx_HAL_Driver/Src/stm32f0xx_hal_uart.c **** #endif /* USE_HAL_UART_REGISTER_CALLBACKS */
3025:Drivers/STM32F0xx_HAL_Driver/Src/stm32f0xx_hal_uart.c **** 
3026:Drivers/STM32F0xx_HAL_Driver/Src/stm32f0xx_hal_uart.c **** /**
3027:Drivers/STM32F0xx_HAL_Driver/Src/stm32f0xx_hal_uart.c ****   * @brief Configure the UART peripheral.
3028:Drivers/STM32F0xx_HAL_Driver/Src/stm32f0xx_hal_uart.c ****   * @param huart UART handle.
3029:Drivers/STM32F0xx_HAL_Driver/Src/stm32f0xx_hal_uart.c ****   * @retval HAL status
3030:Drivers/STM32F0xx_HAL_Driver/Src/stm32f0xx_hal_uart.c ****   */
3031:Drivers/STM32F0xx_HAL_Driver/Src/stm32f0xx_hal_uart.c **** HAL_StatusTypeDef UART_SetConfig(UART_HandleTypeDef *huart)
3032:Drivers/STM32F0xx_HAL_Driver/Src/stm32f0xx_hal_uart.c **** {
3033:Drivers/STM32F0xx_HAL_Driver/Src/stm32f0xx_hal_uart.c ****   uint32_t tmpreg;
3034:Drivers/STM32F0xx_HAL_Driver/Src/stm32f0xx_hal_uart.c ****   uint16_t brrtemp;
3035:Drivers/STM32F0xx_HAL_Driver/Src/stm32f0xx_hal_uart.c ****   UART_ClockSourceTypeDef clocksource;
3036:Drivers/STM32F0xx_HAL_Driver/Src/stm32f0xx_hal_uart.c ****   uint32_t usartdiv;
3037:Drivers/STM32F0xx_HAL_Driver/Src/stm32f0xx_hal_uart.c ****   HAL_StatusTypeDef ret               = HAL_OK;
3038:Drivers/STM32F0xx_HAL_Driver/Src/stm32f0xx_hal_uart.c ****   uint32_t pclk;
3039:Drivers/STM32F0xx_HAL_Driver/Src/stm32f0xx_hal_uart.c **** 
3040:Drivers/STM32F0xx_HAL_Driver/Src/stm32f0xx_hal_uart.c ****   /* Check the parameters */
3041:Drivers/STM32F0xx_HAL_Driver/Src/stm32f0xx_hal_uart.c ****   assert_param(IS_UART_BAUDRATE(huart->Init.BaudRate));
3042:Drivers/STM32F0xx_HAL_Driver/Src/stm32f0xx_hal_uart.c ****   assert_param(IS_UART_WORD_LENGTH(huart->Init.WordLength));
3043:Drivers/STM32F0xx_HAL_Driver/Src/stm32f0xx_hal_uart.c ****   assert_param(IS_UART_STOPBITS(huart->Init.StopBits));
3044:Drivers/STM32F0xx_HAL_Driver/Src/stm32f0xx_hal_uart.c ****   assert_param(IS_UART_ONE_BIT_SAMPLE(huart->Init.OneBitSampling));
3045:Drivers/STM32F0xx_HAL_Driver/Src/stm32f0xx_hal_uart.c **** 
3046:Drivers/STM32F0xx_HAL_Driver/Src/stm32f0xx_hal_uart.c ****   assert_param(IS_UART_PARITY(huart->Init.Parity));
3047:Drivers/STM32F0xx_HAL_Driver/Src/stm32f0xx_hal_uart.c ****   assert_param(IS_UART_MODE(huart->Init.Mode));
3048:Drivers/STM32F0xx_HAL_Driver/Src/stm32f0xx_hal_uart.c ****   assert_param(IS_UART_HARDWARE_FLOW_CONTROL(huart->Init.HwFlowCtl));
3049:Drivers/STM32F0xx_HAL_Driver/Src/stm32f0xx_hal_uart.c ****   assert_param(IS_UART_OVERSAMPLING(huart->Init.OverSampling));
3050:Drivers/STM32F0xx_HAL_Driver/Src/stm32f0xx_hal_uart.c **** 
3051:Drivers/STM32F0xx_HAL_Driver/Src/stm32f0xx_hal_uart.c ****   /*-------------------------- USART CR1 Configuration -----------------------*/
3052:Drivers/STM32F0xx_HAL_Driver/Src/stm32f0xx_hal_uart.c ****   /* Clear M, PCE, PS, TE, RE and OVER8 bits and configure
3053:Drivers/STM32F0xx_HAL_Driver/Src/stm32f0xx_hal_uart.c ****   *  the UART Word Length, Parity, Mode and oversampling:
ARM GAS  C:\Users\MINIGU~1\AppData\Local\Temp\cc3PAC1x.s 			page 55


3054:Drivers/STM32F0xx_HAL_Driver/Src/stm32f0xx_hal_uart.c ****   *  set the M bits according to huart->Init.WordLength value
3055:Drivers/STM32F0xx_HAL_Driver/Src/stm32f0xx_hal_uart.c ****   *  set PCE and PS bits according to huart->Init.Parity value
3056:Drivers/STM32F0xx_HAL_Driver/Src/stm32f0xx_hal_uart.c ****   *  set TE and RE bits according to huart->Init.Mode value
3057:Drivers/STM32F0xx_HAL_Driver/Src/stm32f0xx_hal_uart.c ****   *  set OVER8 bit according to huart->Init.OverSampling value */
3058:Drivers/STM32F0xx_HAL_Driver/Src/stm32f0xx_hal_uart.c ****   tmpreg = (uint32_t)huart->Init.WordLength | huart->Init.Parity | huart->Init.Mode | huart->Init.O
3059:Drivers/STM32F0xx_HAL_Driver/Src/stm32f0xx_hal_uart.c ****   MODIFY_REG(huart->Instance->CR1, USART_CR1_FIELDS, tmpreg);
3060:Drivers/STM32F0xx_HAL_Driver/Src/stm32f0xx_hal_uart.c **** 
3061:Drivers/STM32F0xx_HAL_Driver/Src/stm32f0xx_hal_uart.c ****   /*-------------------------- USART CR2 Configuration -----------------------*/
3062:Drivers/STM32F0xx_HAL_Driver/Src/stm32f0xx_hal_uart.c ****   /* Configure the UART Stop Bits: Set STOP[13:12] bits according
3063:Drivers/STM32F0xx_HAL_Driver/Src/stm32f0xx_hal_uart.c ****   * to huart->Init.StopBits value */
3064:Drivers/STM32F0xx_HAL_Driver/Src/stm32f0xx_hal_uart.c ****   MODIFY_REG(huart->Instance->CR2, USART_CR2_STOP, huart->Init.StopBits);
3065:Drivers/STM32F0xx_HAL_Driver/Src/stm32f0xx_hal_uart.c **** 
3066:Drivers/STM32F0xx_HAL_Driver/Src/stm32f0xx_hal_uart.c ****   /*-------------------------- USART CR3 Configuration -----------------------*/
3067:Drivers/STM32F0xx_HAL_Driver/Src/stm32f0xx_hal_uart.c ****   /* Configure
3068:Drivers/STM32F0xx_HAL_Driver/Src/stm32f0xx_hal_uart.c ****   * - UART HardWare Flow Control: set CTSE and RTSE bits according
3069:Drivers/STM32F0xx_HAL_Driver/Src/stm32f0xx_hal_uart.c ****   *   to huart->Init.HwFlowCtl value
3070:Drivers/STM32F0xx_HAL_Driver/Src/stm32f0xx_hal_uart.c ****   * - one-bit sampling method versus three samples' majority rule according
3071:Drivers/STM32F0xx_HAL_Driver/Src/stm32f0xx_hal_uart.c ****   *   to huart->Init.OneBitSampling (not applicable to LPUART) */
3072:Drivers/STM32F0xx_HAL_Driver/Src/stm32f0xx_hal_uart.c ****   tmpreg = (uint32_t)huart->Init.HwFlowCtl;
3073:Drivers/STM32F0xx_HAL_Driver/Src/stm32f0xx_hal_uart.c **** 
3074:Drivers/STM32F0xx_HAL_Driver/Src/stm32f0xx_hal_uart.c ****   tmpreg |= huart->Init.OneBitSampling;
3075:Drivers/STM32F0xx_HAL_Driver/Src/stm32f0xx_hal_uart.c ****   MODIFY_REG(huart->Instance->CR3, USART_CR3_FIELDS, tmpreg);
3076:Drivers/STM32F0xx_HAL_Driver/Src/stm32f0xx_hal_uart.c **** 
3077:Drivers/STM32F0xx_HAL_Driver/Src/stm32f0xx_hal_uart.c **** 
3078:Drivers/STM32F0xx_HAL_Driver/Src/stm32f0xx_hal_uart.c ****   /*-------------------------- USART BRR Configuration -----------------------*/
3079:Drivers/STM32F0xx_HAL_Driver/Src/stm32f0xx_hal_uart.c ****   UART_GETCLOCKSOURCE(huart, clocksource);
3080:Drivers/STM32F0xx_HAL_Driver/Src/stm32f0xx_hal_uart.c **** 
3081:Drivers/STM32F0xx_HAL_Driver/Src/stm32f0xx_hal_uart.c ****   if (huart->Init.OverSampling == UART_OVERSAMPLING_8)
3082:Drivers/STM32F0xx_HAL_Driver/Src/stm32f0xx_hal_uart.c ****   {
3083:Drivers/STM32F0xx_HAL_Driver/Src/stm32f0xx_hal_uart.c ****     switch (clocksource)
3084:Drivers/STM32F0xx_HAL_Driver/Src/stm32f0xx_hal_uart.c ****     {
3085:Drivers/STM32F0xx_HAL_Driver/Src/stm32f0xx_hal_uart.c ****       case UART_CLOCKSOURCE_PCLK1:
3086:Drivers/STM32F0xx_HAL_Driver/Src/stm32f0xx_hal_uart.c ****         pclk = HAL_RCC_GetPCLK1Freq();
3087:Drivers/STM32F0xx_HAL_Driver/Src/stm32f0xx_hal_uart.c ****         break;
3088:Drivers/STM32F0xx_HAL_Driver/Src/stm32f0xx_hal_uart.c ****       case UART_CLOCKSOURCE_HSI:
3089:Drivers/STM32F0xx_HAL_Driver/Src/stm32f0xx_hal_uart.c ****         pclk = (uint32_t) HSI_VALUE;
3090:Drivers/STM32F0xx_HAL_Driver/Src/stm32f0xx_hal_uart.c ****         break;
3091:Drivers/STM32F0xx_HAL_Driver/Src/stm32f0xx_hal_uart.c ****       case UART_CLOCKSOURCE_SYSCLK:
3092:Drivers/STM32F0xx_HAL_Driver/Src/stm32f0xx_hal_uart.c ****         pclk = HAL_RCC_GetSysClockFreq();
3093:Drivers/STM32F0xx_HAL_Driver/Src/stm32f0xx_hal_uart.c ****         break;
3094:Drivers/STM32F0xx_HAL_Driver/Src/stm32f0xx_hal_uart.c ****       case UART_CLOCKSOURCE_LSE:
3095:Drivers/STM32F0xx_HAL_Driver/Src/stm32f0xx_hal_uart.c ****         pclk = (uint32_t) LSE_VALUE;
3096:Drivers/STM32F0xx_HAL_Driver/Src/stm32f0xx_hal_uart.c ****         break;
3097:Drivers/STM32F0xx_HAL_Driver/Src/stm32f0xx_hal_uart.c ****       default:
3098:Drivers/STM32F0xx_HAL_Driver/Src/stm32f0xx_hal_uart.c ****         pclk = 0U;
3099:Drivers/STM32F0xx_HAL_Driver/Src/stm32f0xx_hal_uart.c ****         ret = HAL_ERROR;
3100:Drivers/STM32F0xx_HAL_Driver/Src/stm32f0xx_hal_uart.c ****         break;
3101:Drivers/STM32F0xx_HAL_Driver/Src/stm32f0xx_hal_uart.c ****     }
3102:Drivers/STM32F0xx_HAL_Driver/Src/stm32f0xx_hal_uart.c **** 
3103:Drivers/STM32F0xx_HAL_Driver/Src/stm32f0xx_hal_uart.c ****     /* USARTDIV must be greater than or equal to 0d16 */
3104:Drivers/STM32F0xx_HAL_Driver/Src/stm32f0xx_hal_uart.c ****     if (pclk != 0U)
3105:Drivers/STM32F0xx_HAL_Driver/Src/stm32f0xx_hal_uart.c ****     {
3106:Drivers/STM32F0xx_HAL_Driver/Src/stm32f0xx_hal_uart.c ****       usartdiv = (uint16_t)(UART_DIV_SAMPLING8(pclk, huart->Init.BaudRate));
3107:Drivers/STM32F0xx_HAL_Driver/Src/stm32f0xx_hal_uart.c ****       if ((usartdiv >= UART_BRR_MIN) && (usartdiv <= UART_BRR_MAX))
3108:Drivers/STM32F0xx_HAL_Driver/Src/stm32f0xx_hal_uart.c ****       {
3109:Drivers/STM32F0xx_HAL_Driver/Src/stm32f0xx_hal_uart.c ****         brrtemp = (uint16_t)(usartdiv & 0xFFF0U);
3110:Drivers/STM32F0xx_HAL_Driver/Src/stm32f0xx_hal_uart.c ****         brrtemp |= (uint16_t)((usartdiv & (uint16_t)0x000FU) >> 1U);
ARM GAS  C:\Users\MINIGU~1\AppData\Local\Temp\cc3PAC1x.s 			page 56


3111:Drivers/STM32F0xx_HAL_Driver/Src/stm32f0xx_hal_uart.c ****         huart->Instance->BRR = brrtemp;
3112:Drivers/STM32F0xx_HAL_Driver/Src/stm32f0xx_hal_uart.c ****       }
3113:Drivers/STM32F0xx_HAL_Driver/Src/stm32f0xx_hal_uart.c ****       else
3114:Drivers/STM32F0xx_HAL_Driver/Src/stm32f0xx_hal_uart.c ****       {
3115:Drivers/STM32F0xx_HAL_Driver/Src/stm32f0xx_hal_uart.c ****         ret = HAL_ERROR;
3116:Drivers/STM32F0xx_HAL_Driver/Src/stm32f0xx_hal_uart.c ****       }
3117:Drivers/STM32F0xx_HAL_Driver/Src/stm32f0xx_hal_uart.c ****     }
3118:Drivers/STM32F0xx_HAL_Driver/Src/stm32f0xx_hal_uart.c ****   }
3119:Drivers/STM32F0xx_HAL_Driver/Src/stm32f0xx_hal_uart.c ****   else
3120:Drivers/STM32F0xx_HAL_Driver/Src/stm32f0xx_hal_uart.c ****   {
3121:Drivers/STM32F0xx_HAL_Driver/Src/stm32f0xx_hal_uart.c ****     switch (clocksource)
3122:Drivers/STM32F0xx_HAL_Driver/Src/stm32f0xx_hal_uart.c ****     {
3123:Drivers/STM32F0xx_HAL_Driver/Src/stm32f0xx_hal_uart.c ****       case UART_CLOCKSOURCE_PCLK1:
3124:Drivers/STM32F0xx_HAL_Driver/Src/stm32f0xx_hal_uart.c ****         pclk = HAL_RCC_GetPCLK1Freq();
3125:Drivers/STM32F0xx_HAL_Driver/Src/stm32f0xx_hal_uart.c ****         break;
3126:Drivers/STM32F0xx_HAL_Driver/Src/stm32f0xx_hal_uart.c ****       case UART_CLOCKSOURCE_HSI:
3127:Drivers/STM32F0xx_HAL_Driver/Src/stm32f0xx_hal_uart.c ****         pclk = (uint32_t) HSI_VALUE;
3128:Drivers/STM32F0xx_HAL_Driver/Src/stm32f0xx_hal_uart.c ****         break;
3129:Drivers/STM32F0xx_HAL_Driver/Src/stm32f0xx_hal_uart.c ****       case UART_CLOCKSOURCE_SYSCLK:
3130:Drivers/STM32F0xx_HAL_Driver/Src/stm32f0xx_hal_uart.c ****         pclk = HAL_RCC_GetSysClockFreq();
3131:Drivers/STM32F0xx_HAL_Driver/Src/stm32f0xx_hal_uart.c ****         break;
3132:Drivers/STM32F0xx_HAL_Driver/Src/stm32f0xx_hal_uart.c ****       case UART_CLOCKSOURCE_LSE:
3133:Drivers/STM32F0xx_HAL_Driver/Src/stm32f0xx_hal_uart.c ****         pclk = (uint32_t) LSE_VALUE;
3134:Drivers/STM32F0xx_HAL_Driver/Src/stm32f0xx_hal_uart.c ****         break;
3135:Drivers/STM32F0xx_HAL_Driver/Src/stm32f0xx_hal_uart.c ****       default:
3136:Drivers/STM32F0xx_HAL_Driver/Src/stm32f0xx_hal_uart.c ****         pclk = 0U;
3137:Drivers/STM32F0xx_HAL_Driver/Src/stm32f0xx_hal_uart.c ****         ret = HAL_ERROR;
3138:Drivers/STM32F0xx_HAL_Driver/Src/stm32f0xx_hal_uart.c ****         break;
3139:Drivers/STM32F0xx_HAL_Driver/Src/stm32f0xx_hal_uart.c ****     }
3140:Drivers/STM32F0xx_HAL_Driver/Src/stm32f0xx_hal_uart.c **** 
3141:Drivers/STM32F0xx_HAL_Driver/Src/stm32f0xx_hal_uart.c ****     if (pclk != 0U)
3142:Drivers/STM32F0xx_HAL_Driver/Src/stm32f0xx_hal_uart.c ****     {
3143:Drivers/STM32F0xx_HAL_Driver/Src/stm32f0xx_hal_uart.c ****       /* USARTDIV must be greater than or equal to 0d16 */
3144:Drivers/STM32F0xx_HAL_Driver/Src/stm32f0xx_hal_uart.c ****       usartdiv = (uint16_t)(UART_DIV_SAMPLING16(pclk, huart->Init.BaudRate));
3145:Drivers/STM32F0xx_HAL_Driver/Src/stm32f0xx_hal_uart.c ****       if ((usartdiv >= UART_BRR_MIN) && (usartdiv <= UART_BRR_MAX))
3146:Drivers/STM32F0xx_HAL_Driver/Src/stm32f0xx_hal_uart.c ****       {
3147:Drivers/STM32F0xx_HAL_Driver/Src/stm32f0xx_hal_uart.c ****         huart->Instance->BRR = usartdiv;
3148:Drivers/STM32F0xx_HAL_Driver/Src/stm32f0xx_hal_uart.c ****       }
3149:Drivers/STM32F0xx_HAL_Driver/Src/stm32f0xx_hal_uart.c ****       else
3150:Drivers/STM32F0xx_HAL_Driver/Src/stm32f0xx_hal_uart.c ****       {
3151:Drivers/STM32F0xx_HAL_Driver/Src/stm32f0xx_hal_uart.c ****         ret = HAL_ERROR;
3152:Drivers/STM32F0xx_HAL_Driver/Src/stm32f0xx_hal_uart.c ****       }
3153:Drivers/STM32F0xx_HAL_Driver/Src/stm32f0xx_hal_uart.c ****     }
3154:Drivers/STM32F0xx_HAL_Driver/Src/stm32f0xx_hal_uart.c ****   }
3155:Drivers/STM32F0xx_HAL_Driver/Src/stm32f0xx_hal_uart.c **** 
3156:Drivers/STM32F0xx_HAL_Driver/Src/stm32f0xx_hal_uart.c **** 
3157:Drivers/STM32F0xx_HAL_Driver/Src/stm32f0xx_hal_uart.c ****   /* Clear ISR function pointers */
3158:Drivers/STM32F0xx_HAL_Driver/Src/stm32f0xx_hal_uart.c ****   huart->RxISR = NULL;
3159:Drivers/STM32F0xx_HAL_Driver/Src/stm32f0xx_hal_uart.c ****   huart->TxISR = NULL;
3160:Drivers/STM32F0xx_HAL_Driver/Src/stm32f0xx_hal_uart.c **** 
3161:Drivers/STM32F0xx_HAL_Driver/Src/stm32f0xx_hal_uart.c ****   return ret;
3162:Drivers/STM32F0xx_HAL_Driver/Src/stm32f0xx_hal_uart.c **** }
3163:Drivers/STM32F0xx_HAL_Driver/Src/stm32f0xx_hal_uart.c **** 
3164:Drivers/STM32F0xx_HAL_Driver/Src/stm32f0xx_hal_uart.c **** /**
3165:Drivers/STM32F0xx_HAL_Driver/Src/stm32f0xx_hal_uart.c ****   * @brief Configure the UART peripheral advanced features.
3166:Drivers/STM32F0xx_HAL_Driver/Src/stm32f0xx_hal_uart.c ****   * @param huart UART handle.
3167:Drivers/STM32F0xx_HAL_Driver/Src/stm32f0xx_hal_uart.c ****   * @retval None
ARM GAS  C:\Users\MINIGU~1\AppData\Local\Temp\cc3PAC1x.s 			page 57


3168:Drivers/STM32F0xx_HAL_Driver/Src/stm32f0xx_hal_uart.c ****   */
3169:Drivers/STM32F0xx_HAL_Driver/Src/stm32f0xx_hal_uart.c **** void UART_AdvFeatureConfig(UART_HandleTypeDef *huart)
3170:Drivers/STM32F0xx_HAL_Driver/Src/stm32f0xx_hal_uart.c **** {
3171:Drivers/STM32F0xx_HAL_Driver/Src/stm32f0xx_hal_uart.c ****   /* Check whether the set of advanced features to configure is properly set */
3172:Drivers/STM32F0xx_HAL_Driver/Src/stm32f0xx_hal_uart.c ****   assert_param(IS_UART_ADVFEATURE_INIT(huart->AdvancedInit.AdvFeatureInit));
3173:Drivers/STM32F0xx_HAL_Driver/Src/stm32f0xx_hal_uart.c **** 
3174:Drivers/STM32F0xx_HAL_Driver/Src/stm32f0xx_hal_uart.c ****   /* if required, configure TX pin active level inversion */
3175:Drivers/STM32F0xx_HAL_Driver/Src/stm32f0xx_hal_uart.c ****   if (HAL_IS_BIT_SET(huart->AdvancedInit.AdvFeatureInit, UART_ADVFEATURE_TXINVERT_INIT))
3176:Drivers/STM32F0xx_HAL_Driver/Src/stm32f0xx_hal_uart.c ****   {
3177:Drivers/STM32F0xx_HAL_Driver/Src/stm32f0xx_hal_uart.c ****     assert_param(IS_UART_ADVFEATURE_TXINV(huart->AdvancedInit.TxPinLevelInvert));
3178:Drivers/STM32F0xx_HAL_Driver/Src/stm32f0xx_hal_uart.c ****     MODIFY_REG(huart->Instance->CR2, USART_CR2_TXINV, huart->AdvancedInit.TxPinLevelInvert);
3179:Drivers/STM32F0xx_HAL_Driver/Src/stm32f0xx_hal_uart.c ****   }
3180:Drivers/STM32F0xx_HAL_Driver/Src/stm32f0xx_hal_uart.c **** 
3181:Drivers/STM32F0xx_HAL_Driver/Src/stm32f0xx_hal_uart.c ****   /* if required, configure RX pin active level inversion */
3182:Drivers/STM32F0xx_HAL_Driver/Src/stm32f0xx_hal_uart.c ****   if (HAL_IS_BIT_SET(huart->AdvancedInit.AdvFeatureInit, UART_ADVFEATURE_RXINVERT_INIT))
3183:Drivers/STM32F0xx_HAL_Driver/Src/stm32f0xx_hal_uart.c ****   {
3184:Drivers/STM32F0xx_HAL_Driver/Src/stm32f0xx_hal_uart.c ****     assert_param(IS_UART_ADVFEATURE_RXINV(huart->AdvancedInit.RxPinLevelInvert));
3185:Drivers/STM32F0xx_HAL_Driver/Src/stm32f0xx_hal_uart.c ****     MODIFY_REG(huart->Instance->CR2, USART_CR2_RXINV, huart->AdvancedInit.RxPinLevelInvert);
3186:Drivers/STM32F0xx_HAL_Driver/Src/stm32f0xx_hal_uart.c ****   }
3187:Drivers/STM32F0xx_HAL_Driver/Src/stm32f0xx_hal_uart.c **** 
3188:Drivers/STM32F0xx_HAL_Driver/Src/stm32f0xx_hal_uart.c ****   /* if required, configure data inversion */
3189:Drivers/STM32F0xx_HAL_Driver/Src/stm32f0xx_hal_uart.c ****   if (HAL_IS_BIT_SET(huart->AdvancedInit.AdvFeatureInit, UART_ADVFEATURE_DATAINVERT_INIT))
3190:Drivers/STM32F0xx_HAL_Driver/Src/stm32f0xx_hal_uart.c ****   {
3191:Drivers/STM32F0xx_HAL_Driver/Src/stm32f0xx_hal_uart.c ****     assert_param(IS_UART_ADVFEATURE_DATAINV(huart->AdvancedInit.DataInvert));
3192:Drivers/STM32F0xx_HAL_Driver/Src/stm32f0xx_hal_uart.c ****     MODIFY_REG(huart->Instance->CR2, USART_CR2_DATAINV, huart->AdvancedInit.DataInvert);
3193:Drivers/STM32F0xx_HAL_Driver/Src/stm32f0xx_hal_uart.c ****   }
3194:Drivers/STM32F0xx_HAL_Driver/Src/stm32f0xx_hal_uart.c **** 
3195:Drivers/STM32F0xx_HAL_Driver/Src/stm32f0xx_hal_uart.c ****   /* if required, configure RX/TX pins swap */
3196:Drivers/STM32F0xx_HAL_Driver/Src/stm32f0xx_hal_uart.c ****   if (HAL_IS_BIT_SET(huart->AdvancedInit.AdvFeatureInit, UART_ADVFEATURE_SWAP_INIT))
3197:Drivers/STM32F0xx_HAL_Driver/Src/stm32f0xx_hal_uart.c ****   {
3198:Drivers/STM32F0xx_HAL_Driver/Src/stm32f0xx_hal_uart.c ****     assert_param(IS_UART_ADVFEATURE_SWAP(huart->AdvancedInit.Swap));
3199:Drivers/STM32F0xx_HAL_Driver/Src/stm32f0xx_hal_uart.c ****     MODIFY_REG(huart->Instance->CR2, USART_CR2_SWAP, huart->AdvancedInit.Swap);
3200:Drivers/STM32F0xx_HAL_Driver/Src/stm32f0xx_hal_uart.c ****   }
3201:Drivers/STM32F0xx_HAL_Driver/Src/stm32f0xx_hal_uart.c **** 
3202:Drivers/STM32F0xx_HAL_Driver/Src/stm32f0xx_hal_uart.c ****   /* if required, configure RX overrun detection disabling */
3203:Drivers/STM32F0xx_HAL_Driver/Src/stm32f0xx_hal_uart.c ****   if (HAL_IS_BIT_SET(huart->AdvancedInit.AdvFeatureInit, UART_ADVFEATURE_RXOVERRUNDISABLE_INIT))
3204:Drivers/STM32F0xx_HAL_Driver/Src/stm32f0xx_hal_uart.c ****   {
3205:Drivers/STM32F0xx_HAL_Driver/Src/stm32f0xx_hal_uart.c ****     assert_param(IS_UART_OVERRUN(huart->AdvancedInit.OverrunDisable));
3206:Drivers/STM32F0xx_HAL_Driver/Src/stm32f0xx_hal_uart.c ****     MODIFY_REG(huart->Instance->CR3, USART_CR3_OVRDIS, huart->AdvancedInit.OverrunDisable);
3207:Drivers/STM32F0xx_HAL_Driver/Src/stm32f0xx_hal_uart.c ****   }
3208:Drivers/STM32F0xx_HAL_Driver/Src/stm32f0xx_hal_uart.c **** 
3209:Drivers/STM32F0xx_HAL_Driver/Src/stm32f0xx_hal_uart.c ****   /* if required, configure DMA disabling on reception error */
3210:Drivers/STM32F0xx_HAL_Driver/Src/stm32f0xx_hal_uart.c ****   if (HAL_IS_BIT_SET(huart->AdvancedInit.AdvFeatureInit, UART_ADVFEATURE_DMADISABLEONERROR_INIT))
3211:Drivers/STM32F0xx_HAL_Driver/Src/stm32f0xx_hal_uart.c ****   {
3212:Drivers/STM32F0xx_HAL_Driver/Src/stm32f0xx_hal_uart.c ****     assert_param(IS_UART_ADVFEATURE_DMAONRXERROR(huart->AdvancedInit.DMADisableonRxError));
3213:Drivers/STM32F0xx_HAL_Driver/Src/stm32f0xx_hal_uart.c ****     MODIFY_REG(huart->Instance->CR3, USART_CR3_DDRE, huart->AdvancedInit.DMADisableonRxError);
3214:Drivers/STM32F0xx_HAL_Driver/Src/stm32f0xx_hal_uart.c ****   }
3215:Drivers/STM32F0xx_HAL_Driver/Src/stm32f0xx_hal_uart.c **** 
3216:Drivers/STM32F0xx_HAL_Driver/Src/stm32f0xx_hal_uart.c ****   /* if required, configure auto Baud rate detection scheme */
3217:Drivers/STM32F0xx_HAL_Driver/Src/stm32f0xx_hal_uart.c ****   if (HAL_IS_BIT_SET(huart->AdvancedInit.AdvFeatureInit, UART_ADVFEATURE_AUTOBAUDRATE_INIT))
3218:Drivers/STM32F0xx_HAL_Driver/Src/stm32f0xx_hal_uart.c ****   {
3219:Drivers/STM32F0xx_HAL_Driver/Src/stm32f0xx_hal_uart.c ****     assert_param(IS_USART_AUTOBAUDRATE_DETECTION_INSTANCE(huart->Instance));
3220:Drivers/STM32F0xx_HAL_Driver/Src/stm32f0xx_hal_uart.c ****     assert_param(IS_UART_ADVFEATURE_AUTOBAUDRATE(huart->AdvancedInit.AutoBaudRateEnable));
3221:Drivers/STM32F0xx_HAL_Driver/Src/stm32f0xx_hal_uart.c ****     MODIFY_REG(huart->Instance->CR2, USART_CR2_ABREN, huart->AdvancedInit.AutoBaudRateEnable);
3222:Drivers/STM32F0xx_HAL_Driver/Src/stm32f0xx_hal_uart.c ****     /* set auto Baudrate detection parameters if detection is enabled */
3223:Drivers/STM32F0xx_HAL_Driver/Src/stm32f0xx_hal_uart.c ****     if (huart->AdvancedInit.AutoBaudRateEnable == UART_ADVFEATURE_AUTOBAUDRATE_ENABLE)
3224:Drivers/STM32F0xx_HAL_Driver/Src/stm32f0xx_hal_uart.c ****     {
ARM GAS  C:\Users\MINIGU~1\AppData\Local\Temp\cc3PAC1x.s 			page 58


3225:Drivers/STM32F0xx_HAL_Driver/Src/stm32f0xx_hal_uart.c ****       assert_param(IS_UART_ADVFEATURE_AUTOBAUDRATEMODE(huart->AdvancedInit.AutoBaudRateMode));
3226:Drivers/STM32F0xx_HAL_Driver/Src/stm32f0xx_hal_uart.c ****       MODIFY_REG(huart->Instance->CR2, USART_CR2_ABRMODE, huart->AdvancedInit.AutoBaudRateMode);
3227:Drivers/STM32F0xx_HAL_Driver/Src/stm32f0xx_hal_uart.c ****     }
3228:Drivers/STM32F0xx_HAL_Driver/Src/stm32f0xx_hal_uart.c ****   }
3229:Drivers/STM32F0xx_HAL_Driver/Src/stm32f0xx_hal_uart.c **** 
3230:Drivers/STM32F0xx_HAL_Driver/Src/stm32f0xx_hal_uart.c ****   /* if required, configure MSB first on communication line */
3231:Drivers/STM32F0xx_HAL_Driver/Src/stm32f0xx_hal_uart.c ****   if (HAL_IS_BIT_SET(huart->AdvancedInit.AdvFeatureInit, UART_ADVFEATURE_MSBFIRST_INIT))
3232:Drivers/STM32F0xx_HAL_Driver/Src/stm32f0xx_hal_uart.c ****   {
3233:Drivers/STM32F0xx_HAL_Driver/Src/stm32f0xx_hal_uart.c ****     assert_param(IS_UART_ADVFEATURE_MSBFIRST(huart->AdvancedInit.MSBFirst));
3234:Drivers/STM32F0xx_HAL_Driver/Src/stm32f0xx_hal_uart.c ****     MODIFY_REG(huart->Instance->CR2, USART_CR2_MSBFIRST, huart->AdvancedInit.MSBFirst);
3235:Drivers/STM32F0xx_HAL_Driver/Src/stm32f0xx_hal_uart.c ****   }
3236:Drivers/STM32F0xx_HAL_Driver/Src/stm32f0xx_hal_uart.c **** }
3237:Drivers/STM32F0xx_HAL_Driver/Src/stm32f0xx_hal_uart.c **** 
3238:Drivers/STM32F0xx_HAL_Driver/Src/stm32f0xx_hal_uart.c **** /**
3239:Drivers/STM32F0xx_HAL_Driver/Src/stm32f0xx_hal_uart.c ****   * @brief Check the UART Idle State.
3240:Drivers/STM32F0xx_HAL_Driver/Src/stm32f0xx_hal_uart.c ****   * @param huart UART handle.
3241:Drivers/STM32F0xx_HAL_Driver/Src/stm32f0xx_hal_uart.c ****   * @retval HAL status
3242:Drivers/STM32F0xx_HAL_Driver/Src/stm32f0xx_hal_uart.c ****   */
3243:Drivers/STM32F0xx_HAL_Driver/Src/stm32f0xx_hal_uart.c **** HAL_StatusTypeDef UART_CheckIdleState(UART_HandleTypeDef *huart)
3244:Drivers/STM32F0xx_HAL_Driver/Src/stm32f0xx_hal_uart.c **** {
3245:Drivers/STM32F0xx_HAL_Driver/Src/stm32f0xx_hal_uart.c ****   uint32_t tickstart;
3246:Drivers/STM32F0xx_HAL_Driver/Src/stm32f0xx_hal_uart.c **** 
3247:Drivers/STM32F0xx_HAL_Driver/Src/stm32f0xx_hal_uart.c ****   /* Initialize the UART ErrorCode */
3248:Drivers/STM32F0xx_HAL_Driver/Src/stm32f0xx_hal_uart.c ****   huart->ErrorCode = HAL_UART_ERROR_NONE;
3249:Drivers/STM32F0xx_HAL_Driver/Src/stm32f0xx_hal_uart.c **** 
3250:Drivers/STM32F0xx_HAL_Driver/Src/stm32f0xx_hal_uart.c ****   /* Init tickstart for timeout management */
3251:Drivers/STM32F0xx_HAL_Driver/Src/stm32f0xx_hal_uart.c ****   tickstart = HAL_GetTick();
3252:Drivers/STM32F0xx_HAL_Driver/Src/stm32f0xx_hal_uart.c **** 
3253:Drivers/STM32F0xx_HAL_Driver/Src/stm32f0xx_hal_uart.c ****   /* Check if the Transmitter is enabled */
3254:Drivers/STM32F0xx_HAL_Driver/Src/stm32f0xx_hal_uart.c ****   if ((huart->Instance->CR1 & USART_CR1_TE) == USART_CR1_TE)
3255:Drivers/STM32F0xx_HAL_Driver/Src/stm32f0xx_hal_uart.c ****   {
3256:Drivers/STM32F0xx_HAL_Driver/Src/stm32f0xx_hal_uart.c ****     /* Wait until TEACK flag is set */
3257:Drivers/STM32F0xx_HAL_Driver/Src/stm32f0xx_hal_uart.c ****     if (UART_WaitOnFlagUntilTimeout(huart, USART_ISR_TEACK, RESET, tickstart, HAL_UART_TIMEOUT_VALU
3258:Drivers/STM32F0xx_HAL_Driver/Src/stm32f0xx_hal_uart.c ****     {
3259:Drivers/STM32F0xx_HAL_Driver/Src/stm32f0xx_hal_uart.c ****       /* Timeout occurred */
3260:Drivers/STM32F0xx_HAL_Driver/Src/stm32f0xx_hal_uart.c ****       return HAL_TIMEOUT;
3261:Drivers/STM32F0xx_HAL_Driver/Src/stm32f0xx_hal_uart.c ****     }
3262:Drivers/STM32F0xx_HAL_Driver/Src/stm32f0xx_hal_uart.c ****   }
3263:Drivers/STM32F0xx_HAL_Driver/Src/stm32f0xx_hal_uart.c **** 
3264:Drivers/STM32F0xx_HAL_Driver/Src/stm32f0xx_hal_uart.c ****   /* Check if the Receiver is enabled */
3265:Drivers/STM32F0xx_HAL_Driver/Src/stm32f0xx_hal_uart.c ****   if ((huart->Instance->CR1 & USART_CR1_RE) == USART_CR1_RE)
3266:Drivers/STM32F0xx_HAL_Driver/Src/stm32f0xx_hal_uart.c ****   {
3267:Drivers/STM32F0xx_HAL_Driver/Src/stm32f0xx_hal_uart.c ****     /* Wait until REACK flag is set */
3268:Drivers/STM32F0xx_HAL_Driver/Src/stm32f0xx_hal_uart.c ****     if (UART_WaitOnFlagUntilTimeout(huart, USART_ISR_REACK, RESET, tickstart, HAL_UART_TIMEOUT_VALU
3269:Drivers/STM32F0xx_HAL_Driver/Src/stm32f0xx_hal_uart.c ****     {
3270:Drivers/STM32F0xx_HAL_Driver/Src/stm32f0xx_hal_uart.c ****       /* Timeout occurred */
3271:Drivers/STM32F0xx_HAL_Driver/Src/stm32f0xx_hal_uart.c ****       return HAL_TIMEOUT;
3272:Drivers/STM32F0xx_HAL_Driver/Src/stm32f0xx_hal_uart.c ****     }
3273:Drivers/STM32F0xx_HAL_Driver/Src/stm32f0xx_hal_uart.c ****   }
3274:Drivers/STM32F0xx_HAL_Driver/Src/stm32f0xx_hal_uart.c **** 
3275:Drivers/STM32F0xx_HAL_Driver/Src/stm32f0xx_hal_uart.c ****   /* Initialize the UART State */
3276:Drivers/STM32F0xx_HAL_Driver/Src/stm32f0xx_hal_uart.c ****   huart->gState = HAL_UART_STATE_READY;
3277:Drivers/STM32F0xx_HAL_Driver/Src/stm32f0xx_hal_uart.c ****   huart->RxState = HAL_UART_STATE_READY;
3278:Drivers/STM32F0xx_HAL_Driver/Src/stm32f0xx_hal_uart.c ****   huart->ReceptionType = HAL_UART_RECEPTION_STANDARD;
3279:Drivers/STM32F0xx_HAL_Driver/Src/stm32f0xx_hal_uart.c **** 
3280:Drivers/STM32F0xx_HAL_Driver/Src/stm32f0xx_hal_uart.c ****   __HAL_UNLOCK(huart);
3281:Drivers/STM32F0xx_HAL_Driver/Src/stm32f0xx_hal_uart.c **** 
ARM GAS  C:\Users\MINIGU~1\AppData\Local\Temp\cc3PAC1x.s 			page 59


3282:Drivers/STM32F0xx_HAL_Driver/Src/stm32f0xx_hal_uart.c ****   return HAL_OK;
3283:Drivers/STM32F0xx_HAL_Driver/Src/stm32f0xx_hal_uart.c **** }
3284:Drivers/STM32F0xx_HAL_Driver/Src/stm32f0xx_hal_uart.c **** 
3285:Drivers/STM32F0xx_HAL_Driver/Src/stm32f0xx_hal_uart.c **** /**
3286:Drivers/STM32F0xx_HAL_Driver/Src/stm32f0xx_hal_uart.c ****   * @brief  Handle UART Communication Timeout.
3287:Drivers/STM32F0xx_HAL_Driver/Src/stm32f0xx_hal_uart.c ****   * @param huart     UART handle.
3288:Drivers/STM32F0xx_HAL_Driver/Src/stm32f0xx_hal_uart.c ****   * @param Flag      Specifies the UART flag to check
3289:Drivers/STM32F0xx_HAL_Driver/Src/stm32f0xx_hal_uart.c ****   * @param Status    Flag status (SET or RESET)
3290:Drivers/STM32F0xx_HAL_Driver/Src/stm32f0xx_hal_uart.c ****   * @param Tickstart Tick start value
3291:Drivers/STM32F0xx_HAL_Driver/Src/stm32f0xx_hal_uart.c ****   * @param Timeout   Timeout duration
3292:Drivers/STM32F0xx_HAL_Driver/Src/stm32f0xx_hal_uart.c ****   * @retval HAL status
3293:Drivers/STM32F0xx_HAL_Driver/Src/stm32f0xx_hal_uart.c ****   */
3294:Drivers/STM32F0xx_HAL_Driver/Src/stm32f0xx_hal_uart.c **** HAL_StatusTypeDef UART_WaitOnFlagUntilTimeout(UART_HandleTypeDef *huart, uint32_t Flag, FlagStatus 
3295:Drivers/STM32F0xx_HAL_Driver/Src/stm32f0xx_hal_uart.c ****                                               uint32_t Tickstart, uint32_t Timeout)
3296:Drivers/STM32F0xx_HAL_Driver/Src/stm32f0xx_hal_uart.c **** {
3297:Drivers/STM32F0xx_HAL_Driver/Src/stm32f0xx_hal_uart.c ****   /* Wait until flag is set */
3298:Drivers/STM32F0xx_HAL_Driver/Src/stm32f0xx_hal_uart.c ****   while ((__HAL_UART_GET_FLAG(huart, Flag) ? SET : RESET) == Status)
3299:Drivers/STM32F0xx_HAL_Driver/Src/stm32f0xx_hal_uart.c ****   {
3300:Drivers/STM32F0xx_HAL_Driver/Src/stm32f0xx_hal_uart.c ****     /* Check for the Timeout */
3301:Drivers/STM32F0xx_HAL_Driver/Src/stm32f0xx_hal_uart.c ****     if (Timeout != HAL_MAX_DELAY)
3302:Drivers/STM32F0xx_HAL_Driver/Src/stm32f0xx_hal_uart.c ****     {
3303:Drivers/STM32F0xx_HAL_Driver/Src/stm32f0xx_hal_uart.c ****       if (((HAL_GetTick() - Tickstart) > Timeout) || (Timeout == 0U))
3304:Drivers/STM32F0xx_HAL_Driver/Src/stm32f0xx_hal_uart.c ****       {
3305:Drivers/STM32F0xx_HAL_Driver/Src/stm32f0xx_hal_uart.c ****         /* Disable TXE, RXNE, PE and ERR (Frame error, noise error, overrun error)
3306:Drivers/STM32F0xx_HAL_Driver/Src/stm32f0xx_hal_uart.c ****            interrupts for the interrupt process */
3307:Drivers/STM32F0xx_HAL_Driver/Src/stm32f0xx_hal_uart.c ****         CLEAR_BIT(huart->Instance->CR1, (USART_CR1_RXNEIE | USART_CR1_PEIE | USART_CR1_TXEIE));
3308:Drivers/STM32F0xx_HAL_Driver/Src/stm32f0xx_hal_uart.c ****         CLEAR_BIT(huart->Instance->CR3, USART_CR3_EIE);
3309:Drivers/STM32F0xx_HAL_Driver/Src/stm32f0xx_hal_uart.c **** 
3310:Drivers/STM32F0xx_HAL_Driver/Src/stm32f0xx_hal_uart.c ****         huart->gState = HAL_UART_STATE_READY;
3311:Drivers/STM32F0xx_HAL_Driver/Src/stm32f0xx_hal_uart.c ****         huart->RxState = HAL_UART_STATE_READY;
3312:Drivers/STM32F0xx_HAL_Driver/Src/stm32f0xx_hal_uart.c **** 
3313:Drivers/STM32F0xx_HAL_Driver/Src/stm32f0xx_hal_uart.c ****         __HAL_UNLOCK(huart);
3314:Drivers/STM32F0xx_HAL_Driver/Src/stm32f0xx_hal_uart.c **** 
3315:Drivers/STM32F0xx_HAL_Driver/Src/stm32f0xx_hal_uart.c ****         return HAL_TIMEOUT;
3316:Drivers/STM32F0xx_HAL_Driver/Src/stm32f0xx_hal_uart.c ****       }
3317:Drivers/STM32F0xx_HAL_Driver/Src/stm32f0xx_hal_uart.c **** 
3318:Drivers/STM32F0xx_HAL_Driver/Src/stm32f0xx_hal_uart.c ****       if (READ_BIT(huart->Instance->CR1, USART_CR1_RE) != 0U)
3319:Drivers/STM32F0xx_HAL_Driver/Src/stm32f0xx_hal_uart.c ****       {
3320:Drivers/STM32F0xx_HAL_Driver/Src/stm32f0xx_hal_uart.c ****         if (__HAL_UART_GET_FLAG(huart, UART_FLAG_RTOF) == SET)
3321:Drivers/STM32F0xx_HAL_Driver/Src/stm32f0xx_hal_uart.c ****         {
3322:Drivers/STM32F0xx_HAL_Driver/Src/stm32f0xx_hal_uart.c ****           /* Clear Receiver Timeout flag*/
3323:Drivers/STM32F0xx_HAL_Driver/Src/stm32f0xx_hal_uart.c ****           __HAL_UART_CLEAR_FLAG(huart, UART_CLEAR_RTOF);
3324:Drivers/STM32F0xx_HAL_Driver/Src/stm32f0xx_hal_uart.c **** 
3325:Drivers/STM32F0xx_HAL_Driver/Src/stm32f0xx_hal_uart.c ****           /* Disable TXE, RXNE, PE and ERR (Frame error, noise error, overrun error)
3326:Drivers/STM32F0xx_HAL_Driver/Src/stm32f0xx_hal_uart.c ****              interrupts for the interrupt process */
3327:Drivers/STM32F0xx_HAL_Driver/Src/stm32f0xx_hal_uart.c ****           CLEAR_BIT(huart->Instance->CR1, (USART_CR1_RXNEIE | USART_CR1_PEIE | USART_CR1_TXEIE));
3328:Drivers/STM32F0xx_HAL_Driver/Src/stm32f0xx_hal_uart.c ****           CLEAR_BIT(huart->Instance->CR3, USART_CR3_EIE);
3329:Drivers/STM32F0xx_HAL_Driver/Src/stm32f0xx_hal_uart.c **** 
3330:Drivers/STM32F0xx_HAL_Driver/Src/stm32f0xx_hal_uart.c ****           huart->gState = HAL_UART_STATE_READY;
3331:Drivers/STM32F0xx_HAL_Driver/Src/stm32f0xx_hal_uart.c ****           huart->RxState = HAL_UART_STATE_READY;
3332:Drivers/STM32F0xx_HAL_Driver/Src/stm32f0xx_hal_uart.c ****           huart->ErrorCode = HAL_UART_ERROR_RTO;
3333:Drivers/STM32F0xx_HAL_Driver/Src/stm32f0xx_hal_uart.c **** 
3334:Drivers/STM32F0xx_HAL_Driver/Src/stm32f0xx_hal_uart.c ****           /* Process Unlocked */
3335:Drivers/STM32F0xx_HAL_Driver/Src/stm32f0xx_hal_uart.c ****           __HAL_UNLOCK(huart);
3336:Drivers/STM32F0xx_HAL_Driver/Src/stm32f0xx_hal_uart.c **** 
3337:Drivers/STM32F0xx_HAL_Driver/Src/stm32f0xx_hal_uart.c ****           return HAL_TIMEOUT;
3338:Drivers/STM32F0xx_HAL_Driver/Src/stm32f0xx_hal_uart.c ****         }
ARM GAS  C:\Users\MINIGU~1\AppData\Local\Temp\cc3PAC1x.s 			page 60


3339:Drivers/STM32F0xx_HAL_Driver/Src/stm32f0xx_hal_uart.c ****       }
3340:Drivers/STM32F0xx_HAL_Driver/Src/stm32f0xx_hal_uart.c ****     }
3341:Drivers/STM32F0xx_HAL_Driver/Src/stm32f0xx_hal_uart.c ****   }
3342:Drivers/STM32F0xx_HAL_Driver/Src/stm32f0xx_hal_uart.c ****   return HAL_OK;
3343:Drivers/STM32F0xx_HAL_Driver/Src/stm32f0xx_hal_uart.c **** }
3344:Drivers/STM32F0xx_HAL_Driver/Src/stm32f0xx_hal_uart.c **** 
3345:Drivers/STM32F0xx_HAL_Driver/Src/stm32f0xx_hal_uart.c **** /**
3346:Drivers/STM32F0xx_HAL_Driver/Src/stm32f0xx_hal_uart.c ****   * @brief  Start Receive operation in interrupt mode.
3347:Drivers/STM32F0xx_HAL_Driver/Src/stm32f0xx_hal_uart.c ****   * @note   This function could be called by all HAL UART API providing reception in Interrupt mode
3348:Drivers/STM32F0xx_HAL_Driver/Src/stm32f0xx_hal_uart.c ****   * @note   When calling this function, parameters validity is considered as already checked,
3349:Drivers/STM32F0xx_HAL_Driver/Src/stm32f0xx_hal_uart.c ****   *         i.e. Rx State, buffer address, ...
3350:Drivers/STM32F0xx_HAL_Driver/Src/stm32f0xx_hal_uart.c ****   *         UART Handle is assumed as Locked.
3351:Drivers/STM32F0xx_HAL_Driver/Src/stm32f0xx_hal_uart.c ****   * @param  huart UART handle.
3352:Drivers/STM32F0xx_HAL_Driver/Src/stm32f0xx_hal_uart.c ****   * @param  pData Pointer to data buffer (u8 or u16 data elements).
3353:Drivers/STM32F0xx_HAL_Driver/Src/stm32f0xx_hal_uart.c ****   * @param  Size  Amount of data elements (u8 or u16) to be received.
3354:Drivers/STM32F0xx_HAL_Driver/Src/stm32f0xx_hal_uart.c ****   * @retval HAL status
3355:Drivers/STM32F0xx_HAL_Driver/Src/stm32f0xx_hal_uart.c ****   */
3356:Drivers/STM32F0xx_HAL_Driver/Src/stm32f0xx_hal_uart.c **** HAL_StatusTypeDef UART_Start_Receive_IT(UART_HandleTypeDef *huart, uint8_t *pData, uint16_t Size)
3357:Drivers/STM32F0xx_HAL_Driver/Src/stm32f0xx_hal_uart.c **** {
3358:Drivers/STM32F0xx_HAL_Driver/Src/stm32f0xx_hal_uart.c ****   huart->pRxBuffPtr  = pData;
3359:Drivers/STM32F0xx_HAL_Driver/Src/stm32f0xx_hal_uart.c ****   huart->RxXferSize  = Size;
3360:Drivers/STM32F0xx_HAL_Driver/Src/stm32f0xx_hal_uart.c ****   huart->RxXferCount = Size;
3361:Drivers/STM32F0xx_HAL_Driver/Src/stm32f0xx_hal_uart.c ****   huart->RxISR       = NULL;
3362:Drivers/STM32F0xx_HAL_Driver/Src/stm32f0xx_hal_uart.c **** 
3363:Drivers/STM32F0xx_HAL_Driver/Src/stm32f0xx_hal_uart.c ****   /* Computation of UART mask to apply to RDR register */
3364:Drivers/STM32F0xx_HAL_Driver/Src/stm32f0xx_hal_uart.c ****   UART_MASK_COMPUTATION(huart);
3365:Drivers/STM32F0xx_HAL_Driver/Src/stm32f0xx_hal_uart.c **** 
3366:Drivers/STM32F0xx_HAL_Driver/Src/stm32f0xx_hal_uart.c ****   huart->ErrorCode = HAL_UART_ERROR_NONE;
3367:Drivers/STM32F0xx_HAL_Driver/Src/stm32f0xx_hal_uart.c ****   huart->RxState = HAL_UART_STATE_BUSY_RX;
3368:Drivers/STM32F0xx_HAL_Driver/Src/stm32f0xx_hal_uart.c **** 
3369:Drivers/STM32F0xx_HAL_Driver/Src/stm32f0xx_hal_uart.c ****   /* Enable the UART Error Interrupt: (Frame error, noise error, overrun error) */
3370:Drivers/STM32F0xx_HAL_Driver/Src/stm32f0xx_hal_uart.c ****   SET_BIT(huart->Instance->CR3, USART_CR3_EIE);
3371:Drivers/STM32F0xx_HAL_Driver/Src/stm32f0xx_hal_uart.c **** 
3372:Drivers/STM32F0xx_HAL_Driver/Src/stm32f0xx_hal_uart.c ****   /* Set the Rx ISR function pointer according to the data word length */
3373:Drivers/STM32F0xx_HAL_Driver/Src/stm32f0xx_hal_uart.c ****   if ((huart->Init.WordLength == UART_WORDLENGTH_9B) && (huart->Init.Parity == UART_PARITY_NONE))
3374:Drivers/STM32F0xx_HAL_Driver/Src/stm32f0xx_hal_uart.c ****   {
3375:Drivers/STM32F0xx_HAL_Driver/Src/stm32f0xx_hal_uart.c ****     huart->RxISR = UART_RxISR_16BIT;
3376:Drivers/STM32F0xx_HAL_Driver/Src/stm32f0xx_hal_uart.c ****   }
3377:Drivers/STM32F0xx_HAL_Driver/Src/stm32f0xx_hal_uart.c ****   else
3378:Drivers/STM32F0xx_HAL_Driver/Src/stm32f0xx_hal_uart.c ****   {
3379:Drivers/STM32F0xx_HAL_Driver/Src/stm32f0xx_hal_uart.c ****     huart->RxISR = UART_RxISR_8BIT;
3380:Drivers/STM32F0xx_HAL_Driver/Src/stm32f0xx_hal_uart.c ****   }
3381:Drivers/STM32F0xx_HAL_Driver/Src/stm32f0xx_hal_uart.c **** 
3382:Drivers/STM32F0xx_HAL_Driver/Src/stm32f0xx_hal_uart.c ****   __HAL_UNLOCK(huart);
3383:Drivers/STM32F0xx_HAL_Driver/Src/stm32f0xx_hal_uart.c **** 
3384:Drivers/STM32F0xx_HAL_Driver/Src/stm32f0xx_hal_uart.c ****   /* Enable the UART Parity Error interrupt and Data Register Not Empty interrupt */
3385:Drivers/STM32F0xx_HAL_Driver/Src/stm32f0xx_hal_uart.c ****   SET_BIT(huart->Instance->CR1, USART_CR1_PEIE | USART_CR1_RXNEIE);
3386:Drivers/STM32F0xx_HAL_Driver/Src/stm32f0xx_hal_uart.c ****   return HAL_OK;
3387:Drivers/STM32F0xx_HAL_Driver/Src/stm32f0xx_hal_uart.c **** }
3388:Drivers/STM32F0xx_HAL_Driver/Src/stm32f0xx_hal_uart.c **** 
3389:Drivers/STM32F0xx_HAL_Driver/Src/stm32f0xx_hal_uart.c **** /**
3390:Drivers/STM32F0xx_HAL_Driver/Src/stm32f0xx_hal_uart.c ****   * @brief  Start Receive operation in DMA mode.
3391:Drivers/STM32F0xx_HAL_Driver/Src/stm32f0xx_hal_uart.c ****   * @note   This function could be called by all HAL UART API providing reception in DMA mode.
3392:Drivers/STM32F0xx_HAL_Driver/Src/stm32f0xx_hal_uart.c ****   * @note   When calling this function, parameters validity is considered as already checked,
3393:Drivers/STM32F0xx_HAL_Driver/Src/stm32f0xx_hal_uart.c ****   *         i.e. Rx State, buffer address, ...
3394:Drivers/STM32F0xx_HAL_Driver/Src/stm32f0xx_hal_uart.c ****   *         UART Handle is assumed as Locked.
3395:Drivers/STM32F0xx_HAL_Driver/Src/stm32f0xx_hal_uart.c ****   * @param  huart UART handle.
ARM GAS  C:\Users\MINIGU~1\AppData\Local\Temp\cc3PAC1x.s 			page 61


3396:Drivers/STM32F0xx_HAL_Driver/Src/stm32f0xx_hal_uart.c ****   * @param  pData Pointer to data buffer (u8 or u16 data elements).
3397:Drivers/STM32F0xx_HAL_Driver/Src/stm32f0xx_hal_uart.c ****   * @param  Size  Amount of data elements (u8 or u16) to be received.
3398:Drivers/STM32F0xx_HAL_Driver/Src/stm32f0xx_hal_uart.c ****   * @retval HAL status
3399:Drivers/STM32F0xx_HAL_Driver/Src/stm32f0xx_hal_uart.c ****   */
3400:Drivers/STM32F0xx_HAL_Driver/Src/stm32f0xx_hal_uart.c **** HAL_StatusTypeDef UART_Start_Receive_DMA(UART_HandleTypeDef *huart, uint8_t *pData, uint16_t Size)
3401:Drivers/STM32F0xx_HAL_Driver/Src/stm32f0xx_hal_uart.c **** {
3402:Drivers/STM32F0xx_HAL_Driver/Src/stm32f0xx_hal_uart.c ****   huart->pRxBuffPtr = pData;
3403:Drivers/STM32F0xx_HAL_Driver/Src/stm32f0xx_hal_uart.c ****   huart->RxXferSize = Size;
3404:Drivers/STM32F0xx_HAL_Driver/Src/stm32f0xx_hal_uart.c **** 
3405:Drivers/STM32F0xx_HAL_Driver/Src/stm32f0xx_hal_uart.c ****   huart->ErrorCode = HAL_UART_ERROR_NONE;
3406:Drivers/STM32F0xx_HAL_Driver/Src/stm32f0xx_hal_uart.c ****   huart->RxState = HAL_UART_STATE_BUSY_RX;
3407:Drivers/STM32F0xx_HAL_Driver/Src/stm32f0xx_hal_uart.c **** 
3408:Drivers/STM32F0xx_HAL_Driver/Src/stm32f0xx_hal_uart.c ****   if (huart->hdmarx != NULL)
3409:Drivers/STM32F0xx_HAL_Driver/Src/stm32f0xx_hal_uart.c ****   {
3410:Drivers/STM32F0xx_HAL_Driver/Src/stm32f0xx_hal_uart.c ****     /* Set the UART DMA transfer complete callback */
3411:Drivers/STM32F0xx_HAL_Driver/Src/stm32f0xx_hal_uart.c ****     huart->hdmarx->XferCpltCallback = UART_DMAReceiveCplt;
3412:Drivers/STM32F0xx_HAL_Driver/Src/stm32f0xx_hal_uart.c **** 
3413:Drivers/STM32F0xx_HAL_Driver/Src/stm32f0xx_hal_uart.c ****     /* Set the UART DMA Half transfer complete callback */
3414:Drivers/STM32F0xx_HAL_Driver/Src/stm32f0xx_hal_uart.c ****     huart->hdmarx->XferHalfCpltCallback = UART_DMARxHalfCplt;
3415:Drivers/STM32F0xx_HAL_Driver/Src/stm32f0xx_hal_uart.c **** 
3416:Drivers/STM32F0xx_HAL_Driver/Src/stm32f0xx_hal_uart.c ****     /* Set the DMA error callback */
3417:Drivers/STM32F0xx_HAL_Driver/Src/stm32f0xx_hal_uart.c ****     huart->hdmarx->XferErrorCallback = UART_DMAError;
3418:Drivers/STM32F0xx_HAL_Driver/Src/stm32f0xx_hal_uart.c **** 
3419:Drivers/STM32F0xx_HAL_Driver/Src/stm32f0xx_hal_uart.c ****     /* Set the DMA abort callback */
3420:Drivers/STM32F0xx_HAL_Driver/Src/stm32f0xx_hal_uart.c ****     huart->hdmarx->XferAbortCallback = NULL;
3421:Drivers/STM32F0xx_HAL_Driver/Src/stm32f0xx_hal_uart.c **** 
3422:Drivers/STM32F0xx_HAL_Driver/Src/stm32f0xx_hal_uart.c ****     /* Enable the DMA channel */
3423:Drivers/STM32F0xx_HAL_Driver/Src/stm32f0xx_hal_uart.c ****     if (HAL_DMA_Start_IT(huart->hdmarx, (uint32_t)&huart->Instance->RDR, (uint32_t)huart->pRxBuffPt
3424:Drivers/STM32F0xx_HAL_Driver/Src/stm32f0xx_hal_uart.c ****     {
3425:Drivers/STM32F0xx_HAL_Driver/Src/stm32f0xx_hal_uart.c ****       /* Set error code to DMA */
3426:Drivers/STM32F0xx_HAL_Driver/Src/stm32f0xx_hal_uart.c ****       huart->ErrorCode = HAL_UART_ERROR_DMA;
3427:Drivers/STM32F0xx_HAL_Driver/Src/stm32f0xx_hal_uart.c **** 
3428:Drivers/STM32F0xx_HAL_Driver/Src/stm32f0xx_hal_uart.c ****       __HAL_UNLOCK(huart);
3429:Drivers/STM32F0xx_HAL_Driver/Src/stm32f0xx_hal_uart.c **** 
3430:Drivers/STM32F0xx_HAL_Driver/Src/stm32f0xx_hal_uart.c ****       /* Restore huart->gState to ready */
3431:Drivers/STM32F0xx_HAL_Driver/Src/stm32f0xx_hal_uart.c ****       huart->gState = HAL_UART_STATE_READY;
3432:Drivers/STM32F0xx_HAL_Driver/Src/stm32f0xx_hal_uart.c **** 
3433:Drivers/STM32F0xx_HAL_Driver/Src/stm32f0xx_hal_uart.c ****       return HAL_ERROR;
3434:Drivers/STM32F0xx_HAL_Driver/Src/stm32f0xx_hal_uart.c ****     }
3435:Drivers/STM32F0xx_HAL_Driver/Src/stm32f0xx_hal_uart.c ****   }
3436:Drivers/STM32F0xx_HAL_Driver/Src/stm32f0xx_hal_uart.c ****   __HAL_UNLOCK(huart);
3437:Drivers/STM32F0xx_HAL_Driver/Src/stm32f0xx_hal_uart.c **** 
3438:Drivers/STM32F0xx_HAL_Driver/Src/stm32f0xx_hal_uart.c ****   /* Enable the UART Parity Error Interrupt */
3439:Drivers/STM32F0xx_HAL_Driver/Src/stm32f0xx_hal_uart.c ****   SET_BIT(huart->Instance->CR1, USART_CR1_PEIE);
3440:Drivers/STM32F0xx_HAL_Driver/Src/stm32f0xx_hal_uart.c **** 
3441:Drivers/STM32F0xx_HAL_Driver/Src/stm32f0xx_hal_uart.c ****   /* Enable the UART Error Interrupt: (Frame error, noise error, overrun error) */
3442:Drivers/STM32F0xx_HAL_Driver/Src/stm32f0xx_hal_uart.c ****   SET_BIT(huart->Instance->CR3, USART_CR3_EIE);
3443:Drivers/STM32F0xx_HAL_Driver/Src/stm32f0xx_hal_uart.c **** 
3444:Drivers/STM32F0xx_HAL_Driver/Src/stm32f0xx_hal_uart.c ****   /* Enable the DMA transfer for the receiver request by setting the DMAR bit
3445:Drivers/STM32F0xx_HAL_Driver/Src/stm32f0xx_hal_uart.c ****   in the UART CR3 register */
3446:Drivers/STM32F0xx_HAL_Driver/Src/stm32f0xx_hal_uart.c ****   SET_BIT(huart->Instance->CR3, USART_CR3_DMAR);
3447:Drivers/STM32F0xx_HAL_Driver/Src/stm32f0xx_hal_uart.c **** 
3448:Drivers/STM32F0xx_HAL_Driver/Src/stm32f0xx_hal_uart.c ****   return HAL_OK;
3449:Drivers/STM32F0xx_HAL_Driver/Src/stm32f0xx_hal_uart.c **** }
3450:Drivers/STM32F0xx_HAL_Driver/Src/stm32f0xx_hal_uart.c **** 
3451:Drivers/STM32F0xx_HAL_Driver/Src/stm32f0xx_hal_uart.c **** 
3452:Drivers/STM32F0xx_HAL_Driver/Src/stm32f0xx_hal_uart.c **** /**
ARM GAS  C:\Users\MINIGU~1\AppData\Local\Temp\cc3PAC1x.s 			page 62


3453:Drivers/STM32F0xx_HAL_Driver/Src/stm32f0xx_hal_uart.c ****   * @brief  End ongoing Tx transfer on UART peripheral (following error detection or Transmit compl
3454:Drivers/STM32F0xx_HAL_Driver/Src/stm32f0xx_hal_uart.c ****   * @param  huart UART handle.
3455:Drivers/STM32F0xx_HAL_Driver/Src/stm32f0xx_hal_uart.c ****   * @retval None
3456:Drivers/STM32F0xx_HAL_Driver/Src/stm32f0xx_hal_uart.c ****   */
3457:Drivers/STM32F0xx_HAL_Driver/Src/stm32f0xx_hal_uart.c **** static void UART_EndTxTransfer(UART_HandleTypeDef *huart)
3458:Drivers/STM32F0xx_HAL_Driver/Src/stm32f0xx_hal_uart.c **** {
  27              		.loc 1 3458 1 view -0
  28              		.cfi_startproc
  29              		@ args = 0, pretend = 0, frame = 0
  30              		@ frame_needed = 0, uses_anonymous_args = 0
  31              		@ link register save eliminated.
3459:Drivers/STM32F0xx_HAL_Driver/Src/stm32f0xx_hal_uart.c ****   /* Disable TXEIE and TCIE interrupts */
3460:Drivers/STM32F0xx_HAL_Driver/Src/stm32f0xx_hal_uart.c ****   CLEAR_BIT(huart->Instance->CR1, (USART_CR1_TXEIE | USART_CR1_TCIE));
  32              		.loc 1 3460 3 view .LVU1
  33 0000 0268     		ldr	r2, [r0]
  34 0002 1368     		ldr	r3, [r2]
  35 0004 C021     		movs	r1, #192
  36 0006 8B43     		bics	r3, r1
  37 0008 1360     		str	r3, [r2]
3461:Drivers/STM32F0xx_HAL_Driver/Src/stm32f0xx_hal_uart.c **** 
3462:Drivers/STM32F0xx_HAL_Driver/Src/stm32f0xx_hal_uart.c ****   /* At end of Tx process, restore huart->gState to Ready */
3463:Drivers/STM32F0xx_HAL_Driver/Src/stm32f0xx_hal_uart.c ****   huart->gState = HAL_UART_STATE_READY;
  38              		.loc 1 3463 3 view .LVU2
  39              		.loc 1 3463 17 is_stmt 0 view .LVU3
  40 000a 2023     		movs	r3, #32
  41 000c 8367     		str	r3, [r0, #120]
3464:Drivers/STM32F0xx_HAL_Driver/Src/stm32f0xx_hal_uart.c **** }
  42              		.loc 1 3464 1 view .LVU4
  43              		@ sp needed
  44 000e 7047     		bx	lr
  45              		.cfi_endproc
  46              	.LFE87:
  48              		.section	.text.UART_EndRxTransfer,"ax",%progbits
  49              		.align	1
  50              		.syntax unified
  51              		.code	16
  52              		.thumb_func
  53              		.fpu softvfp
  55              	UART_EndRxTransfer:
  56              	.LVL1:
  57              	.LFB88:
3465:Drivers/STM32F0xx_HAL_Driver/Src/stm32f0xx_hal_uart.c **** 
3466:Drivers/STM32F0xx_HAL_Driver/Src/stm32f0xx_hal_uart.c **** 
3467:Drivers/STM32F0xx_HAL_Driver/Src/stm32f0xx_hal_uart.c **** /**
3468:Drivers/STM32F0xx_HAL_Driver/Src/stm32f0xx_hal_uart.c ****   * @brief  End ongoing Rx transfer on UART peripheral (following error detection or Reception comp
3469:Drivers/STM32F0xx_HAL_Driver/Src/stm32f0xx_hal_uart.c ****   * @param  huart UART handle.
3470:Drivers/STM32F0xx_HAL_Driver/Src/stm32f0xx_hal_uart.c ****   * @retval None
3471:Drivers/STM32F0xx_HAL_Driver/Src/stm32f0xx_hal_uart.c ****   */
3472:Drivers/STM32F0xx_HAL_Driver/Src/stm32f0xx_hal_uart.c **** static void UART_EndRxTransfer(UART_HandleTypeDef *huart)
3473:Drivers/STM32F0xx_HAL_Driver/Src/stm32f0xx_hal_uart.c **** {
  58              		.loc 1 3473 1 is_stmt 1 view -0
  59              		.cfi_startproc
  60              		@ args = 0, pretend = 0, frame = 0
  61              		@ frame_needed = 0, uses_anonymous_args = 0
  62              		@ link register save eliminated.
3474:Drivers/STM32F0xx_HAL_Driver/Src/stm32f0xx_hal_uart.c ****   /* Disable RXNE, PE and ERR (Frame error, noise error, overrun error) interrupts */
3475:Drivers/STM32F0xx_HAL_Driver/Src/stm32f0xx_hal_uart.c ****   CLEAR_BIT(huart->Instance->CR1, (USART_CR1_RXNEIE | USART_CR1_PEIE));
ARM GAS  C:\Users\MINIGU~1\AppData\Local\Temp\cc3PAC1x.s 			page 63


  63              		.loc 1 3475 3 view .LVU6
  64 0000 0268     		ldr	r2, [r0]
  65 0002 1368     		ldr	r3, [r2]
  66 0004 0B49     		ldr	r1, .L5
  67 0006 0B40     		ands	r3, r1
  68 0008 1360     		str	r3, [r2]
3476:Drivers/STM32F0xx_HAL_Driver/Src/stm32f0xx_hal_uart.c ****   CLEAR_BIT(huart->Instance->CR3, USART_CR3_EIE);
  69              		.loc 1 3476 3 view .LVU7
  70 000a 0268     		ldr	r2, [r0]
  71 000c 9368     		ldr	r3, [r2, #8]
  72 000e 2331     		adds	r1, r1, #35
  73 0010 FF31     		adds	r1, r1, #255
  74 0012 8B43     		bics	r3, r1
  75 0014 9360     		str	r3, [r2, #8]
3477:Drivers/STM32F0xx_HAL_Driver/Src/stm32f0xx_hal_uart.c **** 
3478:Drivers/STM32F0xx_HAL_Driver/Src/stm32f0xx_hal_uart.c ****   /* In case of reception waiting for IDLE event, disable also the IDLE IE interrupt source */
3479:Drivers/STM32F0xx_HAL_Driver/Src/stm32f0xx_hal_uart.c ****   if (huart->ReceptionType == HAL_UART_RECEPTION_TOIDLE)
  76              		.loc 1 3479 3 view .LVU8
  77              		.loc 1 3479 12 is_stmt 0 view .LVU9
  78 0016 036E     		ldr	r3, [r0, #96]
  79              		.loc 1 3479 6 view .LVU10
  80 0018 012B     		cmp	r3, #1
  81 001a 05D0     		beq	.L4
  82              	.L3:
3480:Drivers/STM32F0xx_HAL_Driver/Src/stm32f0xx_hal_uart.c ****   {
3481:Drivers/STM32F0xx_HAL_Driver/Src/stm32f0xx_hal_uart.c ****     CLEAR_BIT(huart->Instance->CR1, USART_CR1_IDLEIE);
3482:Drivers/STM32F0xx_HAL_Driver/Src/stm32f0xx_hal_uart.c ****   }
3483:Drivers/STM32F0xx_HAL_Driver/Src/stm32f0xx_hal_uart.c **** 
3484:Drivers/STM32F0xx_HAL_Driver/Src/stm32f0xx_hal_uart.c ****   /* At end of Rx process, restore huart->RxState to Ready */
3485:Drivers/STM32F0xx_HAL_Driver/Src/stm32f0xx_hal_uart.c ****   huart->RxState = HAL_UART_STATE_READY;
  83              		.loc 1 3485 3 is_stmt 1 view .LVU11
  84              		.loc 1 3485 18 is_stmt 0 view .LVU12
  85 001c 2023     		movs	r3, #32
  86 001e C367     		str	r3, [r0, #124]
3486:Drivers/STM32F0xx_HAL_Driver/Src/stm32f0xx_hal_uart.c ****   huart->ReceptionType = HAL_UART_RECEPTION_STANDARD;
  87              		.loc 1 3486 3 is_stmt 1 view .LVU13
  88              		.loc 1 3486 24 is_stmt 0 view .LVU14
  89 0020 0023     		movs	r3, #0
  90 0022 0366     		str	r3, [r0, #96]
3487:Drivers/STM32F0xx_HAL_Driver/Src/stm32f0xx_hal_uart.c **** 
3488:Drivers/STM32F0xx_HAL_Driver/Src/stm32f0xx_hal_uart.c ****   /* Reset RxIsr function pointer */
3489:Drivers/STM32F0xx_HAL_Driver/Src/stm32f0xx_hal_uart.c ****   huart->RxISR = NULL;
  91              		.loc 1 3489 3 is_stmt 1 view .LVU15
  92              		.loc 1 3489 16 is_stmt 0 view .LVU16
  93 0024 4366     		str	r3, [r0, #100]
3490:Drivers/STM32F0xx_HAL_Driver/Src/stm32f0xx_hal_uart.c **** }
  94              		.loc 1 3490 1 view .LVU17
  95              		@ sp needed
  96 0026 7047     		bx	lr
  97              	.L4:
3481:Drivers/STM32F0xx_HAL_Driver/Src/stm32f0xx_hal_uart.c ****   }
  98              		.loc 1 3481 5 is_stmt 1 view .LVU18
  99 0028 0268     		ldr	r2, [r0]
 100 002a 1368     		ldr	r3, [r2]
 101 002c 0F31     		adds	r1, r1, #15
 102 002e 8B43     		bics	r3, r1
 103 0030 1360     		str	r3, [r2]
ARM GAS  C:\Users\MINIGU~1\AppData\Local\Temp\cc3PAC1x.s 			page 64


 104 0032 F3E7     		b	.L3
 105              	.L6:
 106              		.align	2
 107              	.L5:
 108 0034 DFFEFFFF 		.word	-289
 109              		.cfi_endproc
 110              	.LFE88:
 112              		.section	.text.UART_TxISR_8BIT,"ax",%progbits
 113              		.align	1
 114              		.syntax unified
 115              		.code	16
 116              		.thumb_func
 117              		.fpu softvfp
 119              	UART_TxISR_8BIT:
 120              	.LVL2:
 121              	.LFB99:
3491:Drivers/STM32F0xx_HAL_Driver/Src/stm32f0xx_hal_uart.c **** 
3492:Drivers/STM32F0xx_HAL_Driver/Src/stm32f0xx_hal_uart.c **** 
3493:Drivers/STM32F0xx_HAL_Driver/Src/stm32f0xx_hal_uart.c **** /**
3494:Drivers/STM32F0xx_HAL_Driver/Src/stm32f0xx_hal_uart.c ****   * @brief DMA UART transmit process complete callback.
3495:Drivers/STM32F0xx_HAL_Driver/Src/stm32f0xx_hal_uart.c ****   * @param hdma DMA handle.
3496:Drivers/STM32F0xx_HAL_Driver/Src/stm32f0xx_hal_uart.c ****   * @retval None
3497:Drivers/STM32F0xx_HAL_Driver/Src/stm32f0xx_hal_uart.c ****   */
3498:Drivers/STM32F0xx_HAL_Driver/Src/stm32f0xx_hal_uart.c **** static void UART_DMATransmitCplt(DMA_HandleTypeDef *hdma)
3499:Drivers/STM32F0xx_HAL_Driver/Src/stm32f0xx_hal_uart.c **** {
3500:Drivers/STM32F0xx_HAL_Driver/Src/stm32f0xx_hal_uart.c ****   UART_HandleTypeDef *huart = (UART_HandleTypeDef *)(hdma->Parent);
3501:Drivers/STM32F0xx_HAL_Driver/Src/stm32f0xx_hal_uart.c **** 
3502:Drivers/STM32F0xx_HAL_Driver/Src/stm32f0xx_hal_uart.c ****   /* DMA Normal mode */
3503:Drivers/STM32F0xx_HAL_Driver/Src/stm32f0xx_hal_uart.c ****   if (hdma->Init.Mode != DMA_CIRCULAR)
3504:Drivers/STM32F0xx_HAL_Driver/Src/stm32f0xx_hal_uart.c ****   {
3505:Drivers/STM32F0xx_HAL_Driver/Src/stm32f0xx_hal_uart.c ****     huart->TxXferCount = 0U;
3506:Drivers/STM32F0xx_HAL_Driver/Src/stm32f0xx_hal_uart.c **** 
3507:Drivers/STM32F0xx_HAL_Driver/Src/stm32f0xx_hal_uart.c ****     /* Disable the DMA transfer for transmit request by resetting the DMAT bit
3508:Drivers/STM32F0xx_HAL_Driver/Src/stm32f0xx_hal_uart.c ****        in the UART CR3 register */
3509:Drivers/STM32F0xx_HAL_Driver/Src/stm32f0xx_hal_uart.c ****     CLEAR_BIT(huart->Instance->CR3, USART_CR3_DMAT);
3510:Drivers/STM32F0xx_HAL_Driver/Src/stm32f0xx_hal_uart.c **** 
3511:Drivers/STM32F0xx_HAL_Driver/Src/stm32f0xx_hal_uart.c ****     /* Enable the UART Transmit Complete Interrupt */
3512:Drivers/STM32F0xx_HAL_Driver/Src/stm32f0xx_hal_uart.c ****     SET_BIT(huart->Instance->CR1, USART_CR1_TCIE);
3513:Drivers/STM32F0xx_HAL_Driver/Src/stm32f0xx_hal_uart.c ****   }
3514:Drivers/STM32F0xx_HAL_Driver/Src/stm32f0xx_hal_uart.c ****   /* DMA Circular mode */
3515:Drivers/STM32F0xx_HAL_Driver/Src/stm32f0xx_hal_uart.c ****   else
3516:Drivers/STM32F0xx_HAL_Driver/Src/stm32f0xx_hal_uart.c ****   {
3517:Drivers/STM32F0xx_HAL_Driver/Src/stm32f0xx_hal_uart.c **** #if (USE_HAL_UART_REGISTER_CALLBACKS == 1)
3518:Drivers/STM32F0xx_HAL_Driver/Src/stm32f0xx_hal_uart.c ****     /*Call registered Tx complete callback*/
3519:Drivers/STM32F0xx_HAL_Driver/Src/stm32f0xx_hal_uart.c ****     huart->TxCpltCallback(huart);
3520:Drivers/STM32F0xx_HAL_Driver/Src/stm32f0xx_hal_uart.c **** #else
3521:Drivers/STM32F0xx_HAL_Driver/Src/stm32f0xx_hal_uart.c ****     /*Call legacy weak Tx complete callback*/
3522:Drivers/STM32F0xx_HAL_Driver/Src/stm32f0xx_hal_uart.c ****     HAL_UART_TxCpltCallback(huart);
3523:Drivers/STM32F0xx_HAL_Driver/Src/stm32f0xx_hal_uart.c **** #endif /* USE_HAL_UART_REGISTER_CALLBACKS */
3524:Drivers/STM32F0xx_HAL_Driver/Src/stm32f0xx_hal_uart.c ****   }
3525:Drivers/STM32F0xx_HAL_Driver/Src/stm32f0xx_hal_uart.c **** }
3526:Drivers/STM32F0xx_HAL_Driver/Src/stm32f0xx_hal_uart.c **** 
3527:Drivers/STM32F0xx_HAL_Driver/Src/stm32f0xx_hal_uart.c **** /**
3528:Drivers/STM32F0xx_HAL_Driver/Src/stm32f0xx_hal_uart.c ****   * @brief DMA UART transmit process half complete callback.
3529:Drivers/STM32F0xx_HAL_Driver/Src/stm32f0xx_hal_uart.c ****   * @param hdma DMA handle.
3530:Drivers/STM32F0xx_HAL_Driver/Src/stm32f0xx_hal_uart.c ****   * @retval None
3531:Drivers/STM32F0xx_HAL_Driver/Src/stm32f0xx_hal_uart.c ****   */
ARM GAS  C:\Users\MINIGU~1\AppData\Local\Temp\cc3PAC1x.s 			page 65


3532:Drivers/STM32F0xx_HAL_Driver/Src/stm32f0xx_hal_uart.c **** static void UART_DMATxHalfCplt(DMA_HandleTypeDef *hdma)
3533:Drivers/STM32F0xx_HAL_Driver/Src/stm32f0xx_hal_uart.c **** {
3534:Drivers/STM32F0xx_HAL_Driver/Src/stm32f0xx_hal_uart.c ****   UART_HandleTypeDef *huart = (UART_HandleTypeDef *)(hdma->Parent);
3535:Drivers/STM32F0xx_HAL_Driver/Src/stm32f0xx_hal_uart.c **** 
3536:Drivers/STM32F0xx_HAL_Driver/Src/stm32f0xx_hal_uart.c **** #if (USE_HAL_UART_REGISTER_CALLBACKS == 1)
3537:Drivers/STM32F0xx_HAL_Driver/Src/stm32f0xx_hal_uart.c ****   /*Call registered Tx Half complete callback*/
3538:Drivers/STM32F0xx_HAL_Driver/Src/stm32f0xx_hal_uart.c ****   huart->TxHalfCpltCallback(huart);
3539:Drivers/STM32F0xx_HAL_Driver/Src/stm32f0xx_hal_uart.c **** #else
3540:Drivers/STM32F0xx_HAL_Driver/Src/stm32f0xx_hal_uart.c ****   /*Call legacy weak Tx Half complete callback*/
3541:Drivers/STM32F0xx_HAL_Driver/Src/stm32f0xx_hal_uart.c ****   HAL_UART_TxHalfCpltCallback(huart);
3542:Drivers/STM32F0xx_HAL_Driver/Src/stm32f0xx_hal_uart.c **** #endif /* USE_HAL_UART_REGISTER_CALLBACKS */
3543:Drivers/STM32F0xx_HAL_Driver/Src/stm32f0xx_hal_uart.c **** }
3544:Drivers/STM32F0xx_HAL_Driver/Src/stm32f0xx_hal_uart.c **** 
3545:Drivers/STM32F0xx_HAL_Driver/Src/stm32f0xx_hal_uart.c **** /**
3546:Drivers/STM32F0xx_HAL_Driver/Src/stm32f0xx_hal_uart.c ****   * @brief DMA UART receive process complete callback.
3547:Drivers/STM32F0xx_HAL_Driver/Src/stm32f0xx_hal_uart.c ****   * @param hdma DMA handle.
3548:Drivers/STM32F0xx_HAL_Driver/Src/stm32f0xx_hal_uart.c ****   * @retval None
3549:Drivers/STM32F0xx_HAL_Driver/Src/stm32f0xx_hal_uart.c ****   */
3550:Drivers/STM32F0xx_HAL_Driver/Src/stm32f0xx_hal_uart.c **** static void UART_DMAReceiveCplt(DMA_HandleTypeDef *hdma)
3551:Drivers/STM32F0xx_HAL_Driver/Src/stm32f0xx_hal_uart.c **** {
3552:Drivers/STM32F0xx_HAL_Driver/Src/stm32f0xx_hal_uart.c ****   UART_HandleTypeDef *huart = (UART_HandleTypeDef *)(hdma->Parent);
3553:Drivers/STM32F0xx_HAL_Driver/Src/stm32f0xx_hal_uart.c **** 
3554:Drivers/STM32F0xx_HAL_Driver/Src/stm32f0xx_hal_uart.c ****   /* DMA Normal mode */
3555:Drivers/STM32F0xx_HAL_Driver/Src/stm32f0xx_hal_uart.c ****   if (hdma->Init.Mode != DMA_CIRCULAR)
3556:Drivers/STM32F0xx_HAL_Driver/Src/stm32f0xx_hal_uart.c ****   {
3557:Drivers/STM32F0xx_HAL_Driver/Src/stm32f0xx_hal_uart.c ****     huart->RxXferCount = 0U;
3558:Drivers/STM32F0xx_HAL_Driver/Src/stm32f0xx_hal_uart.c **** 
3559:Drivers/STM32F0xx_HAL_Driver/Src/stm32f0xx_hal_uart.c ****     /* Disable PE and ERR (Frame error, noise error, overrun error) interrupts */
3560:Drivers/STM32F0xx_HAL_Driver/Src/stm32f0xx_hal_uart.c ****     CLEAR_BIT(huart->Instance->CR1, USART_CR1_PEIE);
3561:Drivers/STM32F0xx_HAL_Driver/Src/stm32f0xx_hal_uart.c ****     CLEAR_BIT(huart->Instance->CR3, USART_CR3_EIE);
3562:Drivers/STM32F0xx_HAL_Driver/Src/stm32f0xx_hal_uart.c **** 
3563:Drivers/STM32F0xx_HAL_Driver/Src/stm32f0xx_hal_uart.c ****     /* Disable the DMA transfer for the receiver request by resetting the DMAR bit
3564:Drivers/STM32F0xx_HAL_Driver/Src/stm32f0xx_hal_uart.c ****        in the UART CR3 register */
3565:Drivers/STM32F0xx_HAL_Driver/Src/stm32f0xx_hal_uart.c ****     CLEAR_BIT(huart->Instance->CR3, USART_CR3_DMAR);
3566:Drivers/STM32F0xx_HAL_Driver/Src/stm32f0xx_hal_uart.c **** 
3567:Drivers/STM32F0xx_HAL_Driver/Src/stm32f0xx_hal_uart.c ****     /* At end of Rx process, restore huart->RxState to Ready */
3568:Drivers/STM32F0xx_HAL_Driver/Src/stm32f0xx_hal_uart.c ****     huart->RxState = HAL_UART_STATE_READY;
3569:Drivers/STM32F0xx_HAL_Driver/Src/stm32f0xx_hal_uart.c **** 
3570:Drivers/STM32F0xx_HAL_Driver/Src/stm32f0xx_hal_uart.c ****     /* If Reception till IDLE event has been selected, Disable IDLE Interrupt */
3571:Drivers/STM32F0xx_HAL_Driver/Src/stm32f0xx_hal_uart.c ****     if (huart->ReceptionType == HAL_UART_RECEPTION_TOIDLE)
3572:Drivers/STM32F0xx_HAL_Driver/Src/stm32f0xx_hal_uart.c ****     {
3573:Drivers/STM32F0xx_HAL_Driver/Src/stm32f0xx_hal_uart.c ****       CLEAR_BIT(huart->Instance->CR1, USART_CR1_IDLEIE);
3574:Drivers/STM32F0xx_HAL_Driver/Src/stm32f0xx_hal_uart.c ****     }
3575:Drivers/STM32F0xx_HAL_Driver/Src/stm32f0xx_hal_uart.c ****   }
3576:Drivers/STM32F0xx_HAL_Driver/Src/stm32f0xx_hal_uart.c **** 
3577:Drivers/STM32F0xx_HAL_Driver/Src/stm32f0xx_hal_uart.c ****   /* Check current reception Mode :
3578:Drivers/STM32F0xx_HAL_Driver/Src/stm32f0xx_hal_uart.c ****      If Reception till IDLE event has been selected : use Rx Event callback */
3579:Drivers/STM32F0xx_HAL_Driver/Src/stm32f0xx_hal_uart.c ****   if (huart->ReceptionType == HAL_UART_RECEPTION_TOIDLE)
3580:Drivers/STM32F0xx_HAL_Driver/Src/stm32f0xx_hal_uart.c ****   {
3581:Drivers/STM32F0xx_HAL_Driver/Src/stm32f0xx_hal_uart.c **** #if (USE_HAL_UART_REGISTER_CALLBACKS == 1)
3582:Drivers/STM32F0xx_HAL_Driver/Src/stm32f0xx_hal_uart.c ****     /*Call registered Rx Event callback*/
3583:Drivers/STM32F0xx_HAL_Driver/Src/stm32f0xx_hal_uart.c ****     huart->RxEventCallback(huart, huart->RxXferSize);
3584:Drivers/STM32F0xx_HAL_Driver/Src/stm32f0xx_hal_uart.c **** #else
3585:Drivers/STM32F0xx_HAL_Driver/Src/stm32f0xx_hal_uart.c ****     /*Call legacy weak Rx Event callback*/
3586:Drivers/STM32F0xx_HAL_Driver/Src/stm32f0xx_hal_uart.c ****     HAL_UARTEx_RxEventCallback(huart, huart->RxXferSize);
3587:Drivers/STM32F0xx_HAL_Driver/Src/stm32f0xx_hal_uart.c **** #endif /* USE_HAL_UART_REGISTER_CALLBACKS */
3588:Drivers/STM32F0xx_HAL_Driver/Src/stm32f0xx_hal_uart.c ****   }
ARM GAS  C:\Users\MINIGU~1\AppData\Local\Temp\cc3PAC1x.s 			page 66


3589:Drivers/STM32F0xx_HAL_Driver/Src/stm32f0xx_hal_uart.c ****   else
3590:Drivers/STM32F0xx_HAL_Driver/Src/stm32f0xx_hal_uart.c ****   {
3591:Drivers/STM32F0xx_HAL_Driver/Src/stm32f0xx_hal_uart.c ****     /* In other cases : use Rx Complete callback */
3592:Drivers/STM32F0xx_HAL_Driver/Src/stm32f0xx_hal_uart.c **** #if (USE_HAL_UART_REGISTER_CALLBACKS == 1)
3593:Drivers/STM32F0xx_HAL_Driver/Src/stm32f0xx_hal_uart.c ****     /*Call registered Rx complete callback*/
3594:Drivers/STM32F0xx_HAL_Driver/Src/stm32f0xx_hal_uart.c ****     huart->RxCpltCallback(huart);
3595:Drivers/STM32F0xx_HAL_Driver/Src/stm32f0xx_hal_uart.c **** #else
3596:Drivers/STM32F0xx_HAL_Driver/Src/stm32f0xx_hal_uart.c ****     /*Call legacy weak Rx complete callback*/
3597:Drivers/STM32F0xx_HAL_Driver/Src/stm32f0xx_hal_uart.c ****     HAL_UART_RxCpltCallback(huart);
3598:Drivers/STM32F0xx_HAL_Driver/Src/stm32f0xx_hal_uart.c **** #endif /* USE_HAL_UART_REGISTER_CALLBACKS */
3599:Drivers/STM32F0xx_HAL_Driver/Src/stm32f0xx_hal_uart.c ****   }
3600:Drivers/STM32F0xx_HAL_Driver/Src/stm32f0xx_hal_uart.c **** }
3601:Drivers/STM32F0xx_HAL_Driver/Src/stm32f0xx_hal_uart.c **** 
3602:Drivers/STM32F0xx_HAL_Driver/Src/stm32f0xx_hal_uart.c **** /**
3603:Drivers/STM32F0xx_HAL_Driver/Src/stm32f0xx_hal_uart.c ****   * @brief DMA UART receive process half complete callback.
3604:Drivers/STM32F0xx_HAL_Driver/Src/stm32f0xx_hal_uart.c ****   * @param hdma DMA handle.
3605:Drivers/STM32F0xx_HAL_Driver/Src/stm32f0xx_hal_uart.c ****   * @retval None
3606:Drivers/STM32F0xx_HAL_Driver/Src/stm32f0xx_hal_uart.c ****   */
3607:Drivers/STM32F0xx_HAL_Driver/Src/stm32f0xx_hal_uart.c **** static void UART_DMARxHalfCplt(DMA_HandleTypeDef *hdma)
3608:Drivers/STM32F0xx_HAL_Driver/Src/stm32f0xx_hal_uart.c **** {
3609:Drivers/STM32F0xx_HAL_Driver/Src/stm32f0xx_hal_uart.c ****   UART_HandleTypeDef *huart = (UART_HandleTypeDef *)(hdma->Parent);
3610:Drivers/STM32F0xx_HAL_Driver/Src/stm32f0xx_hal_uart.c **** 
3611:Drivers/STM32F0xx_HAL_Driver/Src/stm32f0xx_hal_uart.c ****   /* Check current reception Mode :
3612:Drivers/STM32F0xx_HAL_Driver/Src/stm32f0xx_hal_uart.c ****      If Reception till IDLE event has been selected : use Rx Event callback */
3613:Drivers/STM32F0xx_HAL_Driver/Src/stm32f0xx_hal_uart.c ****   if (huart->ReceptionType == HAL_UART_RECEPTION_TOIDLE)
3614:Drivers/STM32F0xx_HAL_Driver/Src/stm32f0xx_hal_uart.c ****   {
3615:Drivers/STM32F0xx_HAL_Driver/Src/stm32f0xx_hal_uart.c **** #if (USE_HAL_UART_REGISTER_CALLBACKS == 1)
3616:Drivers/STM32F0xx_HAL_Driver/Src/stm32f0xx_hal_uart.c ****     /*Call registered Rx Event callback*/
3617:Drivers/STM32F0xx_HAL_Driver/Src/stm32f0xx_hal_uart.c ****     huart->RxEventCallback(huart, huart->RxXferSize/2U);
3618:Drivers/STM32F0xx_HAL_Driver/Src/stm32f0xx_hal_uart.c **** #else
3619:Drivers/STM32F0xx_HAL_Driver/Src/stm32f0xx_hal_uart.c ****     /*Call legacy weak Rx Event callback*/
3620:Drivers/STM32F0xx_HAL_Driver/Src/stm32f0xx_hal_uart.c ****     HAL_UARTEx_RxEventCallback(huart, huart->RxXferSize/2U);
3621:Drivers/STM32F0xx_HAL_Driver/Src/stm32f0xx_hal_uart.c **** #endif /* USE_HAL_UART_REGISTER_CALLBACKS */
3622:Drivers/STM32F0xx_HAL_Driver/Src/stm32f0xx_hal_uart.c ****   }
3623:Drivers/STM32F0xx_HAL_Driver/Src/stm32f0xx_hal_uart.c ****   else
3624:Drivers/STM32F0xx_HAL_Driver/Src/stm32f0xx_hal_uart.c ****   {
3625:Drivers/STM32F0xx_HAL_Driver/Src/stm32f0xx_hal_uart.c ****     /* In other cases : use Rx Half Complete callback */
3626:Drivers/STM32F0xx_HAL_Driver/Src/stm32f0xx_hal_uart.c **** #if (USE_HAL_UART_REGISTER_CALLBACKS == 1)
3627:Drivers/STM32F0xx_HAL_Driver/Src/stm32f0xx_hal_uart.c ****     /*Call registered Rx Half complete callback*/
3628:Drivers/STM32F0xx_HAL_Driver/Src/stm32f0xx_hal_uart.c ****     huart->RxHalfCpltCallback(huart);
3629:Drivers/STM32F0xx_HAL_Driver/Src/stm32f0xx_hal_uart.c **** #else
3630:Drivers/STM32F0xx_HAL_Driver/Src/stm32f0xx_hal_uart.c ****     /*Call legacy weak Rx Half complete callback*/
3631:Drivers/STM32F0xx_HAL_Driver/Src/stm32f0xx_hal_uart.c ****     HAL_UART_RxHalfCpltCallback(huart);
3632:Drivers/STM32F0xx_HAL_Driver/Src/stm32f0xx_hal_uart.c **** #endif /* USE_HAL_UART_REGISTER_CALLBACKS */
3633:Drivers/STM32F0xx_HAL_Driver/Src/stm32f0xx_hal_uart.c ****   }
3634:Drivers/STM32F0xx_HAL_Driver/Src/stm32f0xx_hal_uart.c **** }
3635:Drivers/STM32F0xx_HAL_Driver/Src/stm32f0xx_hal_uart.c **** 
3636:Drivers/STM32F0xx_HAL_Driver/Src/stm32f0xx_hal_uart.c **** /**
3637:Drivers/STM32F0xx_HAL_Driver/Src/stm32f0xx_hal_uart.c ****   * @brief DMA UART communication error callback.
3638:Drivers/STM32F0xx_HAL_Driver/Src/stm32f0xx_hal_uart.c ****   * @param hdma DMA handle.
3639:Drivers/STM32F0xx_HAL_Driver/Src/stm32f0xx_hal_uart.c ****   * @retval None
3640:Drivers/STM32F0xx_HAL_Driver/Src/stm32f0xx_hal_uart.c ****   */
3641:Drivers/STM32F0xx_HAL_Driver/Src/stm32f0xx_hal_uart.c **** static void UART_DMAError(DMA_HandleTypeDef *hdma)
3642:Drivers/STM32F0xx_HAL_Driver/Src/stm32f0xx_hal_uart.c **** {
3643:Drivers/STM32F0xx_HAL_Driver/Src/stm32f0xx_hal_uart.c ****   UART_HandleTypeDef *huart = (UART_HandleTypeDef *)(hdma->Parent);
3644:Drivers/STM32F0xx_HAL_Driver/Src/stm32f0xx_hal_uart.c **** 
3645:Drivers/STM32F0xx_HAL_Driver/Src/stm32f0xx_hal_uart.c ****   const HAL_UART_StateTypeDef gstate = huart->gState;
ARM GAS  C:\Users\MINIGU~1\AppData\Local\Temp\cc3PAC1x.s 			page 67


3646:Drivers/STM32F0xx_HAL_Driver/Src/stm32f0xx_hal_uart.c ****   const HAL_UART_StateTypeDef rxstate = huart->RxState;
3647:Drivers/STM32F0xx_HAL_Driver/Src/stm32f0xx_hal_uart.c **** 
3648:Drivers/STM32F0xx_HAL_Driver/Src/stm32f0xx_hal_uart.c ****   /* Stop UART DMA Tx request if ongoing */
3649:Drivers/STM32F0xx_HAL_Driver/Src/stm32f0xx_hal_uart.c ****   if ((HAL_IS_BIT_SET(huart->Instance->CR3, USART_CR3_DMAT)) &&
3650:Drivers/STM32F0xx_HAL_Driver/Src/stm32f0xx_hal_uart.c ****       (gstate == HAL_UART_STATE_BUSY_TX))
3651:Drivers/STM32F0xx_HAL_Driver/Src/stm32f0xx_hal_uart.c ****   {
3652:Drivers/STM32F0xx_HAL_Driver/Src/stm32f0xx_hal_uart.c ****     huart->TxXferCount = 0U;
3653:Drivers/STM32F0xx_HAL_Driver/Src/stm32f0xx_hal_uart.c ****     UART_EndTxTransfer(huart);
3654:Drivers/STM32F0xx_HAL_Driver/Src/stm32f0xx_hal_uart.c ****   }
3655:Drivers/STM32F0xx_HAL_Driver/Src/stm32f0xx_hal_uart.c **** 
3656:Drivers/STM32F0xx_HAL_Driver/Src/stm32f0xx_hal_uart.c ****   /* Stop UART DMA Rx request if ongoing */
3657:Drivers/STM32F0xx_HAL_Driver/Src/stm32f0xx_hal_uart.c ****   if ((HAL_IS_BIT_SET(huart->Instance->CR3, USART_CR3_DMAR)) &&
3658:Drivers/STM32F0xx_HAL_Driver/Src/stm32f0xx_hal_uart.c ****       (rxstate == HAL_UART_STATE_BUSY_RX))
3659:Drivers/STM32F0xx_HAL_Driver/Src/stm32f0xx_hal_uart.c ****   {
3660:Drivers/STM32F0xx_HAL_Driver/Src/stm32f0xx_hal_uart.c ****     huart->RxXferCount = 0U;
3661:Drivers/STM32F0xx_HAL_Driver/Src/stm32f0xx_hal_uart.c ****     UART_EndRxTransfer(huart);
3662:Drivers/STM32F0xx_HAL_Driver/Src/stm32f0xx_hal_uart.c ****   }
3663:Drivers/STM32F0xx_HAL_Driver/Src/stm32f0xx_hal_uart.c **** 
3664:Drivers/STM32F0xx_HAL_Driver/Src/stm32f0xx_hal_uart.c ****   huart->ErrorCode |= HAL_UART_ERROR_DMA;
3665:Drivers/STM32F0xx_HAL_Driver/Src/stm32f0xx_hal_uart.c **** 
3666:Drivers/STM32F0xx_HAL_Driver/Src/stm32f0xx_hal_uart.c **** #if (USE_HAL_UART_REGISTER_CALLBACKS == 1)
3667:Drivers/STM32F0xx_HAL_Driver/Src/stm32f0xx_hal_uart.c ****   /*Call registered error callback*/
3668:Drivers/STM32F0xx_HAL_Driver/Src/stm32f0xx_hal_uart.c ****   huart->ErrorCallback(huart);
3669:Drivers/STM32F0xx_HAL_Driver/Src/stm32f0xx_hal_uart.c **** #else
3670:Drivers/STM32F0xx_HAL_Driver/Src/stm32f0xx_hal_uart.c ****   /*Call legacy weak error callback*/
3671:Drivers/STM32F0xx_HAL_Driver/Src/stm32f0xx_hal_uart.c ****   HAL_UART_ErrorCallback(huart);
3672:Drivers/STM32F0xx_HAL_Driver/Src/stm32f0xx_hal_uart.c **** #endif /* USE_HAL_UART_REGISTER_CALLBACKS */
3673:Drivers/STM32F0xx_HAL_Driver/Src/stm32f0xx_hal_uart.c **** }
3674:Drivers/STM32F0xx_HAL_Driver/Src/stm32f0xx_hal_uart.c **** 
3675:Drivers/STM32F0xx_HAL_Driver/Src/stm32f0xx_hal_uart.c **** /**
3676:Drivers/STM32F0xx_HAL_Driver/Src/stm32f0xx_hal_uart.c ****   * @brief  DMA UART communication abort callback, when initiated by HAL services on Error
3677:Drivers/STM32F0xx_HAL_Driver/Src/stm32f0xx_hal_uart.c ****   *         (To be called at end of DMA Abort procedure following error occurrence).
3678:Drivers/STM32F0xx_HAL_Driver/Src/stm32f0xx_hal_uart.c ****   * @param  hdma DMA handle.
3679:Drivers/STM32F0xx_HAL_Driver/Src/stm32f0xx_hal_uart.c ****   * @retval None
3680:Drivers/STM32F0xx_HAL_Driver/Src/stm32f0xx_hal_uart.c ****   */
3681:Drivers/STM32F0xx_HAL_Driver/Src/stm32f0xx_hal_uart.c **** static void UART_DMAAbortOnError(DMA_HandleTypeDef *hdma)
3682:Drivers/STM32F0xx_HAL_Driver/Src/stm32f0xx_hal_uart.c **** {
3683:Drivers/STM32F0xx_HAL_Driver/Src/stm32f0xx_hal_uart.c ****   UART_HandleTypeDef *huart = (UART_HandleTypeDef *)(hdma->Parent);
3684:Drivers/STM32F0xx_HAL_Driver/Src/stm32f0xx_hal_uart.c ****   huart->RxXferCount = 0U;
3685:Drivers/STM32F0xx_HAL_Driver/Src/stm32f0xx_hal_uart.c ****   huart->TxXferCount = 0U;
3686:Drivers/STM32F0xx_HAL_Driver/Src/stm32f0xx_hal_uart.c **** 
3687:Drivers/STM32F0xx_HAL_Driver/Src/stm32f0xx_hal_uart.c **** #if (USE_HAL_UART_REGISTER_CALLBACKS == 1)
3688:Drivers/STM32F0xx_HAL_Driver/Src/stm32f0xx_hal_uart.c ****   /*Call registered error callback*/
3689:Drivers/STM32F0xx_HAL_Driver/Src/stm32f0xx_hal_uart.c ****   huart->ErrorCallback(huart);
3690:Drivers/STM32F0xx_HAL_Driver/Src/stm32f0xx_hal_uart.c **** #else
3691:Drivers/STM32F0xx_HAL_Driver/Src/stm32f0xx_hal_uart.c ****   /*Call legacy weak error callback*/
3692:Drivers/STM32F0xx_HAL_Driver/Src/stm32f0xx_hal_uart.c ****   HAL_UART_ErrorCallback(huart);
3693:Drivers/STM32F0xx_HAL_Driver/Src/stm32f0xx_hal_uart.c **** #endif /* USE_HAL_UART_REGISTER_CALLBACKS */
3694:Drivers/STM32F0xx_HAL_Driver/Src/stm32f0xx_hal_uart.c **** }
3695:Drivers/STM32F0xx_HAL_Driver/Src/stm32f0xx_hal_uart.c **** 
3696:Drivers/STM32F0xx_HAL_Driver/Src/stm32f0xx_hal_uart.c **** /**
3697:Drivers/STM32F0xx_HAL_Driver/Src/stm32f0xx_hal_uart.c ****   * @brief  DMA UART Tx communication abort callback, when initiated by user
3698:Drivers/STM32F0xx_HAL_Driver/Src/stm32f0xx_hal_uart.c ****   *         (To be called at end of DMA Tx Abort procedure following user abort request).
3699:Drivers/STM32F0xx_HAL_Driver/Src/stm32f0xx_hal_uart.c ****   * @note   When this callback is executed, User Abort complete call back is called only if no
3700:Drivers/STM32F0xx_HAL_Driver/Src/stm32f0xx_hal_uart.c ****   *         Abort still ongoing for Rx DMA Handle.
3701:Drivers/STM32F0xx_HAL_Driver/Src/stm32f0xx_hal_uart.c ****   * @param  hdma DMA handle.
3702:Drivers/STM32F0xx_HAL_Driver/Src/stm32f0xx_hal_uart.c ****   * @retval None
ARM GAS  C:\Users\MINIGU~1\AppData\Local\Temp\cc3PAC1x.s 			page 68


3703:Drivers/STM32F0xx_HAL_Driver/Src/stm32f0xx_hal_uart.c ****   */
3704:Drivers/STM32F0xx_HAL_Driver/Src/stm32f0xx_hal_uart.c **** static void UART_DMATxAbortCallback(DMA_HandleTypeDef *hdma)
3705:Drivers/STM32F0xx_HAL_Driver/Src/stm32f0xx_hal_uart.c **** {
3706:Drivers/STM32F0xx_HAL_Driver/Src/stm32f0xx_hal_uart.c ****   UART_HandleTypeDef *huart = (UART_HandleTypeDef *)(hdma->Parent);
3707:Drivers/STM32F0xx_HAL_Driver/Src/stm32f0xx_hal_uart.c **** 
3708:Drivers/STM32F0xx_HAL_Driver/Src/stm32f0xx_hal_uart.c ****   huart->hdmatx->XferAbortCallback = NULL;
3709:Drivers/STM32F0xx_HAL_Driver/Src/stm32f0xx_hal_uart.c **** 
3710:Drivers/STM32F0xx_HAL_Driver/Src/stm32f0xx_hal_uart.c ****   /* Check if an Abort process is still ongoing */
3711:Drivers/STM32F0xx_HAL_Driver/Src/stm32f0xx_hal_uart.c ****   if (huart->hdmarx != NULL)
3712:Drivers/STM32F0xx_HAL_Driver/Src/stm32f0xx_hal_uart.c ****   {
3713:Drivers/STM32F0xx_HAL_Driver/Src/stm32f0xx_hal_uart.c ****     if (huart->hdmarx->XferAbortCallback != NULL)
3714:Drivers/STM32F0xx_HAL_Driver/Src/stm32f0xx_hal_uart.c ****     {
3715:Drivers/STM32F0xx_HAL_Driver/Src/stm32f0xx_hal_uart.c ****       return;
3716:Drivers/STM32F0xx_HAL_Driver/Src/stm32f0xx_hal_uart.c ****     }
3717:Drivers/STM32F0xx_HAL_Driver/Src/stm32f0xx_hal_uart.c ****   }
3718:Drivers/STM32F0xx_HAL_Driver/Src/stm32f0xx_hal_uart.c **** 
3719:Drivers/STM32F0xx_HAL_Driver/Src/stm32f0xx_hal_uart.c ****   /* No Abort process still ongoing : All DMA channels are aborted, call user Abort Complete callba
3720:Drivers/STM32F0xx_HAL_Driver/Src/stm32f0xx_hal_uart.c ****   huart->TxXferCount = 0U;
3721:Drivers/STM32F0xx_HAL_Driver/Src/stm32f0xx_hal_uart.c ****   huart->RxXferCount = 0U;
3722:Drivers/STM32F0xx_HAL_Driver/Src/stm32f0xx_hal_uart.c **** 
3723:Drivers/STM32F0xx_HAL_Driver/Src/stm32f0xx_hal_uart.c ****   /* Reset errorCode */
3724:Drivers/STM32F0xx_HAL_Driver/Src/stm32f0xx_hal_uart.c ****   huart->ErrorCode = HAL_UART_ERROR_NONE;
3725:Drivers/STM32F0xx_HAL_Driver/Src/stm32f0xx_hal_uart.c **** 
3726:Drivers/STM32F0xx_HAL_Driver/Src/stm32f0xx_hal_uart.c ****   /* Clear the Error flags in the ICR register */
3727:Drivers/STM32F0xx_HAL_Driver/Src/stm32f0xx_hal_uart.c ****   __HAL_UART_CLEAR_FLAG(huart, UART_CLEAR_OREF | UART_CLEAR_NEF | UART_CLEAR_PEF | UART_CLEAR_FEF);
3728:Drivers/STM32F0xx_HAL_Driver/Src/stm32f0xx_hal_uart.c **** 
3729:Drivers/STM32F0xx_HAL_Driver/Src/stm32f0xx_hal_uart.c **** 
3730:Drivers/STM32F0xx_HAL_Driver/Src/stm32f0xx_hal_uart.c ****   /* Restore huart->gState and huart->RxState to Ready */
3731:Drivers/STM32F0xx_HAL_Driver/Src/stm32f0xx_hal_uart.c ****   huart->gState  = HAL_UART_STATE_READY;
3732:Drivers/STM32F0xx_HAL_Driver/Src/stm32f0xx_hal_uart.c ****   huart->RxState = HAL_UART_STATE_READY;
3733:Drivers/STM32F0xx_HAL_Driver/Src/stm32f0xx_hal_uart.c ****   huart->ReceptionType = HAL_UART_RECEPTION_STANDARD;
3734:Drivers/STM32F0xx_HAL_Driver/Src/stm32f0xx_hal_uart.c **** 
3735:Drivers/STM32F0xx_HAL_Driver/Src/stm32f0xx_hal_uart.c ****   /* Call user Abort complete callback */
3736:Drivers/STM32F0xx_HAL_Driver/Src/stm32f0xx_hal_uart.c **** #if (USE_HAL_UART_REGISTER_CALLBACKS == 1)
3737:Drivers/STM32F0xx_HAL_Driver/Src/stm32f0xx_hal_uart.c ****   /* Call registered Abort complete callback */
3738:Drivers/STM32F0xx_HAL_Driver/Src/stm32f0xx_hal_uart.c ****   huart->AbortCpltCallback(huart);
3739:Drivers/STM32F0xx_HAL_Driver/Src/stm32f0xx_hal_uart.c **** #else
3740:Drivers/STM32F0xx_HAL_Driver/Src/stm32f0xx_hal_uart.c ****   /* Call legacy weak Abort complete callback */
3741:Drivers/STM32F0xx_HAL_Driver/Src/stm32f0xx_hal_uart.c ****   HAL_UART_AbortCpltCallback(huart);
3742:Drivers/STM32F0xx_HAL_Driver/Src/stm32f0xx_hal_uart.c **** #endif /* USE_HAL_UART_REGISTER_CALLBACKS */
3743:Drivers/STM32F0xx_HAL_Driver/Src/stm32f0xx_hal_uart.c **** }
3744:Drivers/STM32F0xx_HAL_Driver/Src/stm32f0xx_hal_uart.c **** 
3745:Drivers/STM32F0xx_HAL_Driver/Src/stm32f0xx_hal_uart.c **** 
3746:Drivers/STM32F0xx_HAL_Driver/Src/stm32f0xx_hal_uart.c **** /**
3747:Drivers/STM32F0xx_HAL_Driver/Src/stm32f0xx_hal_uart.c ****   * @brief  DMA UART Rx communication abort callback, when initiated by user
3748:Drivers/STM32F0xx_HAL_Driver/Src/stm32f0xx_hal_uart.c ****   *         (To be called at end of DMA Rx Abort procedure following user abort request).
3749:Drivers/STM32F0xx_HAL_Driver/Src/stm32f0xx_hal_uart.c ****   * @note   When this callback is executed, User Abort complete call back is called only if no
3750:Drivers/STM32F0xx_HAL_Driver/Src/stm32f0xx_hal_uart.c ****   *         Abort still ongoing for Tx DMA Handle.
3751:Drivers/STM32F0xx_HAL_Driver/Src/stm32f0xx_hal_uart.c ****   * @param  hdma DMA handle.
3752:Drivers/STM32F0xx_HAL_Driver/Src/stm32f0xx_hal_uart.c ****   * @retval None
3753:Drivers/STM32F0xx_HAL_Driver/Src/stm32f0xx_hal_uart.c ****   */
3754:Drivers/STM32F0xx_HAL_Driver/Src/stm32f0xx_hal_uart.c **** static void UART_DMARxAbortCallback(DMA_HandleTypeDef *hdma)
3755:Drivers/STM32F0xx_HAL_Driver/Src/stm32f0xx_hal_uart.c **** {
3756:Drivers/STM32F0xx_HAL_Driver/Src/stm32f0xx_hal_uart.c ****   UART_HandleTypeDef *huart = (UART_HandleTypeDef *)(hdma->Parent);
3757:Drivers/STM32F0xx_HAL_Driver/Src/stm32f0xx_hal_uart.c **** 
3758:Drivers/STM32F0xx_HAL_Driver/Src/stm32f0xx_hal_uart.c ****   huart->hdmarx->XferAbortCallback = NULL;
3759:Drivers/STM32F0xx_HAL_Driver/Src/stm32f0xx_hal_uart.c **** 
ARM GAS  C:\Users\MINIGU~1\AppData\Local\Temp\cc3PAC1x.s 			page 69


3760:Drivers/STM32F0xx_HAL_Driver/Src/stm32f0xx_hal_uart.c ****   /* Check if an Abort process is still ongoing */
3761:Drivers/STM32F0xx_HAL_Driver/Src/stm32f0xx_hal_uart.c ****   if (huart->hdmatx != NULL)
3762:Drivers/STM32F0xx_HAL_Driver/Src/stm32f0xx_hal_uart.c ****   {
3763:Drivers/STM32F0xx_HAL_Driver/Src/stm32f0xx_hal_uart.c ****     if (huart->hdmatx->XferAbortCallback != NULL)
3764:Drivers/STM32F0xx_HAL_Driver/Src/stm32f0xx_hal_uart.c ****     {
3765:Drivers/STM32F0xx_HAL_Driver/Src/stm32f0xx_hal_uart.c ****       return;
3766:Drivers/STM32F0xx_HAL_Driver/Src/stm32f0xx_hal_uart.c ****     }
3767:Drivers/STM32F0xx_HAL_Driver/Src/stm32f0xx_hal_uart.c ****   }
3768:Drivers/STM32F0xx_HAL_Driver/Src/stm32f0xx_hal_uart.c **** 
3769:Drivers/STM32F0xx_HAL_Driver/Src/stm32f0xx_hal_uart.c ****   /* No Abort process still ongoing : All DMA channels are aborted, call user Abort Complete callba
3770:Drivers/STM32F0xx_HAL_Driver/Src/stm32f0xx_hal_uart.c ****   huart->TxXferCount = 0U;
3771:Drivers/STM32F0xx_HAL_Driver/Src/stm32f0xx_hal_uart.c ****   huart->RxXferCount = 0U;
3772:Drivers/STM32F0xx_HAL_Driver/Src/stm32f0xx_hal_uart.c **** 
3773:Drivers/STM32F0xx_HAL_Driver/Src/stm32f0xx_hal_uart.c ****   /* Reset errorCode */
3774:Drivers/STM32F0xx_HAL_Driver/Src/stm32f0xx_hal_uart.c ****   huart->ErrorCode = HAL_UART_ERROR_NONE;
3775:Drivers/STM32F0xx_HAL_Driver/Src/stm32f0xx_hal_uart.c **** 
3776:Drivers/STM32F0xx_HAL_Driver/Src/stm32f0xx_hal_uart.c ****   /* Clear the Error flags in the ICR register */
3777:Drivers/STM32F0xx_HAL_Driver/Src/stm32f0xx_hal_uart.c ****   __HAL_UART_CLEAR_FLAG(huart, UART_CLEAR_OREF | UART_CLEAR_NEF | UART_CLEAR_PEF | UART_CLEAR_FEF);
3778:Drivers/STM32F0xx_HAL_Driver/Src/stm32f0xx_hal_uart.c **** 
3779:Drivers/STM32F0xx_HAL_Driver/Src/stm32f0xx_hal_uart.c ****   /* Discard the received data */
3780:Drivers/STM32F0xx_HAL_Driver/Src/stm32f0xx_hal_uart.c ****   __HAL_UART_SEND_REQ(huart, UART_RXDATA_FLUSH_REQUEST);
3781:Drivers/STM32F0xx_HAL_Driver/Src/stm32f0xx_hal_uart.c **** 
3782:Drivers/STM32F0xx_HAL_Driver/Src/stm32f0xx_hal_uart.c ****   /* Restore huart->gState and huart->RxState to Ready */
3783:Drivers/STM32F0xx_HAL_Driver/Src/stm32f0xx_hal_uart.c ****   huart->gState  = HAL_UART_STATE_READY;
3784:Drivers/STM32F0xx_HAL_Driver/Src/stm32f0xx_hal_uart.c ****   huart->RxState = HAL_UART_STATE_READY;
3785:Drivers/STM32F0xx_HAL_Driver/Src/stm32f0xx_hal_uart.c ****   huart->ReceptionType = HAL_UART_RECEPTION_STANDARD;
3786:Drivers/STM32F0xx_HAL_Driver/Src/stm32f0xx_hal_uart.c **** 
3787:Drivers/STM32F0xx_HAL_Driver/Src/stm32f0xx_hal_uart.c ****   /* Call user Abort complete callback */
3788:Drivers/STM32F0xx_HAL_Driver/Src/stm32f0xx_hal_uart.c **** #if (USE_HAL_UART_REGISTER_CALLBACKS == 1)
3789:Drivers/STM32F0xx_HAL_Driver/Src/stm32f0xx_hal_uart.c ****   /* Call registered Abort complete callback */
3790:Drivers/STM32F0xx_HAL_Driver/Src/stm32f0xx_hal_uart.c ****   huart->AbortCpltCallback(huart);
3791:Drivers/STM32F0xx_HAL_Driver/Src/stm32f0xx_hal_uart.c **** #else
3792:Drivers/STM32F0xx_HAL_Driver/Src/stm32f0xx_hal_uart.c ****   /* Call legacy weak Abort complete callback */
3793:Drivers/STM32F0xx_HAL_Driver/Src/stm32f0xx_hal_uart.c ****   HAL_UART_AbortCpltCallback(huart);
3794:Drivers/STM32F0xx_HAL_Driver/Src/stm32f0xx_hal_uart.c **** #endif /* USE_HAL_UART_REGISTER_CALLBACKS */
3795:Drivers/STM32F0xx_HAL_Driver/Src/stm32f0xx_hal_uart.c **** }
3796:Drivers/STM32F0xx_HAL_Driver/Src/stm32f0xx_hal_uart.c **** 
3797:Drivers/STM32F0xx_HAL_Driver/Src/stm32f0xx_hal_uart.c **** 
3798:Drivers/STM32F0xx_HAL_Driver/Src/stm32f0xx_hal_uart.c **** /**
3799:Drivers/STM32F0xx_HAL_Driver/Src/stm32f0xx_hal_uart.c ****   * @brief  DMA UART Tx communication abort callback, when initiated by user by a call to
3800:Drivers/STM32F0xx_HAL_Driver/Src/stm32f0xx_hal_uart.c ****   *         HAL_UART_AbortTransmit_IT API (Abort only Tx transfer)
3801:Drivers/STM32F0xx_HAL_Driver/Src/stm32f0xx_hal_uart.c ****   *         (This callback is executed at end of DMA Tx Abort procedure following user abort reques
3802:Drivers/STM32F0xx_HAL_Driver/Src/stm32f0xx_hal_uart.c ****   *         and leads to user Tx Abort Complete callback execution).
3803:Drivers/STM32F0xx_HAL_Driver/Src/stm32f0xx_hal_uart.c ****   * @param  hdma DMA handle.
3804:Drivers/STM32F0xx_HAL_Driver/Src/stm32f0xx_hal_uart.c ****   * @retval None
3805:Drivers/STM32F0xx_HAL_Driver/Src/stm32f0xx_hal_uart.c ****   */
3806:Drivers/STM32F0xx_HAL_Driver/Src/stm32f0xx_hal_uart.c **** static void UART_DMATxOnlyAbortCallback(DMA_HandleTypeDef *hdma)
3807:Drivers/STM32F0xx_HAL_Driver/Src/stm32f0xx_hal_uart.c **** {
3808:Drivers/STM32F0xx_HAL_Driver/Src/stm32f0xx_hal_uart.c ****   UART_HandleTypeDef *huart = (UART_HandleTypeDef *)(hdma->Parent);
3809:Drivers/STM32F0xx_HAL_Driver/Src/stm32f0xx_hal_uart.c **** 
3810:Drivers/STM32F0xx_HAL_Driver/Src/stm32f0xx_hal_uart.c ****   huart->TxXferCount = 0U;
3811:Drivers/STM32F0xx_HAL_Driver/Src/stm32f0xx_hal_uart.c **** 
3812:Drivers/STM32F0xx_HAL_Driver/Src/stm32f0xx_hal_uart.c **** 
3813:Drivers/STM32F0xx_HAL_Driver/Src/stm32f0xx_hal_uart.c ****   /* Restore huart->gState to Ready */
3814:Drivers/STM32F0xx_HAL_Driver/Src/stm32f0xx_hal_uart.c ****   huart->gState = HAL_UART_STATE_READY;
3815:Drivers/STM32F0xx_HAL_Driver/Src/stm32f0xx_hal_uart.c **** 
3816:Drivers/STM32F0xx_HAL_Driver/Src/stm32f0xx_hal_uart.c ****   /* Call user Abort complete callback */
ARM GAS  C:\Users\MINIGU~1\AppData\Local\Temp\cc3PAC1x.s 			page 70


3817:Drivers/STM32F0xx_HAL_Driver/Src/stm32f0xx_hal_uart.c **** #if (USE_HAL_UART_REGISTER_CALLBACKS == 1)
3818:Drivers/STM32F0xx_HAL_Driver/Src/stm32f0xx_hal_uart.c ****   /* Call registered Abort Transmit Complete Callback */
3819:Drivers/STM32F0xx_HAL_Driver/Src/stm32f0xx_hal_uart.c ****   huart->AbortTransmitCpltCallback(huart);
3820:Drivers/STM32F0xx_HAL_Driver/Src/stm32f0xx_hal_uart.c **** #else
3821:Drivers/STM32F0xx_HAL_Driver/Src/stm32f0xx_hal_uart.c ****   /* Call legacy weak Abort Transmit Complete Callback */
3822:Drivers/STM32F0xx_HAL_Driver/Src/stm32f0xx_hal_uart.c ****   HAL_UART_AbortTransmitCpltCallback(huart);
3823:Drivers/STM32F0xx_HAL_Driver/Src/stm32f0xx_hal_uart.c **** #endif /* USE_HAL_UART_REGISTER_CALLBACKS */
3824:Drivers/STM32F0xx_HAL_Driver/Src/stm32f0xx_hal_uart.c **** }
3825:Drivers/STM32F0xx_HAL_Driver/Src/stm32f0xx_hal_uart.c **** 
3826:Drivers/STM32F0xx_HAL_Driver/Src/stm32f0xx_hal_uart.c **** /**
3827:Drivers/STM32F0xx_HAL_Driver/Src/stm32f0xx_hal_uart.c ****   * @brief  DMA UART Rx communication abort callback, when initiated by user by a call to
3828:Drivers/STM32F0xx_HAL_Driver/Src/stm32f0xx_hal_uart.c ****   *         HAL_UART_AbortReceive_IT API (Abort only Rx transfer)
3829:Drivers/STM32F0xx_HAL_Driver/Src/stm32f0xx_hal_uart.c ****   *         (This callback is executed at end of DMA Rx Abort procedure following user abort reques
3830:Drivers/STM32F0xx_HAL_Driver/Src/stm32f0xx_hal_uart.c ****   *         and leads to user Rx Abort Complete callback execution).
3831:Drivers/STM32F0xx_HAL_Driver/Src/stm32f0xx_hal_uart.c ****   * @param  hdma DMA handle.
3832:Drivers/STM32F0xx_HAL_Driver/Src/stm32f0xx_hal_uart.c ****   * @retval None
3833:Drivers/STM32F0xx_HAL_Driver/Src/stm32f0xx_hal_uart.c ****   */
3834:Drivers/STM32F0xx_HAL_Driver/Src/stm32f0xx_hal_uart.c **** static void UART_DMARxOnlyAbortCallback(DMA_HandleTypeDef *hdma)
3835:Drivers/STM32F0xx_HAL_Driver/Src/stm32f0xx_hal_uart.c **** {
3836:Drivers/STM32F0xx_HAL_Driver/Src/stm32f0xx_hal_uart.c ****   UART_HandleTypeDef *huart = (UART_HandleTypeDef *)((DMA_HandleTypeDef *)hdma)->Parent;
3837:Drivers/STM32F0xx_HAL_Driver/Src/stm32f0xx_hal_uart.c **** 
3838:Drivers/STM32F0xx_HAL_Driver/Src/stm32f0xx_hal_uart.c ****   huart->RxXferCount = 0U;
3839:Drivers/STM32F0xx_HAL_Driver/Src/stm32f0xx_hal_uart.c **** 
3840:Drivers/STM32F0xx_HAL_Driver/Src/stm32f0xx_hal_uart.c ****   /* Clear the Error flags in the ICR register */
3841:Drivers/STM32F0xx_HAL_Driver/Src/stm32f0xx_hal_uart.c ****   __HAL_UART_CLEAR_FLAG(huart, UART_CLEAR_OREF | UART_CLEAR_NEF | UART_CLEAR_PEF | UART_CLEAR_FEF);
3842:Drivers/STM32F0xx_HAL_Driver/Src/stm32f0xx_hal_uart.c **** 
3843:Drivers/STM32F0xx_HAL_Driver/Src/stm32f0xx_hal_uart.c ****   /* Discard the received data */
3844:Drivers/STM32F0xx_HAL_Driver/Src/stm32f0xx_hal_uart.c ****   __HAL_UART_SEND_REQ(huart, UART_RXDATA_FLUSH_REQUEST);
3845:Drivers/STM32F0xx_HAL_Driver/Src/stm32f0xx_hal_uart.c **** 
3846:Drivers/STM32F0xx_HAL_Driver/Src/stm32f0xx_hal_uart.c ****   /* Restore huart->RxState to Ready */
3847:Drivers/STM32F0xx_HAL_Driver/Src/stm32f0xx_hal_uart.c ****   huart->RxState = HAL_UART_STATE_READY;
3848:Drivers/STM32F0xx_HAL_Driver/Src/stm32f0xx_hal_uart.c ****   huart->ReceptionType = HAL_UART_RECEPTION_STANDARD;
3849:Drivers/STM32F0xx_HAL_Driver/Src/stm32f0xx_hal_uart.c **** 
3850:Drivers/STM32F0xx_HAL_Driver/Src/stm32f0xx_hal_uart.c ****   /* Call user Abort complete callback */
3851:Drivers/STM32F0xx_HAL_Driver/Src/stm32f0xx_hal_uart.c **** #if (USE_HAL_UART_REGISTER_CALLBACKS == 1)
3852:Drivers/STM32F0xx_HAL_Driver/Src/stm32f0xx_hal_uart.c ****   /* Call registered Abort Receive Complete Callback */
3853:Drivers/STM32F0xx_HAL_Driver/Src/stm32f0xx_hal_uart.c ****   huart->AbortReceiveCpltCallback(huart);
3854:Drivers/STM32F0xx_HAL_Driver/Src/stm32f0xx_hal_uart.c **** #else
3855:Drivers/STM32F0xx_HAL_Driver/Src/stm32f0xx_hal_uart.c ****   /* Call legacy weak Abort Receive Complete Callback */
3856:Drivers/STM32F0xx_HAL_Driver/Src/stm32f0xx_hal_uart.c ****   HAL_UART_AbortReceiveCpltCallback(huart);
3857:Drivers/STM32F0xx_HAL_Driver/Src/stm32f0xx_hal_uart.c **** #endif /* USE_HAL_UART_REGISTER_CALLBACKS */
3858:Drivers/STM32F0xx_HAL_Driver/Src/stm32f0xx_hal_uart.c **** }
3859:Drivers/STM32F0xx_HAL_Driver/Src/stm32f0xx_hal_uart.c **** 
3860:Drivers/STM32F0xx_HAL_Driver/Src/stm32f0xx_hal_uart.c **** /**
3861:Drivers/STM32F0xx_HAL_Driver/Src/stm32f0xx_hal_uart.c ****   * @brief TX interrupt handler for 7 or 8 bits data word length .
3862:Drivers/STM32F0xx_HAL_Driver/Src/stm32f0xx_hal_uart.c ****   * @note   Function is called under interruption only, once
3863:Drivers/STM32F0xx_HAL_Driver/Src/stm32f0xx_hal_uart.c ****   *         interruptions have been enabled by HAL_UART_Transmit_IT().
3864:Drivers/STM32F0xx_HAL_Driver/Src/stm32f0xx_hal_uart.c ****   * @param huart UART handle.
3865:Drivers/STM32F0xx_HAL_Driver/Src/stm32f0xx_hal_uart.c ****   * @retval None
3866:Drivers/STM32F0xx_HAL_Driver/Src/stm32f0xx_hal_uart.c ****   */
3867:Drivers/STM32F0xx_HAL_Driver/Src/stm32f0xx_hal_uart.c **** static void UART_TxISR_8BIT(UART_HandleTypeDef *huart)
3868:Drivers/STM32F0xx_HAL_Driver/Src/stm32f0xx_hal_uart.c **** {
 122              		.loc 1 3868 1 view -0
 123              		.cfi_startproc
 124              		@ args = 0, pretend = 0, frame = 0
 125              		@ frame_needed = 0, uses_anonymous_args = 0
 126              		@ link register save eliminated.
ARM GAS  C:\Users\MINIGU~1\AppData\Local\Temp\cc3PAC1x.s 			page 71


3869:Drivers/STM32F0xx_HAL_Driver/Src/stm32f0xx_hal_uart.c ****   /* Check that a Tx process is ongoing */
3870:Drivers/STM32F0xx_HAL_Driver/Src/stm32f0xx_hal_uart.c ****   if (huart->gState == HAL_UART_STATE_BUSY_TX)
 127              		.loc 1 3870 3 view .LVU20
 128              		.loc 1 3870 12 is_stmt 0 view .LVU21
 129 0000 836F     		ldr	r3, [r0, #120]
 130              		.loc 1 3870 6 view .LVU22
 131 0002 212B     		cmp	r3, #33
 132 0004 00D0     		beq	.L10
 133              	.L7:
3871:Drivers/STM32F0xx_HAL_Driver/Src/stm32f0xx_hal_uart.c ****   {
3872:Drivers/STM32F0xx_HAL_Driver/Src/stm32f0xx_hal_uart.c ****     if (huart->TxXferCount == 0U)
3873:Drivers/STM32F0xx_HAL_Driver/Src/stm32f0xx_hal_uart.c ****     {
3874:Drivers/STM32F0xx_HAL_Driver/Src/stm32f0xx_hal_uart.c ****       /* Disable the UART Transmit Data Register Empty Interrupt */
3875:Drivers/STM32F0xx_HAL_Driver/Src/stm32f0xx_hal_uart.c ****       CLEAR_BIT(huart->Instance->CR1, USART_CR1_TXEIE);
3876:Drivers/STM32F0xx_HAL_Driver/Src/stm32f0xx_hal_uart.c **** 
3877:Drivers/STM32F0xx_HAL_Driver/Src/stm32f0xx_hal_uart.c ****       /* Enable the UART Transmit Complete Interrupt */
3878:Drivers/STM32F0xx_HAL_Driver/Src/stm32f0xx_hal_uart.c ****       SET_BIT(huart->Instance->CR1, USART_CR1_TCIE);
3879:Drivers/STM32F0xx_HAL_Driver/Src/stm32f0xx_hal_uart.c ****     }
3880:Drivers/STM32F0xx_HAL_Driver/Src/stm32f0xx_hal_uart.c ****     else
3881:Drivers/STM32F0xx_HAL_Driver/Src/stm32f0xx_hal_uart.c ****     {
3882:Drivers/STM32F0xx_HAL_Driver/Src/stm32f0xx_hal_uart.c ****       huart->Instance->TDR = (uint8_t)(*huart->pTxBuffPtr & (uint8_t)0xFF);
3883:Drivers/STM32F0xx_HAL_Driver/Src/stm32f0xx_hal_uart.c ****       huart->pTxBuffPtr++;
3884:Drivers/STM32F0xx_HAL_Driver/Src/stm32f0xx_hal_uart.c ****       huart->TxXferCount--;
3885:Drivers/STM32F0xx_HAL_Driver/Src/stm32f0xx_hal_uart.c ****     }
3886:Drivers/STM32F0xx_HAL_Driver/Src/stm32f0xx_hal_uart.c ****   }
3887:Drivers/STM32F0xx_HAL_Driver/Src/stm32f0xx_hal_uart.c **** }
 134              		.loc 1 3887 1 view .LVU23
 135              		@ sp needed
 136 0006 7047     		bx	lr
 137              	.L10:
3872:Drivers/STM32F0xx_HAL_Driver/Src/stm32f0xx_hal_uart.c ****     {
 138              		.loc 1 3872 5 is_stmt 1 view .LVU24
3872:Drivers/STM32F0xx_HAL_Driver/Src/stm32f0xx_hal_uart.c ****     {
 139              		.loc 1 3872 14 is_stmt 0 view .LVU25
 140 0008 3133     		adds	r3, r3, #49
 141 000a C35A     		ldrh	r3, [r0, r3]
 142 000c 9BB2     		uxth	r3, r3
3872:Drivers/STM32F0xx_HAL_Driver/Src/stm32f0xx_hal_uart.c ****     {
 143              		.loc 1 3872 8 view .LVU26
 144 000e 002B     		cmp	r3, #0
 145 0010 0AD1     		bne	.L9
3875:Drivers/STM32F0xx_HAL_Driver/Src/stm32f0xx_hal_uart.c **** 
 146              		.loc 1 3875 7 is_stmt 1 view .LVU27
 147 0012 0268     		ldr	r2, [r0]
 148 0014 1368     		ldr	r3, [r2]
 149 0016 8021     		movs	r1, #128
 150 0018 8B43     		bics	r3, r1
 151 001a 1360     		str	r3, [r2]
3878:Drivers/STM32F0xx_HAL_Driver/Src/stm32f0xx_hal_uart.c ****     }
 152              		.loc 1 3878 7 view .LVU28
 153 001c 0268     		ldr	r2, [r0]
 154 001e 1368     		ldr	r3, [r2]
 155 0020 4039     		subs	r1, r1, #64
 156 0022 0B43     		orrs	r3, r1
 157 0024 1360     		str	r3, [r2]
 158 0026 EEE7     		b	.L7
 159              	.L9:
ARM GAS  C:\Users\MINIGU~1\AppData\Local\Temp\cc3PAC1x.s 			page 72


3882:Drivers/STM32F0xx_HAL_Driver/Src/stm32f0xx_hal_uart.c ****       huart->pTxBuffPtr++;
 160              		.loc 1 3882 7 view .LVU29
3882:Drivers/STM32F0xx_HAL_Driver/Src/stm32f0xx_hal_uart.c ****       huart->pTxBuffPtr++;
 161              		.loc 1 3882 30 is_stmt 0 view .LVU30
 162 0028 C36C     		ldr	r3, [r0, #76]
 163 002a 1B78     		ldrb	r3, [r3]
3882:Drivers/STM32F0xx_HAL_Driver/Src/stm32f0xx_hal_uart.c ****       huart->pTxBuffPtr++;
 164              		.loc 1 3882 28 view .LVU31
 165 002c 0268     		ldr	r2, [r0]
 166 002e 1385     		strh	r3, [r2, #40]
3883:Drivers/STM32F0xx_HAL_Driver/Src/stm32f0xx_hal_uart.c ****       huart->TxXferCount--;
 167              		.loc 1 3883 7 is_stmt 1 view .LVU32
3883:Drivers/STM32F0xx_HAL_Driver/Src/stm32f0xx_hal_uart.c ****       huart->TxXferCount--;
 168              		.loc 1 3883 24 is_stmt 0 view .LVU33
 169 0030 C36C     		ldr	r3, [r0, #76]
 170 0032 0133     		adds	r3, r3, #1
 171 0034 C364     		str	r3, [r0, #76]
3884:Drivers/STM32F0xx_HAL_Driver/Src/stm32f0xx_hal_uart.c ****     }
 172              		.loc 1 3884 7 is_stmt 1 view .LVU34
3884:Drivers/STM32F0xx_HAL_Driver/Src/stm32f0xx_hal_uart.c ****     }
 173              		.loc 1 3884 12 is_stmt 0 view .LVU35
 174 0036 5222     		movs	r2, #82
 175 0038 835A     		ldrh	r3, [r0, r2]
3884:Drivers/STM32F0xx_HAL_Driver/Src/stm32f0xx_hal_uart.c ****     }
 176              		.loc 1 3884 25 view .LVU36
 177 003a 013B     		subs	r3, r3, #1
 178 003c 9BB2     		uxth	r3, r3
 179 003e 8352     		strh	r3, [r0, r2]
 180              		.loc 1 3887 1 view .LVU37
 181 0040 E1E7     		b	.L7
 182              		.cfi_endproc
 183              	.LFE99:
 185              		.section	.text.UART_TxISR_16BIT,"ax",%progbits
 186              		.align	1
 187              		.syntax unified
 188              		.code	16
 189              		.thumb_func
 190              		.fpu softvfp
 192              	UART_TxISR_16BIT:
 193              	.LVL3:
 194              	.LFB100:
3888:Drivers/STM32F0xx_HAL_Driver/Src/stm32f0xx_hal_uart.c **** 
3889:Drivers/STM32F0xx_HAL_Driver/Src/stm32f0xx_hal_uart.c **** /**
3890:Drivers/STM32F0xx_HAL_Driver/Src/stm32f0xx_hal_uart.c ****   * @brief TX interrupt handler for 9 bits data word length.
3891:Drivers/STM32F0xx_HAL_Driver/Src/stm32f0xx_hal_uart.c ****   * @note   Function is called under interruption only, once
3892:Drivers/STM32F0xx_HAL_Driver/Src/stm32f0xx_hal_uart.c ****   *         interruptions have been enabled by HAL_UART_Transmit_IT().
3893:Drivers/STM32F0xx_HAL_Driver/Src/stm32f0xx_hal_uart.c ****   * @param huart UART handle.
3894:Drivers/STM32F0xx_HAL_Driver/Src/stm32f0xx_hal_uart.c ****   * @retval None
3895:Drivers/STM32F0xx_HAL_Driver/Src/stm32f0xx_hal_uart.c ****   */
3896:Drivers/STM32F0xx_HAL_Driver/Src/stm32f0xx_hal_uart.c **** static void UART_TxISR_16BIT(UART_HandleTypeDef *huart)
3897:Drivers/STM32F0xx_HAL_Driver/Src/stm32f0xx_hal_uart.c **** {
 195              		.loc 1 3897 1 is_stmt 1 view -0
 196              		.cfi_startproc
 197              		@ args = 0, pretend = 0, frame = 0
 198              		@ frame_needed = 0, uses_anonymous_args = 0
 199              		@ link register save eliminated.
3898:Drivers/STM32F0xx_HAL_Driver/Src/stm32f0xx_hal_uart.c ****   uint16_t *tmp;
ARM GAS  C:\Users\MINIGU~1\AppData\Local\Temp\cc3PAC1x.s 			page 73


 200              		.loc 1 3898 3 view .LVU39
3899:Drivers/STM32F0xx_HAL_Driver/Src/stm32f0xx_hal_uart.c **** 
3900:Drivers/STM32F0xx_HAL_Driver/Src/stm32f0xx_hal_uart.c ****   /* Check that a Tx process is ongoing */
3901:Drivers/STM32F0xx_HAL_Driver/Src/stm32f0xx_hal_uart.c ****   if (huart->gState == HAL_UART_STATE_BUSY_TX)
 201              		.loc 1 3901 3 view .LVU40
 202              		.loc 1 3901 12 is_stmt 0 view .LVU41
 203 0000 836F     		ldr	r3, [r0, #120]
 204              		.loc 1 3901 6 view .LVU42
 205 0002 212B     		cmp	r3, #33
 206 0004 00D0     		beq	.L14
 207              	.L11:
3902:Drivers/STM32F0xx_HAL_Driver/Src/stm32f0xx_hal_uart.c ****   {
3903:Drivers/STM32F0xx_HAL_Driver/Src/stm32f0xx_hal_uart.c ****     if (huart->TxXferCount == 0U)
3904:Drivers/STM32F0xx_HAL_Driver/Src/stm32f0xx_hal_uart.c ****     {
3905:Drivers/STM32F0xx_HAL_Driver/Src/stm32f0xx_hal_uart.c ****       /* Disable the UART Transmit Data Register Empty Interrupt */
3906:Drivers/STM32F0xx_HAL_Driver/Src/stm32f0xx_hal_uart.c ****       CLEAR_BIT(huart->Instance->CR1, USART_CR1_TXEIE);
3907:Drivers/STM32F0xx_HAL_Driver/Src/stm32f0xx_hal_uart.c **** 
3908:Drivers/STM32F0xx_HAL_Driver/Src/stm32f0xx_hal_uart.c ****       /* Enable the UART Transmit Complete Interrupt */
3909:Drivers/STM32F0xx_HAL_Driver/Src/stm32f0xx_hal_uart.c ****       SET_BIT(huart->Instance->CR1, USART_CR1_TCIE);
3910:Drivers/STM32F0xx_HAL_Driver/Src/stm32f0xx_hal_uart.c ****     }
3911:Drivers/STM32F0xx_HAL_Driver/Src/stm32f0xx_hal_uart.c ****     else
3912:Drivers/STM32F0xx_HAL_Driver/Src/stm32f0xx_hal_uart.c ****     {
3913:Drivers/STM32F0xx_HAL_Driver/Src/stm32f0xx_hal_uart.c ****       tmp = (uint16_t *) huart->pTxBuffPtr;
3914:Drivers/STM32F0xx_HAL_Driver/Src/stm32f0xx_hal_uart.c ****       huart->Instance->TDR = (((uint32_t)(*tmp)) & 0x01FFUL);
3915:Drivers/STM32F0xx_HAL_Driver/Src/stm32f0xx_hal_uart.c ****       huart->pTxBuffPtr += 2U;
3916:Drivers/STM32F0xx_HAL_Driver/Src/stm32f0xx_hal_uart.c ****       huart->TxXferCount--;
3917:Drivers/STM32F0xx_HAL_Driver/Src/stm32f0xx_hal_uart.c ****     }
3918:Drivers/STM32F0xx_HAL_Driver/Src/stm32f0xx_hal_uart.c ****   }
3919:Drivers/STM32F0xx_HAL_Driver/Src/stm32f0xx_hal_uart.c **** }
 208              		.loc 1 3919 1 view .LVU43
 209              		@ sp needed
 210 0006 7047     		bx	lr
 211              	.L14:
3903:Drivers/STM32F0xx_HAL_Driver/Src/stm32f0xx_hal_uart.c ****     {
 212              		.loc 1 3903 5 is_stmt 1 view .LVU44
3903:Drivers/STM32F0xx_HAL_Driver/Src/stm32f0xx_hal_uart.c ****     {
 213              		.loc 1 3903 14 is_stmt 0 view .LVU45
 214 0008 3133     		adds	r3, r3, #49
 215 000a C35A     		ldrh	r3, [r0, r3]
 216 000c 9BB2     		uxth	r3, r3
3903:Drivers/STM32F0xx_HAL_Driver/Src/stm32f0xx_hal_uart.c ****     {
 217              		.loc 1 3903 8 view .LVU46
 218 000e 002B     		cmp	r3, #0
 219 0010 0AD1     		bne	.L13
3906:Drivers/STM32F0xx_HAL_Driver/Src/stm32f0xx_hal_uart.c **** 
 220              		.loc 1 3906 7 is_stmt 1 view .LVU47
 221 0012 0268     		ldr	r2, [r0]
 222 0014 1368     		ldr	r3, [r2]
 223 0016 8021     		movs	r1, #128
 224 0018 8B43     		bics	r3, r1
 225 001a 1360     		str	r3, [r2]
3909:Drivers/STM32F0xx_HAL_Driver/Src/stm32f0xx_hal_uart.c ****     }
 226              		.loc 1 3909 7 view .LVU48
 227 001c 0268     		ldr	r2, [r0]
 228 001e 1368     		ldr	r3, [r2]
 229 0020 4039     		subs	r1, r1, #64
 230 0022 0B43     		orrs	r3, r1
ARM GAS  C:\Users\MINIGU~1\AppData\Local\Temp\cc3PAC1x.s 			page 74


 231 0024 1360     		str	r3, [r2]
 232 0026 EEE7     		b	.L11
 233              	.L13:
3913:Drivers/STM32F0xx_HAL_Driver/Src/stm32f0xx_hal_uart.c ****       huart->Instance->TDR = (((uint32_t)(*tmp)) & 0x01FFUL);
 234              		.loc 1 3913 7 view .LVU49
 235              	.LVL4:
3914:Drivers/STM32F0xx_HAL_Driver/Src/stm32f0xx_hal_uart.c ****       huart->pTxBuffPtr += 2U;
 236              		.loc 1 3914 7 view .LVU50
3914:Drivers/STM32F0xx_HAL_Driver/Src/stm32f0xx_hal_uart.c ****       huart->pTxBuffPtr += 2U;
 237              		.loc 1 3914 43 is_stmt 0 view .LVU51
 238 0028 C36C     		ldr	r3, [r0, #76]
 239 002a 1B88     		ldrh	r3, [r3]
3914:Drivers/STM32F0xx_HAL_Driver/Src/stm32f0xx_hal_uart.c ****       huart->pTxBuffPtr += 2U;
 240              		.loc 1 3914 50 view .LVU52
 241 002c DB05     		lsls	r3, r3, #23
 242 002e DB0D     		lsrs	r3, r3, #23
3914:Drivers/STM32F0xx_HAL_Driver/Src/stm32f0xx_hal_uart.c ****       huart->pTxBuffPtr += 2U;
 243              		.loc 1 3914 28 view .LVU53
 244 0030 0268     		ldr	r2, [r0]
 245 0032 1385     		strh	r3, [r2, #40]
 246              	.LVL5:
3915:Drivers/STM32F0xx_HAL_Driver/Src/stm32f0xx_hal_uart.c ****       huart->TxXferCount--;
 247              		.loc 1 3915 7 is_stmt 1 view .LVU54
3915:Drivers/STM32F0xx_HAL_Driver/Src/stm32f0xx_hal_uart.c ****       huart->TxXferCount--;
 248              		.loc 1 3915 25 is_stmt 0 view .LVU55
 249 0034 C36C     		ldr	r3, [r0, #76]
 250 0036 0233     		adds	r3, r3, #2
 251 0038 C364     		str	r3, [r0, #76]
3916:Drivers/STM32F0xx_HAL_Driver/Src/stm32f0xx_hal_uart.c ****     }
 252              		.loc 1 3916 7 is_stmt 1 view .LVU56
3916:Drivers/STM32F0xx_HAL_Driver/Src/stm32f0xx_hal_uart.c ****     }
 253              		.loc 1 3916 12 is_stmt 0 view .LVU57
 254 003a 5222     		movs	r2, #82
 255 003c 835A     		ldrh	r3, [r0, r2]
3916:Drivers/STM32F0xx_HAL_Driver/Src/stm32f0xx_hal_uart.c ****     }
 256              		.loc 1 3916 25 view .LVU58
 257 003e 013B     		subs	r3, r3, #1
 258 0040 9BB2     		uxth	r3, r3
 259 0042 8352     		strh	r3, [r0, r2]
 260              		.loc 1 3919 1 view .LVU59
 261 0044 DFE7     		b	.L11
 262              		.cfi_endproc
 263              	.LFE100:
 265              		.section	.text.HAL_UART_MspInit,"ax",%progbits
 266              		.align	1
 267              		.weak	HAL_UART_MspInit
 268              		.syntax unified
 269              		.code	16
 270              		.thumb_func
 271              		.fpu softvfp
 273              	HAL_UART_MspInit:
 274              	.LVL6:
 275              	.LFB44:
 712:Drivers/STM32F0xx_HAL_Driver/Src/stm32f0xx_hal_uart.c ****   /* Prevent unused argument(s) compilation warning */
 276              		.loc 1 712 1 is_stmt 1 view -0
 277              		.cfi_startproc
 278              		@ args = 0, pretend = 0, frame = 0
ARM GAS  C:\Users\MINIGU~1\AppData\Local\Temp\cc3PAC1x.s 			page 75


 279              		@ frame_needed = 0, uses_anonymous_args = 0
 280              		@ link register save eliminated.
 714:Drivers/STM32F0xx_HAL_Driver/Src/stm32f0xx_hal_uart.c **** 
 281              		.loc 1 714 3 view .LVU61
 719:Drivers/STM32F0xx_HAL_Driver/Src/stm32f0xx_hal_uart.c **** 
 282              		.loc 1 719 1 is_stmt 0 view .LVU62
 283              		@ sp needed
 284 0000 7047     		bx	lr
 285              		.cfi_endproc
 286              	.LFE44:
 288              		.section	.text.HAL_UART_MspDeInit,"ax",%progbits
 289              		.align	1
 290              		.weak	HAL_UART_MspDeInit
 291              		.syntax unified
 292              		.code	16
 293              		.thumb_func
 294              		.fpu softvfp
 296              	HAL_UART_MspDeInit:
 297              	.LVL7:
 298              	.LFB45:
 727:Drivers/STM32F0xx_HAL_Driver/Src/stm32f0xx_hal_uart.c ****   /* Prevent unused argument(s) compilation warning */
 299              		.loc 1 727 1 is_stmt 1 view -0
 300              		.cfi_startproc
 301              		@ args = 0, pretend = 0, frame = 0
 302              		@ frame_needed = 0, uses_anonymous_args = 0
 303              		@ link register save eliminated.
 729:Drivers/STM32F0xx_HAL_Driver/Src/stm32f0xx_hal_uart.c **** 
 304              		.loc 1 729 3 view .LVU64
 734:Drivers/STM32F0xx_HAL_Driver/Src/stm32f0xx_hal_uart.c **** 
 305              		.loc 1 734 1 is_stmt 0 view .LVU65
 306              		@ sp needed
 307 0000 7047     		bx	lr
 308              		.cfi_endproc
 309              	.LFE45:
 311              		.section	.text.HAL_UART_DeInit,"ax",%progbits
 312              		.align	1
 313              		.global	HAL_UART_DeInit
 314              		.syntax unified
 315              		.code	16
 316              		.thumb_func
 317              		.fpu softvfp
 319              	HAL_UART_DeInit:
 320              	.LVL8:
 321              	.LFB43:
 666:Drivers/STM32F0xx_HAL_Driver/Src/stm32f0xx_hal_uart.c ****   /* Check the UART handle allocation */
 322              		.loc 1 666 1 is_stmt 1 view -0
 323              		.cfi_startproc
 324              		@ args = 0, pretend = 0, frame = 0
 325              		@ frame_needed = 0, uses_anonymous_args = 0
 666:Drivers/STM32F0xx_HAL_Driver/Src/stm32f0xx_hal_uart.c ****   /* Check the UART handle allocation */
 326              		.loc 1 666 1 is_stmt 0 view .LVU67
 327 0000 70B5     		push	{r4, r5, r6, lr}
 328              	.LCFI0:
 329              		.cfi_def_cfa_offset 16
 330              		.cfi_offset 4, -16
 331              		.cfi_offset 5, -12
 332              		.cfi_offset 6, -8
ARM GAS  C:\Users\MINIGU~1\AppData\Local\Temp\cc3PAC1x.s 			page 76


 333              		.cfi_offset 14, -4
 334 0002 041E     		subs	r4, r0, #0
 668:Drivers/STM32F0xx_HAL_Driver/Src/stm32f0xx_hal_uart.c ****   {
 335              		.loc 1 668 3 is_stmt 1 view .LVU68
 668:Drivers/STM32F0xx_HAL_Driver/Src/stm32f0xx_hal_uart.c ****   {
 336              		.loc 1 668 6 is_stmt 0 view .LVU69
 337 0004 18D0     		beq	.L19
 674:Drivers/STM32F0xx_HAL_Driver/Src/stm32f0xx_hal_uart.c **** 
 338              		.loc 1 674 3 is_stmt 1 view .LVU70
 676:Drivers/STM32F0xx_HAL_Driver/Src/stm32f0xx_hal_uart.c **** 
 339              		.loc 1 676 3 view .LVU71
 676:Drivers/STM32F0xx_HAL_Driver/Src/stm32f0xx_hal_uart.c **** 
 340              		.loc 1 676 17 is_stmt 0 view .LVU72
 341 0006 2423     		movs	r3, #36
 342 0008 8367     		str	r3, [r0, #120]
 678:Drivers/STM32F0xx_HAL_Driver/Src/stm32f0xx_hal_uart.c **** 
 343              		.loc 1 678 3 is_stmt 1 view .LVU73
 344 000a 0268     		ldr	r2, [r0]
 345 000c 1368     		ldr	r3, [r2]
 346 000e 0121     		movs	r1, #1
 347 0010 8B43     		bics	r3, r1
 348 0012 1360     		str	r3, [r2]
 680:Drivers/STM32F0xx_HAL_Driver/Src/stm32f0xx_hal_uart.c ****   huart->Instance->CR2 = 0x0U;
 349              		.loc 1 680 3 view .LVU74
 680:Drivers/STM32F0xx_HAL_Driver/Src/stm32f0xx_hal_uart.c ****   huart->Instance->CR2 = 0x0U;
 350              		.loc 1 680 8 is_stmt 0 view .LVU75
 351 0014 0368     		ldr	r3, [r0]
 680:Drivers/STM32F0xx_HAL_Driver/Src/stm32f0xx_hal_uart.c ****   huart->Instance->CR2 = 0x0U;
 352              		.loc 1 680 24 view .LVU76
 353 0016 0025     		movs	r5, #0
 354 0018 1D60     		str	r5, [r3]
 681:Drivers/STM32F0xx_HAL_Driver/Src/stm32f0xx_hal_uart.c ****   huart->Instance->CR3 = 0x0U;
 355              		.loc 1 681 3 is_stmt 1 view .LVU77
 681:Drivers/STM32F0xx_HAL_Driver/Src/stm32f0xx_hal_uart.c ****   huart->Instance->CR3 = 0x0U;
 356              		.loc 1 681 8 is_stmt 0 view .LVU78
 357 001a 0368     		ldr	r3, [r0]
 681:Drivers/STM32F0xx_HAL_Driver/Src/stm32f0xx_hal_uart.c ****   huart->Instance->CR3 = 0x0U;
 358              		.loc 1 681 24 view .LVU79
 359 001c 5D60     		str	r5, [r3, #4]
 682:Drivers/STM32F0xx_HAL_Driver/Src/stm32f0xx_hal_uart.c **** 
 360              		.loc 1 682 3 is_stmt 1 view .LVU80
 682:Drivers/STM32F0xx_HAL_Driver/Src/stm32f0xx_hal_uart.c **** 
 361              		.loc 1 682 8 is_stmt 0 view .LVU81
 362 001e 0368     		ldr	r3, [r0]
 682:Drivers/STM32F0xx_HAL_Driver/Src/stm32f0xx_hal_uart.c **** 
 363              		.loc 1 682 24 view .LVU82
 364 0020 9D60     		str	r5, [r3, #8]
 693:Drivers/STM32F0xx_HAL_Driver/Src/stm32f0xx_hal_uart.c **** #endif /* (USE_HAL_UART_REGISTER_CALLBACKS) */
 365              		.loc 1 693 3 is_stmt 1 view .LVU83
 366 0022 FFF7FEFF 		bl	HAL_UART_MspDeInit
 367              	.LVL9:
 696:Drivers/STM32F0xx_HAL_Driver/Src/stm32f0xx_hal_uart.c ****   huart->gState = HAL_UART_STATE_RESET;
 368              		.loc 1 696 3 view .LVU84
 696:Drivers/STM32F0xx_HAL_Driver/Src/stm32f0xx_hal_uart.c ****   huart->gState = HAL_UART_STATE_RESET;
 369              		.loc 1 696 20 is_stmt 0 view .LVU85
 370 0026 8023     		movs	r3, #128
 371 0028 E550     		str	r5, [r4, r3]
ARM GAS  C:\Users\MINIGU~1\AppData\Local\Temp\cc3PAC1x.s 			page 77


 697:Drivers/STM32F0xx_HAL_Driver/Src/stm32f0xx_hal_uart.c ****   huart->RxState = HAL_UART_STATE_RESET;
 372              		.loc 1 697 3 is_stmt 1 view .LVU86
 697:Drivers/STM32F0xx_HAL_Driver/Src/stm32f0xx_hal_uart.c ****   huart->RxState = HAL_UART_STATE_RESET;
 373              		.loc 1 697 17 is_stmt 0 view .LVU87
 374 002a A567     		str	r5, [r4, #120]
 698:Drivers/STM32F0xx_HAL_Driver/Src/stm32f0xx_hal_uart.c ****   huart->ReceptionType = HAL_UART_RECEPTION_STANDARD;
 375              		.loc 1 698 3 is_stmt 1 view .LVU88
 698:Drivers/STM32F0xx_HAL_Driver/Src/stm32f0xx_hal_uart.c ****   huart->ReceptionType = HAL_UART_RECEPTION_STANDARD;
 376              		.loc 1 698 18 is_stmt 0 view .LVU89
 377 002c E567     		str	r5, [r4, #124]
 699:Drivers/STM32F0xx_HAL_Driver/Src/stm32f0xx_hal_uart.c **** 
 378              		.loc 1 699 3 is_stmt 1 view .LVU90
 699:Drivers/STM32F0xx_HAL_Driver/Src/stm32f0xx_hal_uart.c **** 
 379              		.loc 1 699 24 is_stmt 0 view .LVU91
 380 002e 2566     		str	r5, [r4, #96]
 701:Drivers/STM32F0xx_HAL_Driver/Src/stm32f0xx_hal_uart.c **** 
 381              		.loc 1 701 3 is_stmt 1 view .LVU92
 701:Drivers/STM32F0xx_HAL_Driver/Src/stm32f0xx_hal_uart.c **** 
 382              		.loc 1 701 3 view .LVU93
 383 0030 0C3B     		subs	r3, r3, #12
 384 0032 E554     		strb	r5, [r4, r3]
 701:Drivers/STM32F0xx_HAL_Driver/Src/stm32f0xx_hal_uart.c **** 
 385              		.loc 1 701 3 view .LVU94
 703:Drivers/STM32F0xx_HAL_Driver/Src/stm32f0xx_hal_uart.c **** }
 386              		.loc 1 703 3 view .LVU95
 703:Drivers/STM32F0xx_HAL_Driver/Src/stm32f0xx_hal_uart.c **** }
 387              		.loc 1 703 10 is_stmt 0 view .LVU96
 388 0034 0020     		movs	r0, #0
 389              	.L18:
 704:Drivers/STM32F0xx_HAL_Driver/Src/stm32f0xx_hal_uart.c **** 
 390              		.loc 1 704 1 view .LVU97
 391              		@ sp needed
 392              	.LVL10:
 704:Drivers/STM32F0xx_HAL_Driver/Src/stm32f0xx_hal_uart.c **** 
 393              		.loc 1 704 1 view .LVU98
 394 0036 70BD     		pop	{r4, r5, r6, pc}
 395              	.LVL11:
 396              	.L19:
 670:Drivers/STM32F0xx_HAL_Driver/Src/stm32f0xx_hal_uart.c ****   }
 397              		.loc 1 670 12 view .LVU99
 398 0038 0120     		movs	r0, #1
 399              	.LVL12:
 670:Drivers/STM32F0xx_HAL_Driver/Src/stm32f0xx_hal_uart.c ****   }
 400              		.loc 1 670 12 view .LVU100
 401 003a FCE7     		b	.L18
 402              		.cfi_endproc
 403              	.LFE43:
 405              		.section	.text.HAL_UART_Transmit_IT,"ax",%progbits
 406              		.align	1
 407              		.global	HAL_UART_Transmit_IT
 408              		.syntax unified
 409              		.code	16
 410              		.thumb_func
 411              		.fpu softvfp
 413              	HAL_UART_Transmit_IT:
 414              	.LVL13:
 415              	.LFB48:
ARM GAS  C:\Users\MINIGU~1\AppData\Local\Temp\cc3PAC1x.s 			page 78


1349:Drivers/STM32F0xx_HAL_Driver/Src/stm32f0xx_hal_uart.c ****   /* Check that a Tx process is not already ongoing */
 416              		.loc 1 1349 1 is_stmt 1 view -0
 417              		.cfi_startproc
 418              		@ args = 0, pretend = 0, frame = 0
 419              		@ frame_needed = 0, uses_anonymous_args = 0
1349:Drivers/STM32F0xx_HAL_Driver/Src/stm32f0xx_hal_uart.c ****   /* Check that a Tx process is not already ongoing */
 420              		.loc 1 1349 1 is_stmt 0 view .LVU102
 421 0000 30B5     		push	{r4, r5, lr}
 422              	.LCFI1:
 423              		.cfi_def_cfa_offset 12
 424              		.cfi_offset 4, -12
 425              		.cfi_offset 5, -8
 426              		.cfi_offset 14, -4
1351:Drivers/STM32F0xx_HAL_Driver/Src/stm32f0xx_hal_uart.c ****   {
 427              		.loc 1 1351 3 is_stmt 1 view .LVU103
1351:Drivers/STM32F0xx_HAL_Driver/Src/stm32f0xx_hal_uart.c ****   {
 428              		.loc 1 1351 12 is_stmt 0 view .LVU104
 429 0002 836F     		ldr	r3, [r0, #120]
1351:Drivers/STM32F0xx_HAL_Driver/Src/stm32f0xx_hal_uart.c ****   {
 430              		.loc 1 1351 6 view .LVU105
 431 0004 202B     		cmp	r3, #32
 432 0006 37D1     		bne	.L25
1353:Drivers/STM32F0xx_HAL_Driver/Src/stm32f0xx_hal_uart.c ****     {
 433              		.loc 1 1353 5 is_stmt 1 view .LVU106
1353:Drivers/STM32F0xx_HAL_Driver/Src/stm32f0xx_hal_uart.c ****     {
 434              		.loc 1 1353 8 is_stmt 0 view .LVU107
 435 0008 0029     		cmp	r1, #0
 436 000a 37D0     		beq	.L26
1353:Drivers/STM32F0xx_HAL_Driver/Src/stm32f0xx_hal_uart.c ****     {
 437              		.loc 1 1353 25 discriminator 1 view .LVU108
 438 000c 002A     		cmp	r2, #0
 439 000e 37D0     		beq	.L27
1361:Drivers/STM32F0xx_HAL_Driver/Src/stm32f0xx_hal_uart.c ****     {
 440              		.loc 1 1361 5 is_stmt 1 view .LVU109
1361:Drivers/STM32F0xx_HAL_Driver/Src/stm32f0xx_hal_uart.c ****     {
 441              		.loc 1 1361 21 is_stmt 0 view .LVU110
 442 0010 8368     		ldr	r3, [r0, #8]
1361:Drivers/STM32F0xx_HAL_Driver/Src/stm32f0xx_hal_uart.c ****     {
 443              		.loc 1 1361 8 view .LVU111
 444 0012 8024     		movs	r4, #128
 445 0014 6401     		lsls	r4, r4, #5
 446 0016 A342     		cmp	r3, r4
 447 0018 21D0     		beq	.L30
 448              	.L22:
1369:Drivers/STM32F0xx_HAL_Driver/Src/stm32f0xx_hal_uart.c **** 
 449              		.loc 1 1369 5 is_stmt 1 view .LVU112
1369:Drivers/STM32F0xx_HAL_Driver/Src/stm32f0xx_hal_uart.c **** 
 450              		.loc 1 1369 5 view .LVU113
 451 001a 7424     		movs	r4, #116
 452 001c 045D     		ldrb	r4, [r0, r4]
 453 001e 012C     		cmp	r4, #1
 454 0020 30D0     		beq	.L29
1369:Drivers/STM32F0xx_HAL_Driver/Src/stm32f0xx_hal_uart.c **** 
 455              		.loc 1 1369 5 discriminator 2 view .LVU114
 456 0022 7424     		movs	r4, #116
 457 0024 0125     		movs	r5, #1
 458 0026 0555     		strb	r5, [r0, r4]
ARM GAS  C:\Users\MINIGU~1\AppData\Local\Temp\cc3PAC1x.s 			page 79


1369:Drivers/STM32F0xx_HAL_Driver/Src/stm32f0xx_hal_uart.c **** 
 459              		.loc 1 1369 5 discriminator 2 view .LVU115
1371:Drivers/STM32F0xx_HAL_Driver/Src/stm32f0xx_hal_uart.c ****     huart->TxXferSize  = Size;
 460              		.loc 1 1371 5 discriminator 2 view .LVU116
1371:Drivers/STM32F0xx_HAL_Driver/Src/stm32f0xx_hal_uart.c ****     huart->TxXferSize  = Size;
 461              		.loc 1 1371 24 is_stmt 0 discriminator 2 view .LVU117
 462 0028 C164     		str	r1, [r0, #76]
1372:Drivers/STM32F0xx_HAL_Driver/Src/stm32f0xx_hal_uart.c ****     huart->TxXferCount = Size;
 463              		.loc 1 1372 5 is_stmt 1 discriminator 2 view .LVU118
1372:Drivers/STM32F0xx_HAL_Driver/Src/stm32f0xx_hal_uart.c ****     huart->TxXferCount = Size;
 464              		.loc 1 1372 24 is_stmt 0 discriminator 2 view .LVU119
 465 002a 5021     		movs	r1, #80
 466              	.LVL14:
1372:Drivers/STM32F0xx_HAL_Driver/Src/stm32f0xx_hal_uart.c ****     huart->TxXferCount = Size;
 467              		.loc 1 1372 24 discriminator 2 view .LVU120
 468 002c 4252     		strh	r2, [r0, r1]
 469              	.LVL15:
1373:Drivers/STM32F0xx_HAL_Driver/Src/stm32f0xx_hal_uart.c ****     huart->TxISR       = NULL;
 470              		.loc 1 1373 5 is_stmt 1 discriminator 2 view .LVU121
1373:Drivers/STM32F0xx_HAL_Driver/Src/stm32f0xx_hal_uart.c ****     huart->TxISR       = NULL;
 471              		.loc 1 1373 24 is_stmt 0 discriminator 2 view .LVU122
 472 002e 0231     		adds	r1, r1, #2
 473 0030 4252     		strh	r2, [r0, r1]
1374:Drivers/STM32F0xx_HAL_Driver/Src/stm32f0xx_hal_uart.c **** 
 474              		.loc 1 1374 5 is_stmt 1 discriminator 2 view .LVU123
1374:Drivers/STM32F0xx_HAL_Driver/Src/stm32f0xx_hal_uart.c **** 
 475              		.loc 1 1374 24 is_stmt 0 discriminator 2 view .LVU124
 476 0032 0022     		movs	r2, #0
 477              	.LVL16:
1374:Drivers/STM32F0xx_HAL_Driver/Src/stm32f0xx_hal_uart.c **** 
 478              		.loc 1 1374 24 discriminator 2 view .LVU125
 479 0034 8266     		str	r2, [r0, #104]
 480              	.LVL17:
1376:Drivers/STM32F0xx_HAL_Driver/Src/stm32f0xx_hal_uart.c ****     huart->gState = HAL_UART_STATE_BUSY_TX;
 481              		.loc 1 1376 5 is_stmt 1 discriminator 2 view .LVU126
1376:Drivers/STM32F0xx_HAL_Driver/Src/stm32f0xx_hal_uart.c ****     huart->gState = HAL_UART_STATE_BUSY_TX;
 482              		.loc 1 1376 22 is_stmt 0 discriminator 2 view .LVU127
 483 0036 2E31     		adds	r1, r1, #46
 484 0038 4250     		str	r2, [r0, r1]
1377:Drivers/STM32F0xx_HAL_Driver/Src/stm32f0xx_hal_uart.c **** 
 485              		.loc 1 1377 5 is_stmt 1 discriminator 2 view .LVU128
1377:Drivers/STM32F0xx_HAL_Driver/Src/stm32f0xx_hal_uart.c **** 
 486              		.loc 1 1377 19 is_stmt 0 discriminator 2 view .LVU129
 487 003a 2132     		adds	r2, r2, #33
 488 003c 8267     		str	r2, [r0, #120]
1380:Drivers/STM32F0xx_HAL_Driver/Src/stm32f0xx_hal_uart.c ****     {
 489              		.loc 1 1380 5 is_stmt 1 discriminator 2 view .LVU130
1380:Drivers/STM32F0xx_HAL_Driver/Src/stm32f0xx_hal_uart.c ****     {
 490              		.loc 1 1380 8 is_stmt 0 discriminator 2 view .LVU131
 491 003e 8022     		movs	r2, #128
 492 0040 5201     		lsls	r2, r2, #5
 493 0042 9342     		cmp	r3, r2
 494 0044 12D0     		beq	.L31
 495              	.L23:
1386:Drivers/STM32F0xx_HAL_Driver/Src/stm32f0xx_hal_uart.c ****     }
 496              		.loc 1 1386 7 is_stmt 1 view .LVU132
1386:Drivers/STM32F0xx_HAL_Driver/Src/stm32f0xx_hal_uart.c ****     }
ARM GAS  C:\Users\MINIGU~1\AppData\Local\Temp\cc3PAC1x.s 			page 80


 497              		.loc 1 1386 20 is_stmt 0 view .LVU133
 498 0046 104B     		ldr	r3, .L32
 499 0048 8366     		str	r3, [r0, #104]
 500              	.L24:
1389:Drivers/STM32F0xx_HAL_Driver/Src/stm32f0xx_hal_uart.c **** 
 501              		.loc 1 1389 5 is_stmt 1 view .LVU134
1389:Drivers/STM32F0xx_HAL_Driver/Src/stm32f0xx_hal_uart.c **** 
 502              		.loc 1 1389 5 view .LVU135
 503 004a 7423     		movs	r3, #116
 504 004c 0022     		movs	r2, #0
 505 004e C254     		strb	r2, [r0, r3]
1389:Drivers/STM32F0xx_HAL_Driver/Src/stm32f0xx_hal_uart.c **** 
 506              		.loc 1 1389 5 view .LVU136
1392:Drivers/STM32F0xx_HAL_Driver/Src/stm32f0xx_hal_uart.c **** 
 507              		.loc 1 1392 5 view .LVU137
 508 0050 0268     		ldr	r2, [r0]
 509 0052 1368     		ldr	r3, [r2]
 510 0054 8021     		movs	r1, #128
 511 0056 0B43     		orrs	r3, r1
 512 0058 1360     		str	r3, [r2]
1394:Drivers/STM32F0xx_HAL_Driver/Src/stm32f0xx_hal_uart.c ****   }
 513              		.loc 1 1394 5 view .LVU138
1394:Drivers/STM32F0xx_HAL_Driver/Src/stm32f0xx_hal_uart.c ****   }
 514              		.loc 1 1394 12 is_stmt 0 view .LVU139
 515 005a 0020     		movs	r0, #0
 516              	.LVL18:
1394:Drivers/STM32F0xx_HAL_Driver/Src/stm32f0xx_hal_uart.c ****   }
 517              		.loc 1 1394 12 view .LVU140
 518 005c 0DE0     		b	.L21
 519              	.LVL19:
 520              	.L30:
1361:Drivers/STM32F0xx_HAL_Driver/Src/stm32f0xx_hal_uart.c ****     {
 521              		.loc 1 1361 56 discriminator 1 view .LVU141
 522 005e 0469     		ldr	r4, [r0, #16]
 523 0060 002C     		cmp	r4, #0
 524 0062 DAD1     		bne	.L22
1363:Drivers/STM32F0xx_HAL_Driver/Src/stm32f0xx_hal_uart.c ****       {
 525              		.loc 1 1363 7 is_stmt 1 view .LVU142
1363:Drivers/STM32F0xx_HAL_Driver/Src/stm32f0xx_hal_uart.c ****       {
 526              		.loc 1 1363 10 is_stmt 0 view .LVU143
 527 0064 CC07     		lsls	r4, r1, #31
 528 0066 D8D5     		bpl	.L22
1365:Drivers/STM32F0xx_HAL_Driver/Src/stm32f0xx_hal_uart.c ****       }
 529              		.loc 1 1365 17 view .LVU144
 530 0068 0120     		movs	r0, #1
 531              	.LVL20:
1365:Drivers/STM32F0xx_HAL_Driver/Src/stm32f0xx_hal_uart.c ****       }
 532              		.loc 1 1365 17 view .LVU145
 533 006a 06E0     		b	.L21
 534              	.LVL21:
 535              	.L31:
1380:Drivers/STM32F0xx_HAL_Driver/Src/stm32f0xx_hal_uart.c ****     {
 536              		.loc 1 1380 56 discriminator 1 view .LVU146
 537 006c 0369     		ldr	r3, [r0, #16]
 538 006e 002B     		cmp	r3, #0
 539 0070 E9D1     		bne	.L23
1382:Drivers/STM32F0xx_HAL_Driver/Src/stm32f0xx_hal_uart.c ****     }
ARM GAS  C:\Users\MINIGU~1\AppData\Local\Temp\cc3PAC1x.s 			page 81


 540              		.loc 1 1382 7 is_stmt 1 view .LVU147
1382:Drivers/STM32F0xx_HAL_Driver/Src/stm32f0xx_hal_uart.c ****     }
 541              		.loc 1 1382 20 is_stmt 0 view .LVU148
 542 0072 064B     		ldr	r3, .L32+4
 543 0074 8366     		str	r3, [r0, #104]
 544 0076 E8E7     		b	.L24
 545              	.LVL22:
 546              	.L25:
1398:Drivers/STM32F0xx_HAL_Driver/Src/stm32f0xx_hal_uart.c ****   }
 547              		.loc 1 1398 12 view .LVU149
 548 0078 0220     		movs	r0, #2
 549              	.LVL23:
 550              	.L21:
1400:Drivers/STM32F0xx_HAL_Driver/Src/stm32f0xx_hal_uart.c **** 
 551              		.loc 1 1400 1 view .LVU150
 552              		@ sp needed
 553 007a 30BD     		pop	{r4, r5, pc}
 554              	.LVL24:
 555              	.L26:
1355:Drivers/STM32F0xx_HAL_Driver/Src/stm32f0xx_hal_uart.c ****     }
 556              		.loc 1 1355 14 view .LVU151
 557 007c 0120     		movs	r0, #1
 558              	.LVL25:
1355:Drivers/STM32F0xx_HAL_Driver/Src/stm32f0xx_hal_uart.c ****     }
 559              		.loc 1 1355 14 view .LVU152
 560 007e FCE7     		b	.L21
 561              	.LVL26:
 562              	.L27:
1355:Drivers/STM32F0xx_HAL_Driver/Src/stm32f0xx_hal_uart.c ****     }
 563              		.loc 1 1355 14 view .LVU153
 564 0080 0120     		movs	r0, #1
 565              	.LVL27:
1355:Drivers/STM32F0xx_HAL_Driver/Src/stm32f0xx_hal_uart.c ****     }
 566              		.loc 1 1355 14 view .LVU154
 567 0082 FAE7     		b	.L21
 568              	.LVL28:
 569              	.L29:
1369:Drivers/STM32F0xx_HAL_Driver/Src/stm32f0xx_hal_uart.c **** 
 570              		.loc 1 1369 5 view .LVU155
 571 0084 0220     		movs	r0, #2
 572              	.LVL29:
1369:Drivers/STM32F0xx_HAL_Driver/Src/stm32f0xx_hal_uart.c **** 
 573              		.loc 1 1369 5 view .LVU156
 574 0086 F8E7     		b	.L21
 575              	.L33:
 576              		.align	2
 577              	.L32:
 578 0088 00000000 		.word	UART_TxISR_8BIT
 579 008c 00000000 		.word	UART_TxISR_16BIT
 580              		.cfi_endproc
 581              	.LFE48:
 583              		.section	.text.HAL_UART_Transmit_DMA,"ax",%progbits
 584              		.align	1
 585              		.global	HAL_UART_Transmit_DMA
 586              		.syntax unified
 587              		.code	16
 588              		.thumb_func
ARM GAS  C:\Users\MINIGU~1\AppData\Local\Temp\cc3PAC1x.s 			page 82


 589              		.fpu softvfp
 591              	HAL_UART_Transmit_DMA:
 592              	.LVL30:
 593              	.LFB50:
1474:Drivers/STM32F0xx_HAL_Driver/Src/stm32f0xx_hal_uart.c ****   /* Check that a Tx process is not already ongoing */
 594              		.loc 1 1474 1 is_stmt 1 view -0
 595              		.cfi_startproc
 596              		@ args = 0, pretend = 0, frame = 0
 597              		@ frame_needed = 0, uses_anonymous_args = 0
1474:Drivers/STM32F0xx_HAL_Driver/Src/stm32f0xx_hal_uart.c ****   /* Check that a Tx process is not already ongoing */
 598              		.loc 1 1474 1 is_stmt 0 view .LVU158
 599 0000 10B5     		push	{r4, lr}
 600              	.LCFI2:
 601              		.cfi_def_cfa_offset 8
 602              		.cfi_offset 4, -8
 603              		.cfi_offset 14, -4
 604 0002 0400     		movs	r4, r0
 605 0004 1300     		movs	r3, r2
1476:Drivers/STM32F0xx_HAL_Driver/Src/stm32f0xx_hal_uart.c ****   {
 606              		.loc 1 1476 3 is_stmt 1 view .LVU159
1476:Drivers/STM32F0xx_HAL_Driver/Src/stm32f0xx_hal_uart.c ****   {
 607              		.loc 1 1476 12 is_stmt 0 view .LVU160
 608 0006 826F     		ldr	r2, [r0, #120]
 609              	.LVL31:
1476:Drivers/STM32F0xx_HAL_Driver/Src/stm32f0xx_hal_uart.c ****   {
 610              		.loc 1 1476 6 view .LVU161
 611 0008 202A     		cmp	r2, #32
 612 000a 4DD1     		bne	.L38
1478:Drivers/STM32F0xx_HAL_Driver/Src/stm32f0xx_hal_uart.c ****     {
 613              		.loc 1 1478 5 is_stmt 1 view .LVU162
1478:Drivers/STM32F0xx_HAL_Driver/Src/stm32f0xx_hal_uart.c ****     {
 614              		.loc 1 1478 8 is_stmt 0 view .LVU163
 615 000c 0029     		cmp	r1, #0
 616 000e 4DD0     		beq	.L39
1478:Drivers/STM32F0xx_HAL_Driver/Src/stm32f0xx_hal_uart.c ****     {
 617              		.loc 1 1478 25 discriminator 1 view .LVU164
 618 0010 002B     		cmp	r3, #0
 619 0012 4DD0     		beq	.L40
1486:Drivers/STM32F0xx_HAL_Driver/Src/stm32f0xx_hal_uart.c ****     {
 620              		.loc 1 1486 5 is_stmt 1 view .LVU165
1486:Drivers/STM32F0xx_HAL_Driver/Src/stm32f0xx_hal_uart.c ****     {
 621              		.loc 1 1486 8 is_stmt 0 view .LVU166
 622 0014 8022     		movs	r2, #128
 623 0016 5201     		lsls	r2, r2, #5
 624 0018 8068     		ldr	r0, [r0, #8]
 625              	.LVL32:
1486:Drivers/STM32F0xx_HAL_Driver/Src/stm32f0xx_hal_uart.c ****     {
 626              		.loc 1 1486 8 view .LVU167
 627 001a 9042     		cmp	r0, r2
 628 001c 30D0     		beq	.L43
 629              	.L36:
1494:Drivers/STM32F0xx_HAL_Driver/Src/stm32f0xx_hal_uart.c **** 
 630              		.loc 1 1494 5 is_stmt 1 view .LVU168
1494:Drivers/STM32F0xx_HAL_Driver/Src/stm32f0xx_hal_uart.c **** 
 631              		.loc 1 1494 5 view .LVU169
 632 001e 7422     		movs	r2, #116
 633 0020 A25C     		ldrb	r2, [r4, r2]
ARM GAS  C:\Users\MINIGU~1\AppData\Local\Temp\cc3PAC1x.s 			page 83


 634 0022 012A     		cmp	r2, #1
 635 0024 46D0     		beq	.L42
1494:Drivers/STM32F0xx_HAL_Driver/Src/stm32f0xx_hal_uart.c **** 
 636              		.loc 1 1494 5 discriminator 2 view .LVU170
 637 0026 7422     		movs	r2, #116
 638 0028 0120     		movs	r0, #1
 639 002a A054     		strb	r0, [r4, r2]
1494:Drivers/STM32F0xx_HAL_Driver/Src/stm32f0xx_hal_uart.c **** 
 640              		.loc 1 1494 5 discriminator 2 view .LVU171
1496:Drivers/STM32F0xx_HAL_Driver/Src/stm32f0xx_hal_uart.c ****     huart->TxXferSize  = Size;
 641              		.loc 1 1496 5 discriminator 2 view .LVU172
1496:Drivers/STM32F0xx_HAL_Driver/Src/stm32f0xx_hal_uart.c ****     huart->TxXferSize  = Size;
 642              		.loc 1 1496 24 is_stmt 0 discriminator 2 view .LVU173
 643 002c E164     		str	r1, [r4, #76]
1497:Drivers/STM32F0xx_HAL_Driver/Src/stm32f0xx_hal_uart.c ****     huart->TxXferCount = Size;
 644              		.loc 1 1497 5 is_stmt 1 discriminator 2 view .LVU174
1497:Drivers/STM32F0xx_HAL_Driver/Src/stm32f0xx_hal_uart.c ****     huart->TxXferCount = Size;
 645              		.loc 1 1497 24 is_stmt 0 discriminator 2 view .LVU175
 646 002e 243A     		subs	r2, r2, #36
 647 0030 A352     		strh	r3, [r4, r2]
1498:Drivers/STM32F0xx_HAL_Driver/Src/stm32f0xx_hal_uart.c **** 
 648              		.loc 1 1498 5 is_stmt 1 discriminator 2 view .LVU176
1498:Drivers/STM32F0xx_HAL_Driver/Src/stm32f0xx_hal_uart.c **** 
 649              		.loc 1 1498 24 is_stmt 0 discriminator 2 view .LVU177
 650 0032 0232     		adds	r2, r2, #2
 651 0034 A352     		strh	r3, [r4, r2]
1500:Drivers/STM32F0xx_HAL_Driver/Src/stm32f0xx_hal_uart.c ****     huart->gState = HAL_UART_STATE_BUSY_TX;
 652              		.loc 1 1500 5 is_stmt 1 discriminator 2 view .LVU178
1500:Drivers/STM32F0xx_HAL_Driver/Src/stm32f0xx_hal_uart.c ****     huart->gState = HAL_UART_STATE_BUSY_TX;
 653              		.loc 1 1500 22 is_stmt 0 discriminator 2 view .LVU179
 654 0036 2E32     		adds	r2, r2, #46
 655 0038 0021     		movs	r1, #0
 656              	.LVL33:
1500:Drivers/STM32F0xx_HAL_Driver/Src/stm32f0xx_hal_uart.c ****     huart->gState = HAL_UART_STATE_BUSY_TX;
 657              		.loc 1 1500 22 discriminator 2 view .LVU180
 658 003a A150     		str	r1, [r4, r2]
1501:Drivers/STM32F0xx_HAL_Driver/Src/stm32f0xx_hal_uart.c **** 
 659              		.loc 1 1501 5 is_stmt 1 discriminator 2 view .LVU181
1501:Drivers/STM32F0xx_HAL_Driver/Src/stm32f0xx_hal_uart.c **** 
 660              		.loc 1 1501 19 is_stmt 0 discriminator 2 view .LVU182
 661 003c 5F3A     		subs	r2, r2, #95
 662 003e A267     		str	r2, [r4, #120]
1503:Drivers/STM32F0xx_HAL_Driver/Src/stm32f0xx_hal_uart.c ****     {
 663              		.loc 1 1503 5 is_stmt 1 discriminator 2 view .LVU183
1503:Drivers/STM32F0xx_HAL_Driver/Src/stm32f0xx_hal_uart.c ****     {
 664              		.loc 1 1503 14 is_stmt 0 discriminator 2 view .LVU184
 665 0040 E26E     		ldr	r2, [r4, #108]
1503:Drivers/STM32F0xx_HAL_Driver/Src/stm32f0xx_hal_uart.c ****     {
 666              		.loc 1 1503 8 discriminator 2 view .LVU185
 667 0042 002A     		cmp	r2, #0
 668 0044 23D0     		beq	.L37
1506:Drivers/STM32F0xx_HAL_Driver/Src/stm32f0xx_hal_uart.c **** 
 669              		.loc 1 1506 7 is_stmt 1 view .LVU186
1506:Drivers/STM32F0xx_HAL_Driver/Src/stm32f0xx_hal_uart.c **** 
 670              		.loc 1 1506 39 is_stmt 0 view .LVU187
 671 0046 1C49     		ldr	r1, .L44
 672 0048 9162     		str	r1, [r2, #40]
ARM GAS  C:\Users\MINIGU~1\AppData\Local\Temp\cc3PAC1x.s 			page 84


1509:Drivers/STM32F0xx_HAL_Driver/Src/stm32f0xx_hal_uart.c **** 
 673              		.loc 1 1509 7 is_stmt 1 view .LVU188
1509:Drivers/STM32F0xx_HAL_Driver/Src/stm32f0xx_hal_uart.c **** 
 674              		.loc 1 1509 12 is_stmt 0 view .LVU189
 675 004a E26E     		ldr	r2, [r4, #108]
1509:Drivers/STM32F0xx_HAL_Driver/Src/stm32f0xx_hal_uart.c **** 
 676              		.loc 1 1509 43 view .LVU190
 677 004c 1B49     		ldr	r1, .L44+4
 678 004e D162     		str	r1, [r2, #44]
1512:Drivers/STM32F0xx_HAL_Driver/Src/stm32f0xx_hal_uart.c **** 
 679              		.loc 1 1512 7 is_stmt 1 view .LVU191
1512:Drivers/STM32F0xx_HAL_Driver/Src/stm32f0xx_hal_uart.c **** 
 680              		.loc 1 1512 12 is_stmt 0 view .LVU192
 681 0050 E26E     		ldr	r2, [r4, #108]
1512:Drivers/STM32F0xx_HAL_Driver/Src/stm32f0xx_hal_uart.c **** 
 682              		.loc 1 1512 40 view .LVU193
 683 0052 1B49     		ldr	r1, .L44+8
 684 0054 1163     		str	r1, [r2, #48]
1515:Drivers/STM32F0xx_HAL_Driver/Src/stm32f0xx_hal_uart.c **** 
 685              		.loc 1 1515 7 is_stmt 1 view .LVU194
1515:Drivers/STM32F0xx_HAL_Driver/Src/stm32f0xx_hal_uart.c **** 
 686              		.loc 1 1515 12 is_stmt 0 view .LVU195
 687 0056 E26E     		ldr	r2, [r4, #108]
1515:Drivers/STM32F0xx_HAL_Driver/Src/stm32f0xx_hal_uart.c **** 
 688              		.loc 1 1515 40 view .LVU196
 689 0058 0021     		movs	r1, #0
 690 005a 5163     		str	r1, [r2, #52]
1518:Drivers/STM32F0xx_HAL_Driver/Src/stm32f0xx_hal_uart.c ****       {
 691              		.loc 1 1518 7 is_stmt 1 view .LVU197
1518:Drivers/STM32F0xx_HAL_Driver/Src/stm32f0xx_hal_uart.c ****       {
 692              		.loc 1 1518 82 is_stmt 0 view .LVU198
 693 005c 2268     		ldr	r2, [r4]
 694 005e 2832     		adds	r2, r2, #40
1518:Drivers/STM32F0xx_HAL_Driver/Src/stm32f0xx_hal_uart.c ****       {
 695              		.loc 1 1518 11 view .LVU199
 696 0060 E16C     		ldr	r1, [r4, #76]
 697 0062 E06E     		ldr	r0, [r4, #108]
 698 0064 FFF7FEFF 		bl	HAL_DMA_Start_IT
 699              	.LVL34:
1518:Drivers/STM32F0xx_HAL_Driver/Src/stm32f0xx_hal_uart.c ****       {
 700              		.loc 1 1518 10 view .LVU200
 701 0068 0028     		cmp	r0, #0
 702 006a 10D0     		beq	.L37
1521:Drivers/STM32F0xx_HAL_Driver/Src/stm32f0xx_hal_uart.c **** 
 703              		.loc 1 1521 9 is_stmt 1 view .LVU201
1521:Drivers/STM32F0xx_HAL_Driver/Src/stm32f0xx_hal_uart.c **** 
 704              		.loc 1 1521 26 is_stmt 0 view .LVU202
 705 006c 8023     		movs	r3, #128
 706 006e 1022     		movs	r2, #16
 707 0070 E250     		str	r2, [r4, r3]
1523:Drivers/STM32F0xx_HAL_Driver/Src/stm32f0xx_hal_uart.c **** 
 708              		.loc 1 1523 9 is_stmt 1 view .LVU203
1523:Drivers/STM32F0xx_HAL_Driver/Src/stm32f0xx_hal_uart.c **** 
 709              		.loc 1 1523 9 view .LVU204
 710 0072 0C3B     		subs	r3, r3, #12
 711 0074 0022     		movs	r2, #0
 712 0076 E254     		strb	r2, [r4, r3]
ARM GAS  C:\Users\MINIGU~1\AppData\Local\Temp\cc3PAC1x.s 			page 85


1523:Drivers/STM32F0xx_HAL_Driver/Src/stm32f0xx_hal_uart.c **** 
 713              		.loc 1 1523 9 view .LVU205
1526:Drivers/STM32F0xx_HAL_Driver/Src/stm32f0xx_hal_uart.c **** 
 714              		.loc 1 1526 9 view .LVU206
1526:Drivers/STM32F0xx_HAL_Driver/Src/stm32f0xx_hal_uart.c **** 
 715              		.loc 1 1526 23 is_stmt 0 view .LVU207
 716 0078 543B     		subs	r3, r3, #84
 717 007a A367     		str	r3, [r4, #120]
1528:Drivers/STM32F0xx_HAL_Driver/Src/stm32f0xx_hal_uart.c ****       }
 718              		.loc 1 1528 9 is_stmt 1 view .LVU208
1528:Drivers/STM32F0xx_HAL_Driver/Src/stm32f0xx_hal_uart.c ****       }
 719              		.loc 1 1528 16 is_stmt 0 view .LVU209
 720 007c 0120     		movs	r0, #1
 721 007e 14E0     		b	.L35
 722              	.LVL35:
 723              	.L43:
1486:Drivers/STM32F0xx_HAL_Driver/Src/stm32f0xx_hal_uart.c ****     {
 724              		.loc 1 1486 56 discriminator 1 view .LVU210
 725 0080 2269     		ldr	r2, [r4, #16]
 726 0082 002A     		cmp	r2, #0
 727 0084 CBD1     		bne	.L36
1488:Drivers/STM32F0xx_HAL_Driver/Src/stm32f0xx_hal_uart.c ****       {
 728              		.loc 1 1488 7 is_stmt 1 view .LVU211
1488:Drivers/STM32F0xx_HAL_Driver/Src/stm32f0xx_hal_uart.c ****       {
 729              		.loc 1 1488 10 is_stmt 0 view .LVU212
 730 0086 CA07     		lsls	r2, r1, #31
 731 0088 C9D5     		bpl	.L36
1490:Drivers/STM32F0xx_HAL_Driver/Src/stm32f0xx_hal_uart.c ****       }
 732              		.loc 1 1490 17 view .LVU213
 733 008a 0120     		movs	r0, #1
 734 008c 0DE0     		b	.L35
 735              	.LVL36:
 736              	.L37:
1532:Drivers/STM32F0xx_HAL_Driver/Src/stm32f0xx_hal_uart.c **** 
 737              		.loc 1 1532 5 is_stmt 1 view .LVU214
 738 008e 2368     		ldr	r3, [r4]
 739 0090 4022     		movs	r2, #64
 740 0092 1A62     		str	r2, [r3, #32]
1534:Drivers/STM32F0xx_HAL_Driver/Src/stm32f0xx_hal_uart.c **** 
 741              		.loc 1 1534 5 view .LVU215
1534:Drivers/STM32F0xx_HAL_Driver/Src/stm32f0xx_hal_uart.c **** 
 742              		.loc 1 1534 5 view .LVU216
 743 0094 7423     		movs	r3, #116
 744 0096 0022     		movs	r2, #0
 745 0098 E254     		strb	r2, [r4, r3]
1534:Drivers/STM32F0xx_HAL_Driver/Src/stm32f0xx_hal_uart.c **** 
 746              		.loc 1 1534 5 view .LVU217
1538:Drivers/STM32F0xx_HAL_Driver/Src/stm32f0xx_hal_uart.c **** 
 747              		.loc 1 1538 5 view .LVU218
 748 009a 2268     		ldr	r2, [r4]
 749 009c 9368     		ldr	r3, [r2, #8]
 750 009e 8021     		movs	r1, #128
 751 00a0 0B43     		orrs	r3, r1
 752 00a2 9360     		str	r3, [r2, #8]
1540:Drivers/STM32F0xx_HAL_Driver/Src/stm32f0xx_hal_uart.c ****   }
 753              		.loc 1 1540 5 view .LVU219
1540:Drivers/STM32F0xx_HAL_Driver/Src/stm32f0xx_hal_uart.c ****   }
ARM GAS  C:\Users\MINIGU~1\AppData\Local\Temp\cc3PAC1x.s 			page 86


 754              		.loc 1 1540 12 is_stmt 0 view .LVU220
 755 00a4 0020     		movs	r0, #0
 756 00a6 00E0     		b	.L35
 757              	.LVL37:
 758              	.L38:
1544:Drivers/STM32F0xx_HAL_Driver/Src/stm32f0xx_hal_uart.c ****   }
 759              		.loc 1 1544 12 view .LVU221
 760 00a8 0220     		movs	r0, #2
 761              	.LVL38:
 762              	.L35:
1546:Drivers/STM32F0xx_HAL_Driver/Src/stm32f0xx_hal_uart.c **** 
 763              		.loc 1 1546 1 view .LVU222
 764              		@ sp needed
 765              	.LVL39:
1546:Drivers/STM32F0xx_HAL_Driver/Src/stm32f0xx_hal_uart.c **** 
 766              		.loc 1 1546 1 view .LVU223
 767 00aa 10BD     		pop	{r4, pc}
 768              	.LVL40:
 769              	.L39:
1480:Drivers/STM32F0xx_HAL_Driver/Src/stm32f0xx_hal_uart.c ****     }
 770              		.loc 1 1480 14 view .LVU224
 771 00ac 0120     		movs	r0, #1
 772              	.LVL41:
1480:Drivers/STM32F0xx_HAL_Driver/Src/stm32f0xx_hal_uart.c ****     }
 773              		.loc 1 1480 14 view .LVU225
 774 00ae FCE7     		b	.L35
 775              	.LVL42:
 776              	.L40:
1480:Drivers/STM32F0xx_HAL_Driver/Src/stm32f0xx_hal_uart.c ****     }
 777              		.loc 1 1480 14 view .LVU226
 778 00b0 0120     		movs	r0, #1
 779              	.LVL43:
1480:Drivers/STM32F0xx_HAL_Driver/Src/stm32f0xx_hal_uart.c ****     }
 780              		.loc 1 1480 14 view .LVU227
 781 00b2 FAE7     		b	.L35
 782              	.L42:
1494:Drivers/STM32F0xx_HAL_Driver/Src/stm32f0xx_hal_uart.c **** 
 783              		.loc 1 1494 5 view .LVU228
 784 00b4 0220     		movs	r0, #2
 785 00b6 F8E7     		b	.L35
 786              	.L45:
 787              		.align	2
 788              	.L44:
 789 00b8 00000000 		.word	UART_DMATransmitCplt
 790 00bc 00000000 		.word	UART_DMATxHalfCplt
 791 00c0 00000000 		.word	UART_DMAError
 792              		.cfi_endproc
 793              	.LFE50:
 795              		.section	.text.HAL_UART_DMAPause,"ax",%progbits
 796              		.align	1
 797              		.global	HAL_UART_DMAPause
 798              		.syntax unified
 799              		.code	16
 800              		.thumb_func
 801              		.fpu softvfp
 803              	HAL_UART_DMAPause:
 804              	.LVL44:
ARM GAS  C:\Users\MINIGU~1\AppData\Local\Temp\cc3PAC1x.s 			page 87


 805              	.LFB52:
1612:Drivers/STM32F0xx_HAL_Driver/Src/stm32f0xx_hal_uart.c ****   const HAL_UART_StateTypeDef gstate = huart->gState;
 806              		.loc 1 1612 1 is_stmt 1 view -0
 807              		.cfi_startproc
 808              		@ args = 0, pretend = 0, frame = 0
 809              		@ frame_needed = 0, uses_anonymous_args = 0
1612:Drivers/STM32F0xx_HAL_Driver/Src/stm32f0xx_hal_uart.c ****   const HAL_UART_StateTypeDef gstate = huart->gState;
 810              		.loc 1 1612 1 is_stmt 0 view .LVU230
 811 0000 10B5     		push	{r4, lr}
 812              	.LCFI3:
 813              		.cfi_def_cfa_offset 8
 814              		.cfi_offset 4, -8
 815              		.cfi_offset 14, -4
1613:Drivers/STM32F0xx_HAL_Driver/Src/stm32f0xx_hal_uart.c ****   const HAL_UART_StateTypeDef rxstate = huart->RxState;
 816              		.loc 1 1613 3 is_stmt 1 view .LVU231
1613:Drivers/STM32F0xx_HAL_Driver/Src/stm32f0xx_hal_uart.c ****   const HAL_UART_StateTypeDef rxstate = huart->RxState;
 817              		.loc 1 1613 31 is_stmt 0 view .LVU232
 818 0002 846F     		ldr	r4, [r0, #120]
 819              	.LVL45:
1614:Drivers/STM32F0xx_HAL_Driver/Src/stm32f0xx_hal_uart.c **** 
 820              		.loc 1 1614 3 is_stmt 1 view .LVU233
1614:Drivers/STM32F0xx_HAL_Driver/Src/stm32f0xx_hal_uart.c **** 
 821              		.loc 1 1614 31 is_stmt 0 view .LVU234
 822 0004 C16F     		ldr	r1, [r0, #124]
 823              	.LVL46:
1616:Drivers/STM32F0xx_HAL_Driver/Src/stm32f0xx_hal_uart.c **** 
 824              		.loc 1 1616 3 is_stmt 1 view .LVU235
1616:Drivers/STM32F0xx_HAL_Driver/Src/stm32f0xx_hal_uart.c **** 
 825              		.loc 1 1616 3 view .LVU236
 826 0006 7423     		movs	r3, #116
 827 0008 C35C     		ldrb	r3, [r0, r3]
 828 000a 012B     		cmp	r3, #1
 829 000c 28D0     		beq	.L50
1616:Drivers/STM32F0xx_HAL_Driver/Src/stm32f0xx_hal_uart.c **** 
 830              		.loc 1 1616 3 discriminator 2 view .LVU237
 831 000e 7423     		movs	r3, #116
 832 0010 0122     		movs	r2, #1
 833 0012 C254     		strb	r2, [r0, r3]
1616:Drivers/STM32F0xx_HAL_Driver/Src/stm32f0xx_hal_uart.c **** 
 834              		.loc 1 1616 3 discriminator 2 view .LVU238
1618:Drivers/STM32F0xx_HAL_Driver/Src/stm32f0xx_hal_uart.c ****       (gstate == HAL_UART_STATE_BUSY_TX))
 835              		.loc 1 1618 3 discriminator 2 view .LVU239
1618:Drivers/STM32F0xx_HAL_Driver/Src/stm32f0xx_hal_uart.c ****       (gstate == HAL_UART_STATE_BUSY_TX))
 836              		.loc 1 1618 8 is_stmt 0 discriminator 2 view .LVU240
 837 0014 0368     		ldr	r3, [r0]
 838 0016 9A68     		ldr	r2, [r3, #8]
1618:Drivers/STM32F0xx_HAL_Driver/Src/stm32f0xx_hal_uart.c ****       (gstate == HAL_UART_STATE_BUSY_TX))
 839              		.loc 1 1618 6 discriminator 2 view .LVU241
 840 0018 1206     		lsls	r2, r2, #24
 841 001a 01D5     		bpl	.L48
1618:Drivers/STM32F0xx_HAL_Driver/Src/stm32f0xx_hal_uart.c ****       (gstate == HAL_UART_STATE_BUSY_TX))
 842              		.loc 1 1618 62 discriminator 1 view .LVU242
 843 001c 212C     		cmp	r4, #33
 844 001e 0AD0     		beq	.L51
 845              	.LVL47:
 846              	.L48:
1624:Drivers/STM32F0xx_HAL_Driver/Src/stm32f0xx_hal_uart.c ****       (rxstate == HAL_UART_STATE_BUSY_RX))
ARM GAS  C:\Users\MINIGU~1\AppData\Local\Temp\cc3PAC1x.s 			page 88


 847              		.loc 1 1624 3 is_stmt 1 view .LVU243
1624:Drivers/STM32F0xx_HAL_Driver/Src/stm32f0xx_hal_uart.c ****       (rxstate == HAL_UART_STATE_BUSY_RX))
 848              		.loc 1 1624 8 is_stmt 0 view .LVU244
 849 0020 0368     		ldr	r3, [r0]
 850 0022 9A68     		ldr	r2, [r3, #8]
1624:Drivers/STM32F0xx_HAL_Driver/Src/stm32f0xx_hal_uart.c ****       (rxstate == HAL_UART_STATE_BUSY_RX))
 851              		.loc 1 1624 6 view .LVU245
 852 0024 5206     		lsls	r2, r2, #25
 853 0026 01D5     		bpl	.L49
1624:Drivers/STM32F0xx_HAL_Driver/Src/stm32f0xx_hal_uart.c ****       (rxstate == HAL_UART_STATE_BUSY_RX))
 854              		.loc 1 1624 62 discriminator 1 view .LVU246
 855 0028 2229     		cmp	r1, #34
 856 002a 09D0     		beq	.L52
 857              	.LVL48:
 858              	.L49:
1635:Drivers/STM32F0xx_HAL_Driver/Src/stm32f0xx_hal_uart.c **** 
 859              		.loc 1 1635 3 is_stmt 1 view .LVU247
1635:Drivers/STM32F0xx_HAL_Driver/Src/stm32f0xx_hal_uart.c **** 
 860              		.loc 1 1635 3 view .LVU248
 861 002c 7423     		movs	r3, #116
 862 002e 0022     		movs	r2, #0
 863 0030 C254     		strb	r2, [r0, r3]
1635:Drivers/STM32F0xx_HAL_Driver/Src/stm32f0xx_hal_uart.c **** 
 864              		.loc 1 1635 3 view .LVU249
1637:Drivers/STM32F0xx_HAL_Driver/Src/stm32f0xx_hal_uart.c **** }
 865              		.loc 1 1637 3 view .LVU250
1637:Drivers/STM32F0xx_HAL_Driver/Src/stm32f0xx_hal_uart.c **** }
 866              		.loc 1 1637 10 is_stmt 0 view .LVU251
 867 0032 0020     		movs	r0, #0
 868              	.LVL49:
 869              	.L47:
1638:Drivers/STM32F0xx_HAL_Driver/Src/stm32f0xx_hal_uart.c **** 
 870              		.loc 1 1638 1 view .LVU252
 871              		@ sp needed
 872 0034 10BD     		pop	{r4, pc}
 873              	.LVL50:
 874              	.L51:
1622:Drivers/STM32F0xx_HAL_Driver/Src/stm32f0xx_hal_uart.c ****   }
 875              		.loc 1 1622 5 is_stmt 1 view .LVU253
 876 0036 9A68     		ldr	r2, [r3, #8]
 877 0038 5F34     		adds	r4, r4, #95
 878              	.LVL51:
1622:Drivers/STM32F0xx_HAL_Driver/Src/stm32f0xx_hal_uart.c ****   }
 879              		.loc 1 1622 5 is_stmt 0 view .LVU254
 880 003a A243     		bics	r2, r4
 881 003c 9A60     		str	r2, [r3, #8]
 882 003e EFE7     		b	.L48
 883              	.LVL52:
 884              	.L52:
1628:Drivers/STM32F0xx_HAL_Driver/Src/stm32f0xx_hal_uart.c ****     CLEAR_BIT(huart->Instance->CR3, USART_CR3_EIE);
 885              		.loc 1 1628 5 is_stmt 1 view .LVU255
 886 0040 1A68     		ldr	r2, [r3]
 887 0042 0849     		ldr	r1, .L53
 888              	.LVL53:
1628:Drivers/STM32F0xx_HAL_Driver/Src/stm32f0xx_hal_uart.c ****     CLEAR_BIT(huart->Instance->CR3, USART_CR3_EIE);
 889              		.loc 1 1628 5 is_stmt 0 view .LVU256
 890 0044 0A40     		ands	r2, r1
ARM GAS  C:\Users\MINIGU~1\AppData\Local\Temp\cc3PAC1x.s 			page 89


 891 0046 1A60     		str	r2, [r3]
1629:Drivers/STM32F0xx_HAL_Driver/Src/stm32f0xx_hal_uart.c **** 
 892              		.loc 1 1629 5 is_stmt 1 view .LVU257
 893 0048 0268     		ldr	r2, [r0]
 894 004a 9368     		ldr	r3, [r2, #8]
 895 004c 0331     		adds	r1, r1, #3
 896 004e FF31     		adds	r1, r1, #255
 897 0050 8B43     		bics	r3, r1
 898 0052 9360     		str	r3, [r2, #8]
1632:Drivers/STM32F0xx_HAL_Driver/Src/stm32f0xx_hal_uart.c ****   }
 899              		.loc 1 1632 5 view .LVU258
 900 0054 0268     		ldr	r2, [r0]
 901 0056 9368     		ldr	r3, [r2, #8]
 902 0058 3F31     		adds	r1, r1, #63
 903 005a 8B43     		bics	r3, r1
 904 005c 9360     		str	r3, [r2, #8]
 905 005e E5E7     		b	.L49
 906              	.LVL54:
 907              	.L50:
1616:Drivers/STM32F0xx_HAL_Driver/Src/stm32f0xx_hal_uart.c **** 
 908              		.loc 1 1616 3 is_stmt 0 view .LVU259
 909 0060 0220     		movs	r0, #2
 910              	.LVL55:
1616:Drivers/STM32F0xx_HAL_Driver/Src/stm32f0xx_hal_uart.c **** 
 911              		.loc 1 1616 3 view .LVU260
 912 0062 E7E7     		b	.L47
 913              	.L54:
 914              		.align	2
 915              	.L53:
 916 0064 FFFEFFFF 		.word	-257
 917              		.cfi_endproc
 918              	.LFE52:
 920              		.section	.text.HAL_UART_DMAResume,"ax",%progbits
 921              		.align	1
 922              		.global	HAL_UART_DMAResume
 923              		.syntax unified
 924              		.code	16
 925              		.thumb_func
 926              		.fpu softvfp
 928              	HAL_UART_DMAResume:
 929              	.LVL56:
 930              	.LFB53:
1646:Drivers/STM32F0xx_HAL_Driver/Src/stm32f0xx_hal_uart.c ****   __HAL_LOCK(huart);
 931              		.loc 1 1646 1 is_stmt 1 view -0
 932              		.cfi_startproc
 933              		@ args = 0, pretend = 0, frame = 0
 934              		@ frame_needed = 0, uses_anonymous_args = 0
 935              		@ link register save eliminated.
1647:Drivers/STM32F0xx_HAL_Driver/Src/stm32f0xx_hal_uart.c **** 
 936              		.loc 1 1647 3 view .LVU262
1647:Drivers/STM32F0xx_HAL_Driver/Src/stm32f0xx_hal_uart.c **** 
 937              		.loc 1 1647 3 view .LVU263
 938 0000 7423     		movs	r3, #116
 939 0002 C35C     		ldrb	r3, [r0, r3]
 940 0004 012B     		cmp	r3, #1
 941 0006 27D0     		beq	.L59
1647:Drivers/STM32F0xx_HAL_Driver/Src/stm32f0xx_hal_uart.c **** 
ARM GAS  C:\Users\MINIGU~1\AppData\Local\Temp\cc3PAC1x.s 			page 90


 942              		.loc 1 1647 3 discriminator 2 view .LVU264
 943 0008 7423     		movs	r3, #116
 944 000a 0122     		movs	r2, #1
 945 000c C254     		strb	r2, [r0, r3]
1647:Drivers/STM32F0xx_HAL_Driver/Src/stm32f0xx_hal_uart.c **** 
 946              		.loc 1 1647 3 discriminator 2 view .LVU265
1649:Drivers/STM32F0xx_HAL_Driver/Src/stm32f0xx_hal_uart.c ****   {
 947              		.loc 1 1649 3 discriminator 2 view .LVU266
1649:Drivers/STM32F0xx_HAL_Driver/Src/stm32f0xx_hal_uart.c ****   {
 948              		.loc 1 1649 12 is_stmt 0 discriminator 2 view .LVU267
 949 000e 836F     		ldr	r3, [r0, #120]
1649:Drivers/STM32F0xx_HAL_Driver/Src/stm32f0xx_hal_uart.c ****   {
 950              		.loc 1 1649 6 discriminator 2 view .LVU268
 951 0010 212B     		cmp	r3, #33
 952 0012 07D0     		beq	.L60
 953              	.L57:
1654:Drivers/STM32F0xx_HAL_Driver/Src/stm32f0xx_hal_uart.c ****   {
 954              		.loc 1 1654 3 is_stmt 1 view .LVU269
1654:Drivers/STM32F0xx_HAL_Driver/Src/stm32f0xx_hal_uart.c ****   {
 955              		.loc 1 1654 12 is_stmt 0 view .LVU270
 956 0014 C36F     		ldr	r3, [r0, #124]
1654:Drivers/STM32F0xx_HAL_Driver/Src/stm32f0xx_hal_uart.c ****   {
 957              		.loc 1 1654 6 view .LVU271
 958 0016 222B     		cmp	r3, #34
 959 0018 0AD0     		beq	.L61
 960              	.L58:
1667:Drivers/STM32F0xx_HAL_Driver/Src/stm32f0xx_hal_uart.c **** 
 961              		.loc 1 1667 3 is_stmt 1 view .LVU272
1667:Drivers/STM32F0xx_HAL_Driver/Src/stm32f0xx_hal_uart.c **** 
 962              		.loc 1 1667 3 view .LVU273
 963 001a 7423     		movs	r3, #116
 964 001c 0022     		movs	r2, #0
 965 001e C254     		strb	r2, [r0, r3]
1667:Drivers/STM32F0xx_HAL_Driver/Src/stm32f0xx_hal_uart.c **** 
 966              		.loc 1 1667 3 view .LVU274
1669:Drivers/STM32F0xx_HAL_Driver/Src/stm32f0xx_hal_uart.c **** }
 967              		.loc 1 1669 3 view .LVU275
1669:Drivers/STM32F0xx_HAL_Driver/Src/stm32f0xx_hal_uart.c **** }
 968              		.loc 1 1669 10 is_stmt 0 view .LVU276
 969 0020 0020     		movs	r0, #0
 970              	.LVL57:
 971              	.L56:
1670:Drivers/STM32F0xx_HAL_Driver/Src/stm32f0xx_hal_uart.c **** 
 972              		.loc 1 1670 1 view .LVU277
 973              		@ sp needed
 974 0022 7047     		bx	lr
 975              	.LVL58:
 976              	.L60:
1652:Drivers/STM32F0xx_HAL_Driver/Src/stm32f0xx_hal_uart.c ****   }
 977              		.loc 1 1652 5 is_stmt 1 view .LVU278
 978 0024 0268     		ldr	r2, [r0]
 979 0026 9368     		ldr	r3, [r2, #8]
 980 0028 8021     		movs	r1, #128
 981 002a 0B43     		orrs	r3, r1
 982 002c 9360     		str	r3, [r2, #8]
 983 002e F1E7     		b	.L57
 984              	.L61:
ARM GAS  C:\Users\MINIGU~1\AppData\Local\Temp\cc3PAC1x.s 			page 91


1657:Drivers/STM32F0xx_HAL_Driver/Src/stm32f0xx_hal_uart.c **** 
 985              		.loc 1 1657 5 view .LVU279
 986 0030 0368     		ldr	r3, [r0]
 987 0032 0822     		movs	r2, #8
 988 0034 1A62     		str	r2, [r3, #32]
1660:Drivers/STM32F0xx_HAL_Driver/Src/stm32f0xx_hal_uart.c ****     SET_BIT(huart->Instance->CR3, USART_CR3_EIE);
 989              		.loc 1 1660 5 view .LVU280
 990 0036 0268     		ldr	r2, [r0]
 991 0038 1168     		ldr	r1, [r2]
 992 003a 8023     		movs	r3, #128
 993 003c 5B00     		lsls	r3, r3, #1
 994 003e 0B43     		orrs	r3, r1
 995 0040 1360     		str	r3, [r2]
1661:Drivers/STM32F0xx_HAL_Driver/Src/stm32f0xx_hal_uart.c **** 
 996              		.loc 1 1661 5 view .LVU281
 997 0042 0268     		ldr	r2, [r0]
 998 0044 9368     		ldr	r3, [r2, #8]
 999 0046 0121     		movs	r1, #1
 1000 0048 0B43     		orrs	r3, r1
 1001 004a 9360     		str	r3, [r2, #8]
1664:Drivers/STM32F0xx_HAL_Driver/Src/stm32f0xx_hal_uart.c ****   }
 1002              		.loc 1 1664 5 view .LVU282
 1003 004c 0268     		ldr	r2, [r0]
 1004 004e 9368     		ldr	r3, [r2, #8]
 1005 0050 3F31     		adds	r1, r1, #63
 1006 0052 0B43     		orrs	r3, r1
 1007 0054 9360     		str	r3, [r2, #8]
 1008 0056 E0E7     		b	.L58
 1009              	.L59:
1647:Drivers/STM32F0xx_HAL_Driver/Src/stm32f0xx_hal_uart.c **** 
 1010              		.loc 1 1647 3 is_stmt 0 view .LVU283
 1011 0058 0220     		movs	r0, #2
 1012              	.LVL59:
1647:Drivers/STM32F0xx_HAL_Driver/Src/stm32f0xx_hal_uart.c **** 
 1013              		.loc 1 1647 3 view .LVU284
 1014 005a E2E7     		b	.L56
 1015              		.cfi_endproc
 1016              	.LFE53:
 1018              		.section	.text.HAL_UART_DMAStop,"ax",%progbits
 1019              		.align	1
 1020              		.global	HAL_UART_DMAStop
 1021              		.syntax unified
 1022              		.code	16
 1023              		.thumb_func
 1024              		.fpu softvfp
 1026              	HAL_UART_DMAStop:
 1027              	.LVL60:
 1028              	.LFB54:
1678:Drivers/STM32F0xx_HAL_Driver/Src/stm32f0xx_hal_uart.c ****   /* The Lock is not implemented on this API to allow the user application
 1029              		.loc 1 1678 1 is_stmt 1 view -0
 1030              		.cfi_startproc
 1031              		@ args = 0, pretend = 0, frame = 0
 1032              		@ frame_needed = 0, uses_anonymous_args = 0
1678:Drivers/STM32F0xx_HAL_Driver/Src/stm32f0xx_hal_uart.c ****   /* The Lock is not implemented on this API to allow the user application
 1033              		.loc 1 1678 1 is_stmt 0 view .LVU286
 1034 0000 70B5     		push	{r4, r5, r6, lr}
 1035              	.LCFI4:
ARM GAS  C:\Users\MINIGU~1\AppData\Local\Temp\cc3PAC1x.s 			page 92


 1036              		.cfi_def_cfa_offset 16
 1037              		.cfi_offset 4, -16
 1038              		.cfi_offset 5, -12
 1039              		.cfi_offset 6, -8
 1040              		.cfi_offset 14, -4
 1041 0002 0400     		movs	r4, r0
1686:Drivers/STM32F0xx_HAL_Driver/Src/stm32f0xx_hal_uart.c ****   const HAL_UART_StateTypeDef rxstate = huart->RxState;
 1042              		.loc 1 1686 3 is_stmt 1 view .LVU287
1686:Drivers/STM32F0xx_HAL_Driver/Src/stm32f0xx_hal_uart.c ****   const HAL_UART_StateTypeDef rxstate = huart->RxState;
 1043              		.loc 1 1686 31 is_stmt 0 view .LVU288
 1044 0004 816F     		ldr	r1, [r0, #120]
 1045              	.LVL61:
1687:Drivers/STM32F0xx_HAL_Driver/Src/stm32f0xx_hal_uart.c **** 
 1046              		.loc 1 1687 3 is_stmt 1 view .LVU289
1687:Drivers/STM32F0xx_HAL_Driver/Src/stm32f0xx_hal_uart.c **** 
 1047              		.loc 1 1687 31 is_stmt 0 view .LVU290
 1048 0006 C56F     		ldr	r5, [r0, #124]
 1049              	.LVL62:
1690:Drivers/STM32F0xx_HAL_Driver/Src/stm32f0xx_hal_uart.c ****       (gstate == HAL_UART_STATE_BUSY_TX))
 1050              		.loc 1 1690 3 is_stmt 1 view .LVU291
1690:Drivers/STM32F0xx_HAL_Driver/Src/stm32f0xx_hal_uart.c ****       (gstate == HAL_UART_STATE_BUSY_TX))
 1051              		.loc 1 1690 8 is_stmt 0 view .LVU292
 1052 0008 0368     		ldr	r3, [r0]
 1053 000a 9A68     		ldr	r2, [r3, #8]
1690:Drivers/STM32F0xx_HAL_Driver/Src/stm32f0xx_hal_uart.c ****       (gstate == HAL_UART_STATE_BUSY_TX))
 1054              		.loc 1 1690 6 view .LVU293
 1055 000c 1206     		lsls	r2, r2, #24
 1056 000e 01D5     		bpl	.L63
1690:Drivers/STM32F0xx_HAL_Driver/Src/stm32f0xx_hal_uart.c ****       (gstate == HAL_UART_STATE_BUSY_TX))
 1057              		.loc 1 1690 62 discriminator 1 view .LVU294
 1058 0010 2129     		cmp	r1, #33
 1059 0012 07D0     		beq	.L69
 1060              	.LVL63:
 1061              	.L63:
1714:Drivers/STM32F0xx_HAL_Driver/Src/stm32f0xx_hal_uart.c ****       (rxstate == HAL_UART_STATE_BUSY_RX))
 1062              		.loc 1 1714 3 is_stmt 1 view .LVU295
1714:Drivers/STM32F0xx_HAL_Driver/Src/stm32f0xx_hal_uart.c ****       (rxstate == HAL_UART_STATE_BUSY_RX))
 1063              		.loc 1 1714 8 is_stmt 0 view .LVU296
 1064 0014 2368     		ldr	r3, [r4]
 1065 0016 9A68     		ldr	r2, [r3, #8]
1714:Drivers/STM32F0xx_HAL_Driver/Src/stm32f0xx_hal_uart.c ****       (rxstate == HAL_UART_STATE_BUSY_RX))
 1066              		.loc 1 1714 6 view .LVU297
 1067 0018 5206     		lsls	r2, r2, #25
 1068 001a 36D5     		bpl	.L67
1714:Drivers/STM32F0xx_HAL_Driver/Src/stm32f0xx_hal_uart.c ****       (rxstate == HAL_UART_STATE_BUSY_RX))
 1069              		.loc 1 1714 62 discriminator 1 view .LVU298
 1070 001c 222D     		cmp	r5, #34
 1071 001e 1AD0     		beq	.L70
1737:Drivers/STM32F0xx_HAL_Driver/Src/stm32f0xx_hal_uart.c **** }
 1072              		.loc 1 1737 10 view .LVU299
 1073 0020 0020     		movs	r0, #0
 1074 0022 33E0     		b	.L65
 1075              	.LVL64:
 1076              	.L69:
1693:Drivers/STM32F0xx_HAL_Driver/Src/stm32f0xx_hal_uart.c **** 
 1077              		.loc 1 1693 5 is_stmt 1 view .LVU300
 1078 0024 9A68     		ldr	r2, [r3, #8]
ARM GAS  C:\Users\MINIGU~1\AppData\Local\Temp\cc3PAC1x.s 			page 93


 1079 0026 5F31     		adds	r1, r1, #95
 1080              	.LVL65:
1693:Drivers/STM32F0xx_HAL_Driver/Src/stm32f0xx_hal_uart.c **** 
 1081              		.loc 1 1693 5 is_stmt 0 view .LVU301
 1082 0028 8A43     		bics	r2, r1
 1083 002a 9A60     		str	r2, [r3, #8]
1696:Drivers/STM32F0xx_HAL_Driver/Src/stm32f0xx_hal_uart.c ****     {
 1084              		.loc 1 1696 5 is_stmt 1 view .LVU302
1696:Drivers/STM32F0xx_HAL_Driver/Src/stm32f0xx_hal_uart.c ****     {
 1085              		.loc 1 1696 14 is_stmt 0 view .LVU303
 1086 002c C06E     		ldr	r0, [r0, #108]
 1087              	.LVL66:
1696:Drivers/STM32F0xx_HAL_Driver/Src/stm32f0xx_hal_uart.c ****     {
 1088              		.loc 1 1696 8 view .LVU304
 1089 002e 0028     		cmp	r0, #0
 1090 0030 03D0     		beq	.L64
1698:Drivers/STM32F0xx_HAL_Driver/Src/stm32f0xx_hal_uart.c ****       {
 1091              		.loc 1 1698 7 is_stmt 1 view .LVU305
1698:Drivers/STM32F0xx_HAL_Driver/Src/stm32f0xx_hal_uart.c ****       {
 1092              		.loc 1 1698 11 is_stmt 0 view .LVU306
 1093 0032 FFF7FEFF 		bl	HAL_DMA_Abort
 1094              	.LVL67:
1698:Drivers/STM32F0xx_HAL_Driver/Src/stm32f0xx_hal_uart.c ****       {
 1095              		.loc 1 1698 10 view .LVU307
 1096 0036 0028     		cmp	r0, #0
 1097 0038 03D1     		bne	.L71
 1098              	.L64:
1710:Drivers/STM32F0xx_HAL_Driver/Src/stm32f0xx_hal_uart.c ****   }
 1099              		.loc 1 1710 5 is_stmt 1 view .LVU308
 1100 003a 2000     		movs	r0, r4
 1101 003c FFF7FEFF 		bl	UART_EndTxTransfer
 1102              	.LVL68:
 1103 0040 E8E7     		b	.L63
 1104              	.L71:
1700:Drivers/STM32F0xx_HAL_Driver/Src/stm32f0xx_hal_uart.c ****         {
 1105              		.loc 1 1700 9 view .LVU309
1700:Drivers/STM32F0xx_HAL_Driver/Src/stm32f0xx_hal_uart.c ****         {
 1106              		.loc 1 1700 13 is_stmt 0 view .LVU310
 1107 0042 E06E     		ldr	r0, [r4, #108]
 1108 0044 FFF7FEFF 		bl	HAL_DMA_GetError
 1109              	.LVL69:
1700:Drivers/STM32F0xx_HAL_Driver/Src/stm32f0xx_hal_uart.c ****         {
 1110              		.loc 1 1700 12 view .LVU311
 1111 0048 2028     		cmp	r0, #32
 1112 004a F6D1     		bne	.L64
1703:Drivers/STM32F0xx_HAL_Driver/Src/stm32f0xx_hal_uart.c **** 
 1113              		.loc 1 1703 11 is_stmt 1 view .LVU312
1703:Drivers/STM32F0xx_HAL_Driver/Src/stm32f0xx_hal_uart.c **** 
 1114              		.loc 1 1703 28 is_stmt 0 view .LVU313
 1115 004c 8023     		movs	r3, #128
 1116 004e 1022     		movs	r2, #16
 1117 0050 E250     		str	r2, [r4, r3]
1705:Drivers/STM32F0xx_HAL_Driver/Src/stm32f0xx_hal_uart.c ****         }
 1118              		.loc 1 1705 11 is_stmt 1 view .LVU314
1705:Drivers/STM32F0xx_HAL_Driver/Src/stm32f0xx_hal_uart.c ****         }
 1119              		.loc 1 1705 18 is_stmt 0 view .LVU315
 1120 0052 1D38     		subs	r0, r0, #29
ARM GAS  C:\Users\MINIGU~1\AppData\Local\Temp\cc3PAC1x.s 			page 94


 1121 0054 1AE0     		b	.L65
 1122              	.L70:
1717:Drivers/STM32F0xx_HAL_Driver/Src/stm32f0xx_hal_uart.c **** 
 1123              		.loc 1 1717 5 is_stmt 1 view .LVU316
 1124 0056 9A68     		ldr	r2, [r3, #8]
 1125 0058 4021     		movs	r1, #64
 1126 005a 8A43     		bics	r2, r1
 1127 005c 9A60     		str	r2, [r3, #8]
1720:Drivers/STM32F0xx_HAL_Driver/Src/stm32f0xx_hal_uart.c ****     {
 1128              		.loc 1 1720 5 view .LVU317
1720:Drivers/STM32F0xx_HAL_Driver/Src/stm32f0xx_hal_uart.c ****     {
 1129              		.loc 1 1720 14 is_stmt 0 view .LVU318
 1130 005e 206F     		ldr	r0, [r4, #112]
1720:Drivers/STM32F0xx_HAL_Driver/Src/stm32f0xx_hal_uart.c ****     {
 1131              		.loc 1 1720 8 view .LVU319
 1132 0060 0028     		cmp	r0, #0
 1133 0062 03D0     		beq	.L66
1722:Drivers/STM32F0xx_HAL_Driver/Src/stm32f0xx_hal_uart.c ****       {
 1134              		.loc 1 1722 7 is_stmt 1 view .LVU320
1722:Drivers/STM32F0xx_HAL_Driver/Src/stm32f0xx_hal_uart.c ****       {
 1135              		.loc 1 1722 11 is_stmt 0 view .LVU321
 1136 0064 FFF7FEFF 		bl	HAL_DMA_Abort
 1137              	.LVL70:
1722:Drivers/STM32F0xx_HAL_Driver/Src/stm32f0xx_hal_uart.c ****       {
 1138              		.loc 1 1722 10 view .LVU322
 1139 0068 0028     		cmp	r0, #0
 1140 006a 04D1     		bne	.L72
 1141              	.L66:
1734:Drivers/STM32F0xx_HAL_Driver/Src/stm32f0xx_hal_uart.c ****   }
 1142              		.loc 1 1734 5 is_stmt 1 view .LVU323
 1143 006c 2000     		movs	r0, r4
 1144 006e FFF7FEFF 		bl	UART_EndRxTransfer
 1145              	.LVL71:
1737:Drivers/STM32F0xx_HAL_Driver/Src/stm32f0xx_hal_uart.c **** }
 1146              		.loc 1 1737 10 is_stmt 0 view .LVU324
 1147 0072 0020     		movs	r0, #0
 1148 0074 0AE0     		b	.L65
 1149              	.L72:
1724:Drivers/STM32F0xx_HAL_Driver/Src/stm32f0xx_hal_uart.c ****         {
 1150              		.loc 1 1724 9 is_stmt 1 view .LVU325
1724:Drivers/STM32F0xx_HAL_Driver/Src/stm32f0xx_hal_uart.c ****         {
 1151              		.loc 1 1724 13 is_stmt 0 view .LVU326
 1152 0076 206F     		ldr	r0, [r4, #112]
 1153 0078 FFF7FEFF 		bl	HAL_DMA_GetError
 1154              	.LVL72:
1724:Drivers/STM32F0xx_HAL_Driver/Src/stm32f0xx_hal_uart.c ****         {
 1155              		.loc 1 1724 12 view .LVU327
 1156 007c 2028     		cmp	r0, #32
 1157 007e F5D1     		bne	.L66
1727:Drivers/STM32F0xx_HAL_Driver/Src/stm32f0xx_hal_uart.c **** 
 1158              		.loc 1 1727 11 is_stmt 1 view .LVU328
1727:Drivers/STM32F0xx_HAL_Driver/Src/stm32f0xx_hal_uart.c **** 
 1159              		.loc 1 1727 28 is_stmt 0 view .LVU329
 1160 0080 8023     		movs	r3, #128
 1161 0082 1022     		movs	r2, #16
 1162 0084 E250     		str	r2, [r4, r3]
1729:Drivers/STM32F0xx_HAL_Driver/Src/stm32f0xx_hal_uart.c ****         }
ARM GAS  C:\Users\MINIGU~1\AppData\Local\Temp\cc3PAC1x.s 			page 95


 1163              		.loc 1 1729 11 is_stmt 1 view .LVU330
1729:Drivers/STM32F0xx_HAL_Driver/Src/stm32f0xx_hal_uart.c ****         }
 1164              		.loc 1 1729 18 is_stmt 0 view .LVU331
 1165 0086 1D38     		subs	r0, r0, #29
 1166 0088 00E0     		b	.L65
 1167              	.L67:
1737:Drivers/STM32F0xx_HAL_Driver/Src/stm32f0xx_hal_uart.c **** }
 1168              		.loc 1 1737 10 view .LVU332
 1169 008a 0020     		movs	r0, #0
 1170              	.L65:
1738:Drivers/STM32F0xx_HAL_Driver/Src/stm32f0xx_hal_uart.c **** 
 1171              		.loc 1 1738 1 view .LVU333
 1172              		@ sp needed
 1173              	.LVL73:
 1174              	.LVL74:
1738:Drivers/STM32F0xx_HAL_Driver/Src/stm32f0xx_hal_uart.c **** 
 1175              		.loc 1 1738 1 view .LVU334
 1176 008c 70BD     		pop	{r4, r5, r6, pc}
 1177              		.cfi_endproc
 1178              	.LFE54:
 1180              		.section	.text.HAL_UART_Abort,"ax",%progbits
 1181              		.align	1
 1182              		.global	HAL_UART_Abort
 1183              		.syntax unified
 1184              		.code	16
 1185              		.thumb_func
 1186              		.fpu softvfp
 1188              	HAL_UART_Abort:
 1189              	.LVL75:
 1190              	.LFB55:
1753:Drivers/STM32F0xx_HAL_Driver/Src/stm32f0xx_hal_uart.c ****   /* Disable TXEIE, TCIE, RXNE, PE and ERR (Frame error, noise error, overrun error) interrupts */
 1191              		.loc 1 1753 1 is_stmt 1 view -0
 1192              		.cfi_startproc
 1193              		@ args = 0, pretend = 0, frame = 0
 1194              		@ frame_needed = 0, uses_anonymous_args = 0
1753:Drivers/STM32F0xx_HAL_Driver/Src/stm32f0xx_hal_uart.c ****   /* Disable TXEIE, TCIE, RXNE, PE and ERR (Frame error, noise error, overrun error) interrupts */
 1195              		.loc 1 1753 1 is_stmt 0 view .LVU336
 1196 0000 10B5     		push	{r4, lr}
 1197              	.LCFI5:
 1198              		.cfi_def_cfa_offset 8
 1199              		.cfi_offset 4, -8
 1200              		.cfi_offset 14, -4
 1201 0002 0400     		movs	r4, r0
1755:Drivers/STM32F0xx_HAL_Driver/Src/stm32f0xx_hal_uart.c ****   CLEAR_BIT(huart->Instance->CR3, USART_CR3_EIE);
 1202              		.loc 1 1755 3 is_stmt 1 view .LVU337
 1203 0004 0268     		ldr	r2, [r0]
 1204 0006 1368     		ldr	r3, [r2]
 1205 0008 2F49     		ldr	r1, .L81
 1206 000a 0B40     		ands	r3, r1
 1207 000c 1360     		str	r3, [r2]
1756:Drivers/STM32F0xx_HAL_Driver/Src/stm32f0xx_hal_uart.c **** 
 1208              		.loc 1 1756 3 view .LVU338
 1209 000e 0268     		ldr	r2, [r0]
 1210 0010 9368     		ldr	r3, [r2, #8]
 1211 0012 E331     		adds	r1, r1, #227
 1212 0014 FF31     		adds	r1, r1, #255
 1213 0016 8B43     		bics	r3, r1
ARM GAS  C:\Users\MINIGU~1\AppData\Local\Temp\cc3PAC1x.s 			page 96


 1214 0018 9360     		str	r3, [r2, #8]
1759:Drivers/STM32F0xx_HAL_Driver/Src/stm32f0xx_hal_uart.c ****   {
 1215              		.loc 1 1759 3 view .LVU339
1759:Drivers/STM32F0xx_HAL_Driver/Src/stm32f0xx_hal_uart.c ****   {
 1216              		.loc 1 1759 12 is_stmt 0 view .LVU340
 1217 001a 036E     		ldr	r3, [r0, #96]
1759:Drivers/STM32F0xx_HAL_Driver/Src/stm32f0xx_hal_uart.c ****   {
 1218              		.loc 1 1759 6 view .LVU341
 1219 001c 012B     		cmp	r3, #1
 1220 001e 38D0     		beq	.L78
 1221              	.L74:
1765:Drivers/STM32F0xx_HAL_Driver/Src/stm32f0xx_hal_uart.c ****   {
 1222              		.loc 1 1765 3 is_stmt 1 view .LVU342
1765:Drivers/STM32F0xx_HAL_Driver/Src/stm32f0xx_hal_uart.c ****   {
 1223              		.loc 1 1765 7 is_stmt 0 view .LVU343
 1224 0020 2368     		ldr	r3, [r4]
 1225 0022 9A68     		ldr	r2, [r3, #8]
1765:Drivers/STM32F0xx_HAL_Driver/Src/stm32f0xx_hal_uart.c ****   {
 1226              		.loc 1 1765 6 view .LVU344
 1227 0024 1206     		lsls	r2, r2, #24
 1228 0026 0DD5     		bpl	.L75
1767:Drivers/STM32F0xx_HAL_Driver/Src/stm32f0xx_hal_uart.c **** 
 1229              		.loc 1 1767 5 is_stmt 1 view .LVU345
 1230 0028 9A68     		ldr	r2, [r3, #8]
 1231 002a 8021     		movs	r1, #128
 1232 002c 8A43     		bics	r2, r1
 1233 002e 9A60     		str	r2, [r3, #8]
1770:Drivers/STM32F0xx_HAL_Driver/Src/stm32f0xx_hal_uart.c ****     {
 1234              		.loc 1 1770 5 view .LVU346
1770:Drivers/STM32F0xx_HAL_Driver/Src/stm32f0xx_hal_uart.c ****     {
 1235              		.loc 1 1770 14 is_stmt 0 view .LVU347
 1236 0030 E36E     		ldr	r3, [r4, #108]
1770:Drivers/STM32F0xx_HAL_Driver/Src/stm32f0xx_hal_uart.c ****     {
 1237              		.loc 1 1770 8 view .LVU348
 1238 0032 002B     		cmp	r3, #0
 1239 0034 06D0     		beq	.L75
1774:Drivers/STM32F0xx_HAL_Driver/Src/stm32f0xx_hal_uart.c **** 
 1240              		.loc 1 1774 7 is_stmt 1 view .LVU349
1774:Drivers/STM32F0xx_HAL_Driver/Src/stm32f0xx_hal_uart.c **** 
 1241              		.loc 1 1774 40 is_stmt 0 view .LVU350
 1242 0036 0022     		movs	r2, #0
 1243 0038 5A63     		str	r2, [r3, #52]
1776:Drivers/STM32F0xx_HAL_Driver/Src/stm32f0xx_hal_uart.c ****       {
 1244              		.loc 1 1776 7 is_stmt 1 view .LVU351
1776:Drivers/STM32F0xx_HAL_Driver/Src/stm32f0xx_hal_uart.c ****       {
 1245              		.loc 1 1776 11 is_stmt 0 view .LVU352
 1246 003a E06E     		ldr	r0, [r4, #108]
 1247              	.LVL76:
1776:Drivers/STM32F0xx_HAL_Driver/Src/stm32f0xx_hal_uart.c ****       {
 1248              		.loc 1 1776 11 view .LVU353
 1249 003c FFF7FEFF 		bl	HAL_DMA_Abort
 1250              	.LVL77:
1776:Drivers/STM32F0xx_HAL_Driver/Src/stm32f0xx_hal_uart.c ****       {
 1251              		.loc 1 1776 10 view .LVU354
 1252 0040 0028     		cmp	r0, #0
 1253 0042 2CD1     		bne	.L79
 1254              	.L75:
ARM GAS  C:\Users\MINIGU~1\AppData\Local\Temp\cc3PAC1x.s 			page 97


1790:Drivers/STM32F0xx_HAL_Driver/Src/stm32f0xx_hal_uart.c ****   {
 1255              		.loc 1 1790 3 is_stmt 1 view .LVU355
1790:Drivers/STM32F0xx_HAL_Driver/Src/stm32f0xx_hal_uart.c ****   {
 1256              		.loc 1 1790 7 is_stmt 0 view .LVU356
 1257 0044 2368     		ldr	r3, [r4]
 1258 0046 9A68     		ldr	r2, [r3, #8]
1790:Drivers/STM32F0xx_HAL_Driver/Src/stm32f0xx_hal_uart.c ****   {
 1259              		.loc 1 1790 6 view .LVU357
 1260 0048 5206     		lsls	r2, r2, #25
 1261 004a 0DD5     		bpl	.L77
1792:Drivers/STM32F0xx_HAL_Driver/Src/stm32f0xx_hal_uart.c **** 
 1262              		.loc 1 1792 5 is_stmt 1 view .LVU358
 1263 004c 9A68     		ldr	r2, [r3, #8]
 1264 004e 4021     		movs	r1, #64
 1265 0050 8A43     		bics	r2, r1
 1266 0052 9A60     		str	r2, [r3, #8]
1795:Drivers/STM32F0xx_HAL_Driver/Src/stm32f0xx_hal_uart.c ****     {
 1267              		.loc 1 1795 5 view .LVU359
1795:Drivers/STM32F0xx_HAL_Driver/Src/stm32f0xx_hal_uart.c ****     {
 1268              		.loc 1 1795 14 is_stmt 0 view .LVU360
 1269 0054 236F     		ldr	r3, [r4, #112]
1795:Drivers/STM32F0xx_HAL_Driver/Src/stm32f0xx_hal_uart.c ****     {
 1270              		.loc 1 1795 8 view .LVU361
 1271 0056 002B     		cmp	r3, #0
 1272 0058 06D0     		beq	.L77
1799:Drivers/STM32F0xx_HAL_Driver/Src/stm32f0xx_hal_uart.c **** 
 1273              		.loc 1 1799 7 is_stmt 1 view .LVU362
1799:Drivers/STM32F0xx_HAL_Driver/Src/stm32f0xx_hal_uart.c **** 
 1274              		.loc 1 1799 40 is_stmt 0 view .LVU363
 1275 005a 0022     		movs	r2, #0
 1276 005c 5A63     		str	r2, [r3, #52]
1801:Drivers/STM32F0xx_HAL_Driver/Src/stm32f0xx_hal_uart.c ****       {
 1277              		.loc 1 1801 7 is_stmt 1 view .LVU364
1801:Drivers/STM32F0xx_HAL_Driver/Src/stm32f0xx_hal_uart.c ****       {
 1278              		.loc 1 1801 11 is_stmt 0 view .LVU365
 1279 005e 206F     		ldr	r0, [r4, #112]
 1280 0060 FFF7FEFF 		bl	HAL_DMA_Abort
 1281              	.LVL78:
1801:Drivers/STM32F0xx_HAL_Driver/Src/stm32f0xx_hal_uart.c ****       {
 1282              		.loc 1 1801 10 view .LVU366
 1283 0064 0028     		cmp	r0, #0
 1284 0066 24D1     		bne	.L80
 1285              	.L77:
1815:Drivers/STM32F0xx_HAL_Driver/Src/stm32f0xx_hal_uart.c ****   huart->RxXferCount = 0U;
 1286              		.loc 1 1815 3 is_stmt 1 view .LVU367
1815:Drivers/STM32F0xx_HAL_Driver/Src/stm32f0xx_hal_uart.c ****   huart->RxXferCount = 0U;
 1287              		.loc 1 1815 22 is_stmt 0 view .LVU368
 1288 0068 0023     		movs	r3, #0
 1289 006a 5222     		movs	r2, #82
 1290 006c A352     		strh	r3, [r4, r2]
1816:Drivers/STM32F0xx_HAL_Driver/Src/stm32f0xx_hal_uart.c **** 
 1291              		.loc 1 1816 3 is_stmt 1 view .LVU369
1816:Drivers/STM32F0xx_HAL_Driver/Src/stm32f0xx_hal_uart.c **** 
 1292              		.loc 1 1816 22 is_stmt 0 view .LVU370
 1293 006e 0832     		adds	r2, r2, #8
 1294 0070 A352     		strh	r3, [r4, r2]
1819:Drivers/STM32F0xx_HAL_Driver/Src/stm32f0xx_hal_uart.c **** 
ARM GAS  C:\Users\MINIGU~1\AppData\Local\Temp\cc3PAC1x.s 			page 98


 1295              		.loc 1 1819 3 is_stmt 1 view .LVU371
 1296 0072 2268     		ldr	r2, [r4]
 1297 0074 0F21     		movs	r1, #15
 1298 0076 1162     		str	r1, [r2, #32]
1823:Drivers/STM32F0xx_HAL_Driver/Src/stm32f0xx_hal_uart.c **** 
 1299              		.loc 1 1823 3 view .LVU372
 1300 0078 2168     		ldr	r1, [r4]
 1301 007a 8A69     		ldr	r2, [r1, #24]
 1302 007c 0820     		movs	r0, #8
 1303 007e 0243     		orrs	r2, r0
 1304 0080 8A61     		str	r2, [r1, #24]
1826:Drivers/STM32F0xx_HAL_Driver/Src/stm32f0xx_hal_uart.c ****   huart->RxState = HAL_UART_STATE_READY;
 1305              		.loc 1 1826 3 view .LVU373
1826:Drivers/STM32F0xx_HAL_Driver/Src/stm32f0xx_hal_uart.c ****   huart->RxState = HAL_UART_STATE_READY;
 1306              		.loc 1 1826 18 is_stmt 0 view .LVU374
 1307 0082 2022     		movs	r2, #32
 1308 0084 A267     		str	r2, [r4, #120]
1827:Drivers/STM32F0xx_HAL_Driver/Src/stm32f0xx_hal_uart.c ****   huart->ReceptionType = HAL_UART_RECEPTION_STANDARD;
 1309              		.loc 1 1827 3 is_stmt 1 view .LVU375
1827:Drivers/STM32F0xx_HAL_Driver/Src/stm32f0xx_hal_uart.c ****   huart->ReceptionType = HAL_UART_RECEPTION_STANDARD;
 1310              		.loc 1 1827 18 is_stmt 0 view .LVU376
 1311 0086 E267     		str	r2, [r4, #124]
1828:Drivers/STM32F0xx_HAL_Driver/Src/stm32f0xx_hal_uart.c **** 
 1312              		.loc 1 1828 3 is_stmt 1 view .LVU377
1828:Drivers/STM32F0xx_HAL_Driver/Src/stm32f0xx_hal_uart.c **** 
 1313              		.loc 1 1828 24 is_stmt 0 view .LVU378
 1314 0088 2366     		str	r3, [r4, #96]
1830:Drivers/STM32F0xx_HAL_Driver/Src/stm32f0xx_hal_uart.c **** 
 1315              		.loc 1 1830 3 is_stmt 1 view .LVU379
1830:Drivers/STM32F0xx_HAL_Driver/Src/stm32f0xx_hal_uart.c **** 
 1316              		.loc 1 1830 20 is_stmt 0 view .LVU380
 1317 008a 6032     		adds	r2, r2, #96
 1318 008c A350     		str	r3, [r4, r2]
1832:Drivers/STM32F0xx_HAL_Driver/Src/stm32f0xx_hal_uart.c **** }
 1319              		.loc 1 1832 3 is_stmt 1 view .LVU381
1832:Drivers/STM32F0xx_HAL_Driver/Src/stm32f0xx_hal_uart.c **** }
 1320              		.loc 1 1832 10 is_stmt 0 view .LVU382
 1321 008e 0020     		movs	r0, #0
 1322              	.L76:
1833:Drivers/STM32F0xx_HAL_Driver/Src/stm32f0xx_hal_uart.c **** 
 1323              		.loc 1 1833 1 view .LVU383
 1324              		@ sp needed
 1325              	.LVL79:
1833:Drivers/STM32F0xx_HAL_Driver/Src/stm32f0xx_hal_uart.c **** 
 1326              		.loc 1 1833 1 view .LVU384
 1327 0090 10BD     		pop	{r4, pc}
 1328              	.LVL80:
 1329              	.L78:
1761:Drivers/STM32F0xx_HAL_Driver/Src/stm32f0xx_hal_uart.c ****   }
 1330              		.loc 1 1761 5 is_stmt 1 view .LVU385
 1331 0092 0268     		ldr	r2, [r0]
 1332 0094 1368     		ldr	r3, [r2]
 1333 0096 0F31     		adds	r1, r1, #15
 1334 0098 8B43     		bics	r3, r1
 1335 009a 1360     		str	r3, [r2]
 1336 009c C0E7     		b	.L74
 1337              	.LVL81:
ARM GAS  C:\Users\MINIGU~1\AppData\Local\Temp\cc3PAC1x.s 			page 99


 1338              	.L79:
1778:Drivers/STM32F0xx_HAL_Driver/Src/stm32f0xx_hal_uart.c ****         {
 1339              		.loc 1 1778 9 view .LVU386
1778:Drivers/STM32F0xx_HAL_Driver/Src/stm32f0xx_hal_uart.c ****         {
 1340              		.loc 1 1778 13 is_stmt 0 view .LVU387
 1341 009e E06E     		ldr	r0, [r4, #108]
 1342 00a0 FFF7FEFF 		bl	HAL_DMA_GetError
 1343              	.LVL82:
1778:Drivers/STM32F0xx_HAL_Driver/Src/stm32f0xx_hal_uart.c ****         {
 1344              		.loc 1 1778 12 view .LVU388
 1345 00a4 2028     		cmp	r0, #32
 1346 00a6 CDD1     		bne	.L75
1781:Drivers/STM32F0xx_HAL_Driver/Src/stm32f0xx_hal_uart.c **** 
 1347              		.loc 1 1781 11 is_stmt 1 view .LVU389
1781:Drivers/STM32F0xx_HAL_Driver/Src/stm32f0xx_hal_uart.c **** 
 1348              		.loc 1 1781 28 is_stmt 0 view .LVU390
 1349 00a8 8023     		movs	r3, #128
 1350 00aa 1022     		movs	r2, #16
 1351 00ac E250     		str	r2, [r4, r3]
1783:Drivers/STM32F0xx_HAL_Driver/Src/stm32f0xx_hal_uart.c ****         }
 1352              		.loc 1 1783 11 is_stmt 1 view .LVU391
1783:Drivers/STM32F0xx_HAL_Driver/Src/stm32f0xx_hal_uart.c ****         }
 1353              		.loc 1 1783 18 is_stmt 0 view .LVU392
 1354 00ae 1D38     		subs	r0, r0, #29
 1355 00b0 EEE7     		b	.L76
 1356              	.L80:
1803:Drivers/STM32F0xx_HAL_Driver/Src/stm32f0xx_hal_uart.c ****         {
 1357              		.loc 1 1803 9 is_stmt 1 view .LVU393
1803:Drivers/STM32F0xx_HAL_Driver/Src/stm32f0xx_hal_uart.c ****         {
 1358              		.loc 1 1803 13 is_stmt 0 view .LVU394
 1359 00b2 206F     		ldr	r0, [r4, #112]
 1360 00b4 FFF7FEFF 		bl	HAL_DMA_GetError
 1361              	.LVL83:
1803:Drivers/STM32F0xx_HAL_Driver/Src/stm32f0xx_hal_uart.c ****         {
 1362              		.loc 1 1803 12 view .LVU395
 1363 00b8 2028     		cmp	r0, #32
 1364 00ba D5D1     		bne	.L77
1806:Drivers/STM32F0xx_HAL_Driver/Src/stm32f0xx_hal_uart.c **** 
 1365              		.loc 1 1806 11 is_stmt 1 view .LVU396
1806:Drivers/STM32F0xx_HAL_Driver/Src/stm32f0xx_hal_uart.c **** 
 1366              		.loc 1 1806 28 is_stmt 0 view .LVU397
 1367 00bc 8023     		movs	r3, #128
 1368 00be 1022     		movs	r2, #16
 1369 00c0 E250     		str	r2, [r4, r3]
1808:Drivers/STM32F0xx_HAL_Driver/Src/stm32f0xx_hal_uart.c ****         }
 1370              		.loc 1 1808 11 is_stmt 1 view .LVU398
1808:Drivers/STM32F0xx_HAL_Driver/Src/stm32f0xx_hal_uart.c ****         }
 1371              		.loc 1 1808 18 is_stmt 0 view .LVU399
 1372 00c2 1D38     		subs	r0, r0, #29
 1373 00c4 E4E7     		b	.L76
 1374              	.L82:
 1375 00c6 C046     		.align	2
 1376              	.L81:
 1377 00c8 1FFEFFFF 		.word	-481
 1378              		.cfi_endproc
 1379              	.LFE55:
 1381              		.section	.text.HAL_UART_AbortTransmit,"ax",%progbits
ARM GAS  C:\Users\MINIGU~1\AppData\Local\Temp\cc3PAC1x.s 			page 100


 1382              		.align	1
 1383              		.global	HAL_UART_AbortTransmit
 1384              		.syntax unified
 1385              		.code	16
 1386              		.thumb_func
 1387              		.fpu softvfp
 1389              	HAL_UART_AbortTransmit:
 1390              	.LVL84:
 1391              	.LFB56:
1848:Drivers/STM32F0xx_HAL_Driver/Src/stm32f0xx_hal_uart.c ****   /* Disable TXEIE and TCIE interrupts */
 1392              		.loc 1 1848 1 is_stmt 1 view -0
 1393              		.cfi_startproc
 1394              		@ args = 0, pretend = 0, frame = 0
 1395              		@ frame_needed = 0, uses_anonymous_args = 0
1848:Drivers/STM32F0xx_HAL_Driver/Src/stm32f0xx_hal_uart.c ****   /* Disable TXEIE and TCIE interrupts */
 1396              		.loc 1 1848 1 is_stmt 0 view .LVU401
 1397 0000 10B5     		push	{r4, lr}
 1398              	.LCFI6:
 1399              		.cfi_def_cfa_offset 8
 1400              		.cfi_offset 4, -8
 1401              		.cfi_offset 14, -4
 1402 0002 0400     		movs	r4, r0
1850:Drivers/STM32F0xx_HAL_Driver/Src/stm32f0xx_hal_uart.c **** 
 1403              		.loc 1 1850 3 is_stmt 1 view .LVU402
 1404 0004 0268     		ldr	r2, [r0]
 1405 0006 1368     		ldr	r3, [r2]
 1406 0008 C021     		movs	r1, #192
 1407 000a 8B43     		bics	r3, r1
 1408 000c 1360     		str	r3, [r2]
1853:Drivers/STM32F0xx_HAL_Driver/Src/stm32f0xx_hal_uart.c ****   {
 1409              		.loc 1 1853 3 view .LVU403
1853:Drivers/STM32F0xx_HAL_Driver/Src/stm32f0xx_hal_uart.c ****   {
 1410              		.loc 1 1853 7 is_stmt 0 view .LVU404
 1411 000e 0368     		ldr	r3, [r0]
 1412 0010 9A68     		ldr	r2, [r3, #8]
1853:Drivers/STM32F0xx_HAL_Driver/Src/stm32f0xx_hal_uart.c ****   {
 1413              		.loc 1 1853 6 view .LVU405
 1414 0012 1206     		lsls	r2, r2, #24
 1415 0014 0DD5     		bpl	.L84
1855:Drivers/STM32F0xx_HAL_Driver/Src/stm32f0xx_hal_uart.c **** 
 1416              		.loc 1 1855 5 is_stmt 1 view .LVU406
 1417 0016 9A68     		ldr	r2, [r3, #8]
 1418 0018 4039     		subs	r1, r1, #64
 1419 001a 8A43     		bics	r2, r1
 1420 001c 9A60     		str	r2, [r3, #8]
1858:Drivers/STM32F0xx_HAL_Driver/Src/stm32f0xx_hal_uart.c ****     {
 1421              		.loc 1 1858 5 view .LVU407
1858:Drivers/STM32F0xx_HAL_Driver/Src/stm32f0xx_hal_uart.c ****     {
 1422              		.loc 1 1858 14 is_stmt 0 view .LVU408
 1423 001e C36E     		ldr	r3, [r0, #108]
1858:Drivers/STM32F0xx_HAL_Driver/Src/stm32f0xx_hal_uart.c ****     {
 1424              		.loc 1 1858 8 view .LVU409
 1425 0020 002B     		cmp	r3, #0
 1426 0022 06D0     		beq	.L84
1862:Drivers/STM32F0xx_HAL_Driver/Src/stm32f0xx_hal_uart.c **** 
 1427              		.loc 1 1862 7 is_stmt 1 view .LVU410
1862:Drivers/STM32F0xx_HAL_Driver/Src/stm32f0xx_hal_uart.c **** 
ARM GAS  C:\Users\MINIGU~1\AppData\Local\Temp\cc3PAC1x.s 			page 101


 1428              		.loc 1 1862 40 is_stmt 0 view .LVU411
 1429 0024 0022     		movs	r2, #0
 1430 0026 5A63     		str	r2, [r3, #52]
1864:Drivers/STM32F0xx_HAL_Driver/Src/stm32f0xx_hal_uart.c ****       {
 1431              		.loc 1 1864 7 is_stmt 1 view .LVU412
1864:Drivers/STM32F0xx_HAL_Driver/Src/stm32f0xx_hal_uart.c ****       {
 1432              		.loc 1 1864 11 is_stmt 0 view .LVU413
 1433 0028 C06E     		ldr	r0, [r0, #108]
 1434              	.LVL85:
1864:Drivers/STM32F0xx_HAL_Driver/Src/stm32f0xx_hal_uart.c ****       {
 1435              		.loc 1 1864 11 view .LVU414
 1436 002a FFF7FEFF 		bl	HAL_DMA_Abort
 1437              	.LVL86:
1864:Drivers/STM32F0xx_HAL_Driver/Src/stm32f0xx_hal_uart.c ****       {
 1438              		.loc 1 1864 10 view .LVU415
 1439 002e 0028     		cmp	r0, #0
 1440 0030 06D1     		bne	.L86
 1441              	.L84:
1878:Drivers/STM32F0xx_HAL_Driver/Src/stm32f0xx_hal_uart.c **** 
 1442              		.loc 1 1878 3 is_stmt 1 view .LVU416
1878:Drivers/STM32F0xx_HAL_Driver/Src/stm32f0xx_hal_uart.c **** 
 1443              		.loc 1 1878 22 is_stmt 0 view .LVU417
 1444 0032 5223     		movs	r3, #82
 1445 0034 0022     		movs	r2, #0
 1446 0036 E252     		strh	r2, [r4, r3]
1882:Drivers/STM32F0xx_HAL_Driver/Src/stm32f0xx_hal_uart.c **** 
 1447              		.loc 1 1882 3 is_stmt 1 view .LVU418
1882:Drivers/STM32F0xx_HAL_Driver/Src/stm32f0xx_hal_uart.c **** 
 1448              		.loc 1 1882 17 is_stmt 0 view .LVU419
 1449 0038 323B     		subs	r3, r3, #50
 1450 003a A367     		str	r3, [r4, #120]
1884:Drivers/STM32F0xx_HAL_Driver/Src/stm32f0xx_hal_uart.c **** }
 1451              		.loc 1 1884 3 is_stmt 1 view .LVU420
1884:Drivers/STM32F0xx_HAL_Driver/Src/stm32f0xx_hal_uart.c **** }
 1452              		.loc 1 1884 10 is_stmt 0 view .LVU421
 1453 003c 0020     		movs	r0, #0
 1454              	.L85:
1885:Drivers/STM32F0xx_HAL_Driver/Src/stm32f0xx_hal_uart.c **** 
 1455              		.loc 1 1885 1 view .LVU422
 1456              		@ sp needed
 1457              	.LVL87:
1885:Drivers/STM32F0xx_HAL_Driver/Src/stm32f0xx_hal_uart.c **** 
 1458              		.loc 1 1885 1 view .LVU423
 1459 003e 10BD     		pop	{r4, pc}
 1460              	.LVL88:
 1461              	.L86:
1866:Drivers/STM32F0xx_HAL_Driver/Src/stm32f0xx_hal_uart.c ****         {
 1462              		.loc 1 1866 9 is_stmt 1 view .LVU424
1866:Drivers/STM32F0xx_HAL_Driver/Src/stm32f0xx_hal_uart.c ****         {
 1463              		.loc 1 1866 13 is_stmt 0 view .LVU425
 1464 0040 E06E     		ldr	r0, [r4, #108]
 1465 0042 FFF7FEFF 		bl	HAL_DMA_GetError
 1466              	.LVL89:
1866:Drivers/STM32F0xx_HAL_Driver/Src/stm32f0xx_hal_uart.c ****         {
 1467              		.loc 1 1866 12 view .LVU426
 1468 0046 2028     		cmp	r0, #32
 1469 0048 F3D1     		bne	.L84
ARM GAS  C:\Users\MINIGU~1\AppData\Local\Temp\cc3PAC1x.s 			page 102


1869:Drivers/STM32F0xx_HAL_Driver/Src/stm32f0xx_hal_uart.c **** 
 1470              		.loc 1 1869 11 is_stmt 1 view .LVU427
1869:Drivers/STM32F0xx_HAL_Driver/Src/stm32f0xx_hal_uart.c **** 
 1471              		.loc 1 1869 28 is_stmt 0 view .LVU428
 1472 004a 8023     		movs	r3, #128
 1473 004c 1022     		movs	r2, #16
 1474 004e E250     		str	r2, [r4, r3]
1871:Drivers/STM32F0xx_HAL_Driver/Src/stm32f0xx_hal_uart.c ****         }
 1475              		.loc 1 1871 11 is_stmt 1 view .LVU429
1871:Drivers/STM32F0xx_HAL_Driver/Src/stm32f0xx_hal_uart.c ****         }
 1476              		.loc 1 1871 18 is_stmt 0 view .LVU430
 1477 0050 1D38     		subs	r0, r0, #29
 1478 0052 F4E7     		b	.L85
 1479              		.cfi_endproc
 1480              	.LFE56:
 1482              		.section	.text.HAL_UART_AbortReceive,"ax",%progbits
 1483              		.align	1
 1484              		.global	HAL_UART_AbortReceive
 1485              		.syntax unified
 1486              		.code	16
 1487              		.thumb_func
 1488              		.fpu softvfp
 1490              	HAL_UART_AbortReceive:
 1491              	.LVL90:
 1492              	.LFB57:
1900:Drivers/STM32F0xx_HAL_Driver/Src/stm32f0xx_hal_uart.c ****   /* Disable RXNE, PE and ERR (Frame error, noise error, overrun error) interrupts */
 1493              		.loc 1 1900 1 is_stmt 1 view -0
 1494              		.cfi_startproc
 1495              		@ args = 0, pretend = 0, frame = 0
 1496              		@ frame_needed = 0, uses_anonymous_args = 0
1900:Drivers/STM32F0xx_HAL_Driver/Src/stm32f0xx_hal_uart.c ****   /* Disable RXNE, PE and ERR (Frame error, noise error, overrun error) interrupts */
 1497              		.loc 1 1900 1 is_stmt 0 view .LVU432
 1498 0000 10B5     		push	{r4, lr}
 1499              	.LCFI7:
 1500              		.cfi_def_cfa_offset 8
 1501              		.cfi_offset 4, -8
 1502              		.cfi_offset 14, -4
 1503 0002 0400     		movs	r4, r0
1902:Drivers/STM32F0xx_HAL_Driver/Src/stm32f0xx_hal_uart.c ****   CLEAR_BIT(huart->Instance->CR3, USART_CR3_EIE);
 1504              		.loc 1 1902 3 is_stmt 1 view .LVU433
 1505 0004 0268     		ldr	r2, [r0]
 1506 0006 1368     		ldr	r3, [r2]
 1507 0008 1E49     		ldr	r1, .L93
 1508 000a 0B40     		ands	r3, r1
 1509 000c 1360     		str	r3, [r2]
1903:Drivers/STM32F0xx_HAL_Driver/Src/stm32f0xx_hal_uart.c **** 
 1510              		.loc 1 1903 3 view .LVU434
 1511 000e 0268     		ldr	r2, [r0]
 1512 0010 9368     		ldr	r3, [r2, #8]
 1513 0012 2331     		adds	r1, r1, #35
 1514 0014 FF31     		adds	r1, r1, #255
 1515 0016 8B43     		bics	r3, r1
 1516 0018 9360     		str	r3, [r2, #8]
1906:Drivers/STM32F0xx_HAL_Driver/Src/stm32f0xx_hal_uart.c ****   {
 1517              		.loc 1 1906 3 view .LVU435
1906:Drivers/STM32F0xx_HAL_Driver/Src/stm32f0xx_hal_uart.c ****   {
 1518              		.loc 1 1906 12 is_stmt 0 view .LVU436
ARM GAS  C:\Users\MINIGU~1\AppData\Local\Temp\cc3PAC1x.s 			page 103


 1519 001a 036E     		ldr	r3, [r0, #96]
1906:Drivers/STM32F0xx_HAL_Driver/Src/stm32f0xx_hal_uart.c ****   {
 1520              		.loc 1 1906 6 view .LVU437
 1521 001c 012B     		cmp	r3, #1
 1522 001e 21D0     		beq	.L91
 1523              	.L88:
1912:Drivers/STM32F0xx_HAL_Driver/Src/stm32f0xx_hal_uart.c ****   {
 1524              		.loc 1 1912 3 is_stmt 1 view .LVU438
1912:Drivers/STM32F0xx_HAL_Driver/Src/stm32f0xx_hal_uart.c ****   {
 1525              		.loc 1 1912 7 is_stmt 0 view .LVU439
 1526 0020 2368     		ldr	r3, [r4]
 1527 0022 9A68     		ldr	r2, [r3, #8]
1912:Drivers/STM32F0xx_HAL_Driver/Src/stm32f0xx_hal_uart.c ****   {
 1528              		.loc 1 1912 6 view .LVU440
 1529 0024 5206     		lsls	r2, r2, #25
 1530 0026 0DD5     		bpl	.L89
1914:Drivers/STM32F0xx_HAL_Driver/Src/stm32f0xx_hal_uart.c **** 
 1531              		.loc 1 1914 5 is_stmt 1 view .LVU441
 1532 0028 9A68     		ldr	r2, [r3, #8]
 1533 002a 4021     		movs	r1, #64
 1534 002c 8A43     		bics	r2, r1
 1535 002e 9A60     		str	r2, [r3, #8]
1917:Drivers/STM32F0xx_HAL_Driver/Src/stm32f0xx_hal_uart.c ****     {
 1536              		.loc 1 1917 5 view .LVU442
1917:Drivers/STM32F0xx_HAL_Driver/Src/stm32f0xx_hal_uart.c ****     {
 1537              		.loc 1 1917 14 is_stmt 0 view .LVU443
 1538 0030 236F     		ldr	r3, [r4, #112]
1917:Drivers/STM32F0xx_HAL_Driver/Src/stm32f0xx_hal_uart.c ****     {
 1539              		.loc 1 1917 8 view .LVU444
 1540 0032 002B     		cmp	r3, #0
 1541 0034 06D0     		beq	.L89
1921:Drivers/STM32F0xx_HAL_Driver/Src/stm32f0xx_hal_uart.c **** 
 1542              		.loc 1 1921 7 is_stmt 1 view .LVU445
1921:Drivers/STM32F0xx_HAL_Driver/Src/stm32f0xx_hal_uart.c **** 
 1543              		.loc 1 1921 40 is_stmt 0 view .LVU446
 1544 0036 0022     		movs	r2, #0
 1545 0038 5A63     		str	r2, [r3, #52]
1923:Drivers/STM32F0xx_HAL_Driver/Src/stm32f0xx_hal_uart.c ****       {
 1546              		.loc 1 1923 7 is_stmt 1 view .LVU447
1923:Drivers/STM32F0xx_HAL_Driver/Src/stm32f0xx_hal_uart.c ****       {
 1547              		.loc 1 1923 11 is_stmt 0 view .LVU448
 1548 003a 206F     		ldr	r0, [r4, #112]
 1549              	.LVL91:
1923:Drivers/STM32F0xx_HAL_Driver/Src/stm32f0xx_hal_uart.c ****       {
 1550              		.loc 1 1923 11 view .LVU449
 1551 003c FFF7FEFF 		bl	HAL_DMA_Abort
 1552              	.LVL92:
1923:Drivers/STM32F0xx_HAL_Driver/Src/stm32f0xx_hal_uart.c ****       {
 1553              		.loc 1 1923 10 view .LVU450
 1554 0040 0028     		cmp	r0, #0
 1555 0042 15D1     		bne	.L92
 1556              	.L89:
1937:Drivers/STM32F0xx_HAL_Driver/Src/stm32f0xx_hal_uart.c **** 
 1557              		.loc 1 1937 3 is_stmt 1 view .LVU451
1937:Drivers/STM32F0xx_HAL_Driver/Src/stm32f0xx_hal_uart.c **** 
 1558              		.loc 1 1937 22 is_stmt 0 view .LVU452
 1559 0044 0022     		movs	r2, #0
ARM GAS  C:\Users\MINIGU~1\AppData\Local\Temp\cc3PAC1x.s 			page 104


 1560 0046 5A23     		movs	r3, #90
 1561 0048 E252     		strh	r2, [r4, r3]
1940:Drivers/STM32F0xx_HAL_Driver/Src/stm32f0xx_hal_uart.c **** 
 1562              		.loc 1 1940 3 is_stmt 1 view .LVU453
 1563 004a 2368     		ldr	r3, [r4]
 1564 004c 0F21     		movs	r1, #15
 1565 004e 1962     		str	r1, [r3, #32]
1943:Drivers/STM32F0xx_HAL_Driver/Src/stm32f0xx_hal_uart.c **** 
 1566              		.loc 1 1943 3 view .LVU454
 1567 0050 2168     		ldr	r1, [r4]
 1568 0052 8B69     		ldr	r3, [r1, #24]
 1569 0054 0820     		movs	r0, #8
 1570 0056 0343     		orrs	r3, r0
 1571 0058 8B61     		str	r3, [r1, #24]
1946:Drivers/STM32F0xx_HAL_Driver/Src/stm32f0xx_hal_uart.c ****   huart->ReceptionType = HAL_UART_RECEPTION_STANDARD;
 1572              		.loc 1 1946 3 view .LVU455
1946:Drivers/STM32F0xx_HAL_Driver/Src/stm32f0xx_hal_uart.c ****   huart->ReceptionType = HAL_UART_RECEPTION_STANDARD;
 1573              		.loc 1 1946 18 is_stmt 0 view .LVU456
 1574 005a 2023     		movs	r3, #32
 1575 005c E367     		str	r3, [r4, #124]
1947:Drivers/STM32F0xx_HAL_Driver/Src/stm32f0xx_hal_uart.c **** 
 1576              		.loc 1 1947 3 is_stmt 1 view .LVU457
1947:Drivers/STM32F0xx_HAL_Driver/Src/stm32f0xx_hal_uart.c **** 
 1577              		.loc 1 1947 24 is_stmt 0 view .LVU458
 1578 005e 2266     		str	r2, [r4, #96]
1949:Drivers/STM32F0xx_HAL_Driver/Src/stm32f0xx_hal_uart.c **** }
 1579              		.loc 1 1949 3 is_stmt 1 view .LVU459
1949:Drivers/STM32F0xx_HAL_Driver/Src/stm32f0xx_hal_uart.c **** }
 1580              		.loc 1 1949 10 is_stmt 0 view .LVU460
 1581 0060 0020     		movs	r0, #0
 1582              	.L90:
1950:Drivers/STM32F0xx_HAL_Driver/Src/stm32f0xx_hal_uart.c **** 
 1583              		.loc 1 1950 1 view .LVU461
 1584              		@ sp needed
 1585              	.LVL93:
1950:Drivers/STM32F0xx_HAL_Driver/Src/stm32f0xx_hal_uart.c **** 
 1586              		.loc 1 1950 1 view .LVU462
 1587 0062 10BD     		pop	{r4, pc}
 1588              	.LVL94:
 1589              	.L91:
1908:Drivers/STM32F0xx_HAL_Driver/Src/stm32f0xx_hal_uart.c ****   }
 1590              		.loc 1 1908 5 is_stmt 1 view .LVU463
 1591 0064 0268     		ldr	r2, [r0]
 1592 0066 1368     		ldr	r3, [r2]
 1593 0068 0F31     		adds	r1, r1, #15
 1594 006a 8B43     		bics	r3, r1
 1595 006c 1360     		str	r3, [r2]
 1596 006e D7E7     		b	.L88
 1597              	.LVL95:
 1598              	.L92:
1925:Drivers/STM32F0xx_HAL_Driver/Src/stm32f0xx_hal_uart.c ****         {
 1599              		.loc 1 1925 9 view .LVU464
1925:Drivers/STM32F0xx_HAL_Driver/Src/stm32f0xx_hal_uart.c ****         {
 1600              		.loc 1 1925 13 is_stmt 0 view .LVU465
 1601 0070 206F     		ldr	r0, [r4, #112]
 1602 0072 FFF7FEFF 		bl	HAL_DMA_GetError
 1603              	.LVL96:
ARM GAS  C:\Users\MINIGU~1\AppData\Local\Temp\cc3PAC1x.s 			page 105


1925:Drivers/STM32F0xx_HAL_Driver/Src/stm32f0xx_hal_uart.c ****         {
 1604              		.loc 1 1925 12 view .LVU466
 1605 0076 2028     		cmp	r0, #32
 1606 0078 E4D1     		bne	.L89
1928:Drivers/STM32F0xx_HAL_Driver/Src/stm32f0xx_hal_uart.c **** 
 1607              		.loc 1 1928 11 is_stmt 1 view .LVU467
1928:Drivers/STM32F0xx_HAL_Driver/Src/stm32f0xx_hal_uart.c **** 
 1608              		.loc 1 1928 28 is_stmt 0 view .LVU468
 1609 007a 8023     		movs	r3, #128
 1610 007c 1022     		movs	r2, #16
 1611 007e E250     		str	r2, [r4, r3]
1930:Drivers/STM32F0xx_HAL_Driver/Src/stm32f0xx_hal_uart.c ****         }
 1612              		.loc 1 1930 11 is_stmt 1 view .LVU469
1930:Drivers/STM32F0xx_HAL_Driver/Src/stm32f0xx_hal_uart.c ****         }
 1613              		.loc 1 1930 18 is_stmt 0 view .LVU470
 1614 0080 1D38     		subs	r0, r0, #29
 1615 0082 EEE7     		b	.L90
 1616              	.L94:
 1617              		.align	2
 1618              	.L93:
 1619 0084 DFFEFFFF 		.word	-289
 1620              		.cfi_endproc
 1621              	.LFE57:
 1623              		.section	.text.HAL_UART_TxCpltCallback,"ax",%progbits
 1624              		.align	1
 1625              		.weak	HAL_UART_TxCpltCallback
 1626              		.syntax unified
 1627              		.code	16
 1628              		.thumb_func
 1629              		.fpu softvfp
 1631              	HAL_UART_TxCpltCallback:
 1632              	.LVL97:
 1633              	.LFB62:
2582:Drivers/STM32F0xx_HAL_Driver/Src/stm32f0xx_hal_uart.c ****   /* Prevent unused argument(s) compilation warning */
 1634              		.loc 1 2582 1 is_stmt 1 view -0
 1635              		.cfi_startproc
 1636              		@ args = 0, pretend = 0, frame = 0
 1637              		@ frame_needed = 0, uses_anonymous_args = 0
 1638              		@ link register save eliminated.
2584:Drivers/STM32F0xx_HAL_Driver/Src/stm32f0xx_hal_uart.c **** 
 1639              		.loc 1 2584 3 view .LVU472
2589:Drivers/STM32F0xx_HAL_Driver/Src/stm32f0xx_hal_uart.c **** 
 1640              		.loc 1 2589 1 is_stmt 0 view .LVU473
 1641              		@ sp needed
 1642 0000 7047     		bx	lr
 1643              		.cfi_endproc
 1644              	.LFE62:
 1646              		.section	.text.UART_DMATransmitCplt,"ax",%progbits
 1647              		.align	1
 1648              		.syntax unified
 1649              		.code	16
 1650              		.thumb_func
 1651              		.fpu softvfp
 1653              	UART_DMATransmitCplt:
 1654              	.LVL98:
 1655              	.LFB89:
3499:Drivers/STM32F0xx_HAL_Driver/Src/stm32f0xx_hal_uart.c ****   UART_HandleTypeDef *huart = (UART_HandleTypeDef *)(hdma->Parent);
ARM GAS  C:\Users\MINIGU~1\AppData\Local\Temp\cc3PAC1x.s 			page 106


 1656              		.loc 1 3499 1 is_stmt 1 view -0
 1657              		.cfi_startproc
 1658              		@ args = 0, pretend = 0, frame = 0
 1659              		@ frame_needed = 0, uses_anonymous_args = 0
3499:Drivers/STM32F0xx_HAL_Driver/Src/stm32f0xx_hal_uart.c ****   UART_HandleTypeDef *huart = (UART_HandleTypeDef *)(hdma->Parent);
 1660              		.loc 1 3499 1 is_stmt 0 view .LVU475
 1661 0000 10B5     		push	{r4, lr}
 1662              	.LCFI8:
 1663              		.cfi_def_cfa_offset 8
 1664              		.cfi_offset 4, -8
 1665              		.cfi_offset 14, -4
3500:Drivers/STM32F0xx_HAL_Driver/Src/stm32f0xx_hal_uart.c **** 
 1666              		.loc 1 3500 3 is_stmt 1 view .LVU476
3500:Drivers/STM32F0xx_HAL_Driver/Src/stm32f0xx_hal_uart.c **** 
 1667              		.loc 1 3500 23 is_stmt 0 view .LVU477
 1668 0002 436A     		ldr	r3, [r0, #36]
 1669              	.LVL99:
3503:Drivers/STM32F0xx_HAL_Driver/Src/stm32f0xx_hal_uart.c ****   {
 1670              		.loc 1 3503 3 is_stmt 1 view .LVU478
3503:Drivers/STM32F0xx_HAL_Driver/Src/stm32f0xx_hal_uart.c ****   {
 1671              		.loc 1 3503 17 is_stmt 0 view .LVU479
 1672 0004 8269     		ldr	r2, [r0, #24]
3503:Drivers/STM32F0xx_HAL_Driver/Src/stm32f0xx_hal_uart.c ****   {
 1673              		.loc 1 3503 6 view .LVU480
 1674 0006 202A     		cmp	r2, #32
 1675 0008 0DD0     		beq	.L97
3505:Drivers/STM32F0xx_HAL_Driver/Src/stm32f0xx_hal_uart.c **** 
 1676              		.loc 1 3505 5 is_stmt 1 view .LVU481
3505:Drivers/STM32F0xx_HAL_Driver/Src/stm32f0xx_hal_uart.c **** 
 1677              		.loc 1 3505 24 is_stmt 0 view .LVU482
 1678 000a 5222     		movs	r2, #82
 1679 000c 0021     		movs	r1, #0
 1680 000e 9952     		strh	r1, [r3, r2]
3509:Drivers/STM32F0xx_HAL_Driver/Src/stm32f0xx_hal_uart.c **** 
 1681              		.loc 1 3509 5 is_stmt 1 view .LVU483
 1682 0010 1968     		ldr	r1, [r3]
 1683 0012 8A68     		ldr	r2, [r1, #8]
 1684 0014 8020     		movs	r0, #128
 1685              	.LVL100:
3509:Drivers/STM32F0xx_HAL_Driver/Src/stm32f0xx_hal_uart.c **** 
 1686              		.loc 1 3509 5 is_stmt 0 view .LVU484
 1687 0016 8243     		bics	r2, r0
 1688 0018 8A60     		str	r2, [r1, #8]
3512:Drivers/STM32F0xx_HAL_Driver/Src/stm32f0xx_hal_uart.c ****   }
 1689              		.loc 1 3512 5 is_stmt 1 view .LVU485
 1690 001a 1A68     		ldr	r2, [r3]
 1691 001c 1368     		ldr	r3, [r2]
 1692              	.LVL101:
3512:Drivers/STM32F0xx_HAL_Driver/Src/stm32f0xx_hal_uart.c ****   }
 1693              		.loc 1 3512 5 is_stmt 0 view .LVU486
 1694 001e 4021     		movs	r1, #64
 1695 0020 0B43     		orrs	r3, r1
 1696 0022 1360     		str	r3, [r2]
 1697              	.L96:
3525:Drivers/STM32F0xx_HAL_Driver/Src/stm32f0xx_hal_uart.c **** 
 1698              		.loc 1 3525 1 view .LVU487
 1699              		@ sp needed
ARM GAS  C:\Users\MINIGU~1\AppData\Local\Temp\cc3PAC1x.s 			page 107


 1700 0024 10BD     		pop	{r4, pc}
 1701              	.LVL102:
 1702              	.L97:
3522:Drivers/STM32F0xx_HAL_Driver/Src/stm32f0xx_hal_uart.c **** #endif /* USE_HAL_UART_REGISTER_CALLBACKS */
 1703              		.loc 1 3522 5 is_stmt 1 view .LVU488
 1704 0026 1800     		movs	r0, r3
 1705              	.LVL103:
3522:Drivers/STM32F0xx_HAL_Driver/Src/stm32f0xx_hal_uart.c **** #endif /* USE_HAL_UART_REGISTER_CALLBACKS */
 1706              		.loc 1 3522 5 is_stmt 0 view .LVU489
 1707 0028 FFF7FEFF 		bl	HAL_UART_TxCpltCallback
 1708              	.LVL104:
3525:Drivers/STM32F0xx_HAL_Driver/Src/stm32f0xx_hal_uart.c **** 
 1709              		.loc 1 3525 1 view .LVU490
 1710 002c FAE7     		b	.L96
 1711              		.cfi_endproc
 1712              	.LFE89:
 1714              		.section	.text.UART_EndTransmit_IT,"ax",%progbits
 1715              		.align	1
 1716              		.syntax unified
 1717              		.code	16
 1718              		.thumb_func
 1719              		.fpu softvfp
 1721              	UART_EndTransmit_IT:
 1722              	.LVL105:
 1723              	.LFB101:
3920:Drivers/STM32F0xx_HAL_Driver/Src/stm32f0xx_hal_uart.c **** 
3921:Drivers/STM32F0xx_HAL_Driver/Src/stm32f0xx_hal_uart.c **** 
3922:Drivers/STM32F0xx_HAL_Driver/Src/stm32f0xx_hal_uart.c **** /**
3923:Drivers/STM32F0xx_HAL_Driver/Src/stm32f0xx_hal_uart.c ****   * @brief  Wrap up transmission in non-blocking mode.
3924:Drivers/STM32F0xx_HAL_Driver/Src/stm32f0xx_hal_uart.c ****   * @param  huart pointer to a UART_HandleTypeDef structure that contains
3925:Drivers/STM32F0xx_HAL_Driver/Src/stm32f0xx_hal_uart.c ****   *                the configuration information for the specified UART module.
3926:Drivers/STM32F0xx_HAL_Driver/Src/stm32f0xx_hal_uart.c ****   * @retval None
3927:Drivers/STM32F0xx_HAL_Driver/Src/stm32f0xx_hal_uart.c ****   */
3928:Drivers/STM32F0xx_HAL_Driver/Src/stm32f0xx_hal_uart.c **** static void UART_EndTransmit_IT(UART_HandleTypeDef *huart)
3929:Drivers/STM32F0xx_HAL_Driver/Src/stm32f0xx_hal_uart.c **** {
 1724              		.loc 1 3929 1 is_stmt 1 view -0
 1725              		.cfi_startproc
 1726              		@ args = 0, pretend = 0, frame = 0
 1727              		@ frame_needed = 0, uses_anonymous_args = 0
 1728              		.loc 1 3929 1 is_stmt 0 view .LVU492
 1729 0000 10B5     		push	{r4, lr}
 1730              	.LCFI9:
 1731              		.cfi_def_cfa_offset 8
 1732              		.cfi_offset 4, -8
 1733              		.cfi_offset 14, -4
3930:Drivers/STM32F0xx_HAL_Driver/Src/stm32f0xx_hal_uart.c ****   /* Disable the UART Transmit Complete Interrupt */
3931:Drivers/STM32F0xx_HAL_Driver/Src/stm32f0xx_hal_uart.c ****   CLEAR_BIT(huart->Instance->CR1, USART_CR1_TCIE);
 1734              		.loc 1 3931 3 is_stmt 1 view .LVU493
 1735 0002 0268     		ldr	r2, [r0]
 1736 0004 1368     		ldr	r3, [r2]
 1737 0006 4021     		movs	r1, #64
 1738 0008 8B43     		bics	r3, r1
 1739 000a 1360     		str	r3, [r2]
3932:Drivers/STM32F0xx_HAL_Driver/Src/stm32f0xx_hal_uart.c **** 
3933:Drivers/STM32F0xx_HAL_Driver/Src/stm32f0xx_hal_uart.c ****   /* Tx process is ended, restore huart->gState to Ready */
3934:Drivers/STM32F0xx_HAL_Driver/Src/stm32f0xx_hal_uart.c ****   huart->gState = HAL_UART_STATE_READY;
 1740              		.loc 1 3934 3 view .LVU494
ARM GAS  C:\Users\MINIGU~1\AppData\Local\Temp\cc3PAC1x.s 			page 108


 1741              		.loc 1 3934 17 is_stmt 0 view .LVU495
 1742 000c 2023     		movs	r3, #32
 1743 000e 8367     		str	r3, [r0, #120]
3935:Drivers/STM32F0xx_HAL_Driver/Src/stm32f0xx_hal_uart.c **** 
3936:Drivers/STM32F0xx_HAL_Driver/Src/stm32f0xx_hal_uart.c ****   /* Cleat TxISR function pointer */
3937:Drivers/STM32F0xx_HAL_Driver/Src/stm32f0xx_hal_uart.c ****   huart->TxISR = NULL;
 1744              		.loc 1 3937 3 is_stmt 1 view .LVU496
 1745              		.loc 1 3937 16 is_stmt 0 view .LVU497
 1746 0010 0023     		movs	r3, #0
 1747 0012 8366     		str	r3, [r0, #104]
3938:Drivers/STM32F0xx_HAL_Driver/Src/stm32f0xx_hal_uart.c **** 
3939:Drivers/STM32F0xx_HAL_Driver/Src/stm32f0xx_hal_uart.c **** #if (USE_HAL_UART_REGISTER_CALLBACKS == 1)
3940:Drivers/STM32F0xx_HAL_Driver/Src/stm32f0xx_hal_uart.c ****   /*Call registered Tx complete callback*/
3941:Drivers/STM32F0xx_HAL_Driver/Src/stm32f0xx_hal_uart.c ****   huart->TxCpltCallback(huart);
3942:Drivers/STM32F0xx_HAL_Driver/Src/stm32f0xx_hal_uart.c **** #else
3943:Drivers/STM32F0xx_HAL_Driver/Src/stm32f0xx_hal_uart.c ****   /*Call legacy weak Tx complete callback*/
3944:Drivers/STM32F0xx_HAL_Driver/Src/stm32f0xx_hal_uart.c ****   HAL_UART_TxCpltCallback(huart);
 1748              		.loc 1 3944 3 is_stmt 1 view .LVU498
 1749 0014 FFF7FEFF 		bl	HAL_UART_TxCpltCallback
 1750              	.LVL106:
3945:Drivers/STM32F0xx_HAL_Driver/Src/stm32f0xx_hal_uart.c **** #endif /* USE_HAL_UART_REGISTER_CALLBACKS */
3946:Drivers/STM32F0xx_HAL_Driver/Src/stm32f0xx_hal_uart.c **** }
 1751              		.loc 1 3946 1 is_stmt 0 view .LVU499
 1752              		@ sp needed
 1753 0018 10BD     		pop	{r4, pc}
 1754              		.cfi_endproc
 1755              	.LFE101:
 1757              		.section	.text.HAL_UART_TxHalfCpltCallback,"ax",%progbits
 1758              		.align	1
 1759              		.weak	HAL_UART_TxHalfCpltCallback
 1760              		.syntax unified
 1761              		.code	16
 1762              		.thumb_func
 1763              		.fpu softvfp
 1765              	HAL_UART_TxHalfCpltCallback:
 1766              	.LVL107:
 1767              	.LFB63:
2597:Drivers/STM32F0xx_HAL_Driver/Src/stm32f0xx_hal_uart.c ****   /* Prevent unused argument(s) compilation warning */
 1768              		.loc 1 2597 1 is_stmt 1 view -0
 1769              		.cfi_startproc
 1770              		@ args = 0, pretend = 0, frame = 0
 1771              		@ frame_needed = 0, uses_anonymous_args = 0
 1772              		@ link register save eliminated.
2599:Drivers/STM32F0xx_HAL_Driver/Src/stm32f0xx_hal_uart.c **** 
 1773              		.loc 1 2599 3 view .LVU501
2604:Drivers/STM32F0xx_HAL_Driver/Src/stm32f0xx_hal_uart.c **** 
 1774              		.loc 1 2604 1 is_stmt 0 view .LVU502
 1775              		@ sp needed
 1776 0000 7047     		bx	lr
 1777              		.cfi_endproc
 1778              	.LFE63:
 1780              		.section	.text.UART_DMATxHalfCplt,"ax",%progbits
 1781              		.align	1
 1782              		.syntax unified
 1783              		.code	16
 1784              		.thumb_func
 1785              		.fpu softvfp
ARM GAS  C:\Users\MINIGU~1\AppData\Local\Temp\cc3PAC1x.s 			page 109


 1787              	UART_DMATxHalfCplt:
 1788              	.LVL108:
 1789              	.LFB90:
3533:Drivers/STM32F0xx_HAL_Driver/Src/stm32f0xx_hal_uart.c ****   UART_HandleTypeDef *huart = (UART_HandleTypeDef *)(hdma->Parent);
 1790              		.loc 1 3533 1 is_stmt 1 view -0
 1791              		.cfi_startproc
 1792              		@ args = 0, pretend = 0, frame = 0
 1793              		@ frame_needed = 0, uses_anonymous_args = 0
3533:Drivers/STM32F0xx_HAL_Driver/Src/stm32f0xx_hal_uart.c ****   UART_HandleTypeDef *huart = (UART_HandleTypeDef *)(hdma->Parent);
 1794              		.loc 1 3533 1 is_stmt 0 view .LVU504
 1795 0000 10B5     		push	{r4, lr}
 1796              	.LCFI10:
 1797              		.cfi_def_cfa_offset 8
 1798              		.cfi_offset 4, -8
 1799              		.cfi_offset 14, -4
3534:Drivers/STM32F0xx_HAL_Driver/Src/stm32f0xx_hal_uart.c **** 
 1800              		.loc 1 3534 3 is_stmt 1 view .LVU505
3534:Drivers/STM32F0xx_HAL_Driver/Src/stm32f0xx_hal_uart.c **** 
 1801              		.loc 1 3534 23 is_stmt 0 view .LVU506
 1802 0002 406A     		ldr	r0, [r0, #36]
 1803              	.LVL109:
3541:Drivers/STM32F0xx_HAL_Driver/Src/stm32f0xx_hal_uart.c **** #endif /* USE_HAL_UART_REGISTER_CALLBACKS */
 1804              		.loc 1 3541 3 is_stmt 1 view .LVU507
 1805 0004 FFF7FEFF 		bl	HAL_UART_TxHalfCpltCallback
 1806              	.LVL110:
3543:Drivers/STM32F0xx_HAL_Driver/Src/stm32f0xx_hal_uart.c **** 
 1807              		.loc 1 3543 1 is_stmt 0 view .LVU508
 1808              		@ sp needed
 1809 0008 10BD     		pop	{r4, pc}
 1810              		.cfi_endproc
 1811              	.LFE90:
 1813              		.section	.text.HAL_UART_RxCpltCallback,"ax",%progbits
 1814              		.align	1
 1815              		.weak	HAL_UART_RxCpltCallback
 1816              		.syntax unified
 1817              		.code	16
 1818              		.thumb_func
 1819              		.fpu softvfp
 1821              	HAL_UART_RxCpltCallback:
 1822              	.LVL111:
 1823              	.LFB64:
2612:Drivers/STM32F0xx_HAL_Driver/Src/stm32f0xx_hal_uart.c ****   /* Prevent unused argument(s) compilation warning */
 1824              		.loc 1 2612 1 is_stmt 1 view -0
 1825              		.cfi_startproc
 1826              		@ args = 0, pretend = 0, frame = 0
 1827              		@ frame_needed = 0, uses_anonymous_args = 0
 1828              		@ link register save eliminated.
2614:Drivers/STM32F0xx_HAL_Driver/Src/stm32f0xx_hal_uart.c **** 
 1829              		.loc 1 2614 3 view .LVU510
2619:Drivers/STM32F0xx_HAL_Driver/Src/stm32f0xx_hal_uart.c **** 
 1830              		.loc 1 2619 1 is_stmt 0 view .LVU511
 1831              		@ sp needed
 1832 0000 7047     		bx	lr
 1833              		.cfi_endproc
 1834              	.LFE64:
 1836              		.section	.text.HAL_UART_RxHalfCpltCallback,"ax",%progbits
 1837              		.align	1
ARM GAS  C:\Users\MINIGU~1\AppData\Local\Temp\cc3PAC1x.s 			page 110


 1838              		.weak	HAL_UART_RxHalfCpltCallback
 1839              		.syntax unified
 1840              		.code	16
 1841              		.thumb_func
 1842              		.fpu softvfp
 1844              	HAL_UART_RxHalfCpltCallback:
 1845              	.LVL112:
 1846              	.LFB65:
2627:Drivers/STM32F0xx_HAL_Driver/Src/stm32f0xx_hal_uart.c ****   /* Prevent unused argument(s) compilation warning */
 1847              		.loc 1 2627 1 is_stmt 1 view -0
 1848              		.cfi_startproc
 1849              		@ args = 0, pretend = 0, frame = 0
 1850              		@ frame_needed = 0, uses_anonymous_args = 0
 1851              		@ link register save eliminated.
2629:Drivers/STM32F0xx_HAL_Driver/Src/stm32f0xx_hal_uart.c **** 
 1852              		.loc 1 2629 3 view .LVU513
2634:Drivers/STM32F0xx_HAL_Driver/Src/stm32f0xx_hal_uart.c **** 
 1853              		.loc 1 2634 1 is_stmt 0 view .LVU514
 1854              		@ sp needed
 1855 0000 7047     		bx	lr
 1856              		.cfi_endproc
 1857              	.LFE65:
 1859              		.section	.text.HAL_UART_ErrorCallback,"ax",%progbits
 1860              		.align	1
 1861              		.weak	HAL_UART_ErrorCallback
 1862              		.syntax unified
 1863              		.code	16
 1864              		.thumb_func
 1865              		.fpu softvfp
 1867              	HAL_UART_ErrorCallback:
 1868              	.LVL113:
 1869              	.LFB66:
2642:Drivers/STM32F0xx_HAL_Driver/Src/stm32f0xx_hal_uart.c ****   /* Prevent unused argument(s) compilation warning */
 1870              		.loc 1 2642 1 is_stmt 1 view -0
 1871              		.cfi_startproc
 1872              		@ args = 0, pretend = 0, frame = 0
 1873              		@ frame_needed = 0, uses_anonymous_args = 0
 1874              		@ link register save eliminated.
2644:Drivers/STM32F0xx_HAL_Driver/Src/stm32f0xx_hal_uart.c **** 
 1875              		.loc 1 2644 3 view .LVU516
2649:Drivers/STM32F0xx_HAL_Driver/Src/stm32f0xx_hal_uart.c **** 
 1876              		.loc 1 2649 1 is_stmt 0 view .LVU517
 1877              		@ sp needed
 1878 0000 7047     		bx	lr
 1879              		.cfi_endproc
 1880              	.LFE66:
 1882              		.section	.text.UART_DMAError,"ax",%progbits
 1883              		.align	1
 1884              		.syntax unified
 1885              		.code	16
 1886              		.thumb_func
 1887              		.fpu softvfp
 1889              	UART_DMAError:
 1890              	.LVL114:
 1891              	.LFB93:
3642:Drivers/STM32F0xx_HAL_Driver/Src/stm32f0xx_hal_uart.c ****   UART_HandleTypeDef *huart = (UART_HandleTypeDef *)(hdma->Parent);
 1892              		.loc 1 3642 1 is_stmt 1 view -0
ARM GAS  C:\Users\MINIGU~1\AppData\Local\Temp\cc3PAC1x.s 			page 111


 1893              		.cfi_startproc
 1894              		@ args = 0, pretend = 0, frame = 0
 1895              		@ frame_needed = 0, uses_anonymous_args = 0
3642:Drivers/STM32F0xx_HAL_Driver/Src/stm32f0xx_hal_uart.c ****   UART_HandleTypeDef *huart = (UART_HandleTypeDef *)(hdma->Parent);
 1896              		.loc 1 3642 1 is_stmt 0 view .LVU519
 1897 0000 70B5     		push	{r4, r5, r6, lr}
 1898              	.LCFI11:
 1899              		.cfi_def_cfa_offset 16
 1900              		.cfi_offset 4, -16
 1901              		.cfi_offset 5, -12
 1902              		.cfi_offset 6, -8
 1903              		.cfi_offset 14, -4
3643:Drivers/STM32F0xx_HAL_Driver/Src/stm32f0xx_hal_uart.c **** 
 1904              		.loc 1 3643 3 is_stmt 1 view .LVU520
3643:Drivers/STM32F0xx_HAL_Driver/Src/stm32f0xx_hal_uart.c **** 
 1905              		.loc 1 3643 23 is_stmt 0 view .LVU521
 1906 0002 446A     		ldr	r4, [r0, #36]
 1907              	.LVL115:
3645:Drivers/STM32F0xx_HAL_Driver/Src/stm32f0xx_hal_uart.c ****   const HAL_UART_StateTypeDef rxstate = huart->RxState;
 1908              		.loc 1 3645 3 is_stmt 1 view .LVU522
3645:Drivers/STM32F0xx_HAL_Driver/Src/stm32f0xx_hal_uart.c ****   const HAL_UART_StateTypeDef rxstate = huart->RxState;
 1909              		.loc 1 3645 31 is_stmt 0 view .LVU523
 1910 0004 A26F     		ldr	r2, [r4, #120]
 1911              	.LVL116:
3646:Drivers/STM32F0xx_HAL_Driver/Src/stm32f0xx_hal_uart.c **** 
 1912              		.loc 1 3646 3 is_stmt 1 view .LVU524
3646:Drivers/STM32F0xx_HAL_Driver/Src/stm32f0xx_hal_uart.c **** 
 1913              		.loc 1 3646 31 is_stmt 0 view .LVU525
 1914 0006 E56F     		ldr	r5, [r4, #124]
 1915              	.LVL117:
3649:Drivers/STM32F0xx_HAL_Driver/Src/stm32f0xx_hal_uart.c ****       (gstate == HAL_UART_STATE_BUSY_TX))
 1916              		.loc 1 3649 3 is_stmt 1 view .LVU526
3649:Drivers/STM32F0xx_HAL_Driver/Src/stm32f0xx_hal_uart.c ****       (gstate == HAL_UART_STATE_BUSY_TX))
 1917              		.loc 1 3649 8 is_stmt 0 view .LVU527
 1918 0008 2368     		ldr	r3, [r4]
 1919 000a 9B68     		ldr	r3, [r3, #8]
3649:Drivers/STM32F0xx_HAL_Driver/Src/stm32f0xx_hal_uart.c ****       (gstate == HAL_UART_STATE_BUSY_TX))
 1920              		.loc 1 3649 6 view .LVU528
 1921 000c 1B06     		lsls	r3, r3, #24
 1922 000e 01D5     		bpl	.L106
3649:Drivers/STM32F0xx_HAL_Driver/Src/stm32f0xx_hal_uart.c ****       (gstate == HAL_UART_STATE_BUSY_TX))
 1923              		.loc 1 3649 62 discriminator 1 view .LVU529
 1924 0010 212A     		cmp	r2, #33
 1925 0012 0ED0     		beq	.L108
 1926              	.LVL118:
 1927              	.L106:
3657:Drivers/STM32F0xx_HAL_Driver/Src/stm32f0xx_hal_uart.c ****       (rxstate == HAL_UART_STATE_BUSY_RX))
 1928              		.loc 1 3657 3 is_stmt 1 view .LVU530
3657:Drivers/STM32F0xx_HAL_Driver/Src/stm32f0xx_hal_uart.c ****       (rxstate == HAL_UART_STATE_BUSY_RX))
 1929              		.loc 1 3657 8 is_stmt 0 view .LVU531
 1930 0014 2368     		ldr	r3, [r4]
 1931 0016 9B68     		ldr	r3, [r3, #8]
3657:Drivers/STM32F0xx_HAL_Driver/Src/stm32f0xx_hal_uart.c ****       (rxstate == HAL_UART_STATE_BUSY_RX))
 1932              		.loc 1 3657 6 view .LVU532
 1933 0018 5B06     		lsls	r3, r3, #25
 1934 001a 01D5     		bpl	.L107
3657:Drivers/STM32F0xx_HAL_Driver/Src/stm32f0xx_hal_uart.c ****       (rxstate == HAL_UART_STATE_BUSY_RX))
ARM GAS  C:\Users\MINIGU~1\AppData\Local\Temp\cc3PAC1x.s 			page 112


 1935              		.loc 1 3657 62 discriminator 1 view .LVU533
 1936 001c 222D     		cmp	r5, #34
 1937 001e 0FD0     		beq	.L109
 1938              	.L107:
3664:Drivers/STM32F0xx_HAL_Driver/Src/stm32f0xx_hal_uart.c **** 
 1939              		.loc 1 3664 3 is_stmt 1 view .LVU534
3664:Drivers/STM32F0xx_HAL_Driver/Src/stm32f0xx_hal_uart.c **** 
 1940              		.loc 1 3664 20 is_stmt 0 view .LVU535
 1941 0020 8022     		movs	r2, #128
 1942 0022 A358     		ldr	r3, [r4, r2]
 1943 0024 1021     		movs	r1, #16
 1944 0026 0B43     		orrs	r3, r1
 1945 0028 A350     		str	r3, [r4, r2]
3671:Drivers/STM32F0xx_HAL_Driver/Src/stm32f0xx_hal_uart.c **** #endif /* USE_HAL_UART_REGISTER_CALLBACKS */
 1946              		.loc 1 3671 3 is_stmt 1 view .LVU536
 1947 002a 2000     		movs	r0, r4
 1948 002c FFF7FEFF 		bl	HAL_UART_ErrorCallback
 1949              	.LVL119:
3673:Drivers/STM32F0xx_HAL_Driver/Src/stm32f0xx_hal_uart.c **** 
 1950              		.loc 1 3673 1 is_stmt 0 view .LVU537
 1951              		@ sp needed
 1952              	.LVL120:
 1953              	.LVL121:
3673:Drivers/STM32F0xx_HAL_Driver/Src/stm32f0xx_hal_uart.c **** 
 1954              		.loc 1 3673 1 view .LVU538
 1955 0030 70BD     		pop	{r4, r5, r6, pc}
 1956              	.LVL122:
 1957              	.L108:
3652:Drivers/STM32F0xx_HAL_Driver/Src/stm32f0xx_hal_uart.c ****     UART_EndTxTransfer(huart);
 1958              		.loc 1 3652 5 is_stmt 1 view .LVU539
3652:Drivers/STM32F0xx_HAL_Driver/Src/stm32f0xx_hal_uart.c ****     UART_EndTxTransfer(huart);
 1959              		.loc 1 3652 24 is_stmt 0 view .LVU540
 1960 0032 5223     		movs	r3, #82
 1961 0034 0022     		movs	r2, #0
 1962              	.LVL123:
3652:Drivers/STM32F0xx_HAL_Driver/Src/stm32f0xx_hal_uart.c ****     UART_EndTxTransfer(huart);
 1963              		.loc 1 3652 24 view .LVU541
 1964 0036 E252     		strh	r2, [r4, r3]
3653:Drivers/STM32F0xx_HAL_Driver/Src/stm32f0xx_hal_uart.c ****   }
 1965              		.loc 1 3653 5 is_stmt 1 view .LVU542
 1966 0038 2000     		movs	r0, r4
 1967              	.LVL124:
3653:Drivers/STM32F0xx_HAL_Driver/Src/stm32f0xx_hal_uart.c ****   }
 1968              		.loc 1 3653 5 is_stmt 0 view .LVU543
 1969 003a FFF7FEFF 		bl	UART_EndTxTransfer
 1970              	.LVL125:
 1971 003e E9E7     		b	.L106
 1972              	.L109:
3660:Drivers/STM32F0xx_HAL_Driver/Src/stm32f0xx_hal_uart.c ****     UART_EndRxTransfer(huart);
 1973              		.loc 1 3660 5 is_stmt 1 view .LVU544
3660:Drivers/STM32F0xx_HAL_Driver/Src/stm32f0xx_hal_uart.c ****     UART_EndRxTransfer(huart);
 1974              		.loc 1 3660 24 is_stmt 0 view .LVU545
 1975 0040 5A23     		movs	r3, #90
 1976 0042 0022     		movs	r2, #0
 1977 0044 E252     		strh	r2, [r4, r3]
3661:Drivers/STM32F0xx_HAL_Driver/Src/stm32f0xx_hal_uart.c ****   }
 1978              		.loc 1 3661 5 is_stmt 1 view .LVU546
ARM GAS  C:\Users\MINIGU~1\AppData\Local\Temp\cc3PAC1x.s 			page 113


 1979 0046 2000     		movs	r0, r4
 1980 0048 FFF7FEFF 		bl	UART_EndRxTransfer
 1981              	.LVL126:
 1982 004c E8E7     		b	.L107
 1983              		.cfi_endproc
 1984              	.LFE93:
 1986              		.section	.text.UART_DMAAbortOnError,"ax",%progbits
 1987              		.align	1
 1988              		.syntax unified
 1989              		.code	16
 1990              		.thumb_func
 1991              		.fpu softvfp
 1993              	UART_DMAAbortOnError:
 1994              	.LVL127:
 1995              	.LFB94:
3682:Drivers/STM32F0xx_HAL_Driver/Src/stm32f0xx_hal_uart.c ****   UART_HandleTypeDef *huart = (UART_HandleTypeDef *)(hdma->Parent);
 1996              		.loc 1 3682 1 view -0
 1997              		.cfi_startproc
 1998              		@ args = 0, pretend = 0, frame = 0
 1999              		@ frame_needed = 0, uses_anonymous_args = 0
3682:Drivers/STM32F0xx_HAL_Driver/Src/stm32f0xx_hal_uart.c ****   UART_HandleTypeDef *huart = (UART_HandleTypeDef *)(hdma->Parent);
 2000              		.loc 1 3682 1 is_stmt 0 view .LVU548
 2001 0000 10B5     		push	{r4, lr}
 2002              	.LCFI12:
 2003              		.cfi_def_cfa_offset 8
 2004              		.cfi_offset 4, -8
 2005              		.cfi_offset 14, -4
3683:Drivers/STM32F0xx_HAL_Driver/Src/stm32f0xx_hal_uart.c ****   huart->RxXferCount = 0U;
 2006              		.loc 1 3683 3 is_stmt 1 view .LVU549
3683:Drivers/STM32F0xx_HAL_Driver/Src/stm32f0xx_hal_uart.c ****   huart->RxXferCount = 0U;
 2007              		.loc 1 3683 23 is_stmt 0 view .LVU550
 2008 0002 406A     		ldr	r0, [r0, #36]
 2009              	.LVL128:
3684:Drivers/STM32F0xx_HAL_Driver/Src/stm32f0xx_hal_uart.c ****   huart->TxXferCount = 0U;
 2010              		.loc 1 3684 3 is_stmt 1 view .LVU551
3684:Drivers/STM32F0xx_HAL_Driver/Src/stm32f0xx_hal_uart.c ****   huart->TxXferCount = 0U;
 2011              		.loc 1 3684 22 is_stmt 0 view .LVU552
 2012 0004 0023     		movs	r3, #0
 2013 0006 5A22     		movs	r2, #90
 2014 0008 8352     		strh	r3, [r0, r2]
3685:Drivers/STM32F0xx_HAL_Driver/Src/stm32f0xx_hal_uart.c **** 
 2015              		.loc 1 3685 3 is_stmt 1 view .LVU553
3685:Drivers/STM32F0xx_HAL_Driver/Src/stm32f0xx_hal_uart.c **** 
 2016              		.loc 1 3685 22 is_stmt 0 view .LVU554
 2017 000a 083A     		subs	r2, r2, #8
 2018 000c 8352     		strh	r3, [r0, r2]
3692:Drivers/STM32F0xx_HAL_Driver/Src/stm32f0xx_hal_uart.c **** #endif /* USE_HAL_UART_REGISTER_CALLBACKS */
 2019              		.loc 1 3692 3 is_stmt 1 view .LVU555
 2020 000e FFF7FEFF 		bl	HAL_UART_ErrorCallback
 2021              	.LVL129:
3694:Drivers/STM32F0xx_HAL_Driver/Src/stm32f0xx_hal_uart.c **** 
 2022              		.loc 1 3694 1 is_stmt 0 view .LVU556
 2023              		@ sp needed
 2024 0012 10BD     		pop	{r4, pc}
 2025              		.cfi_endproc
 2026              	.LFE94:
 2028              		.section	.text.HAL_UART_AbortCpltCallback,"ax",%progbits
ARM GAS  C:\Users\MINIGU~1\AppData\Local\Temp\cc3PAC1x.s 			page 114


 2029              		.align	1
 2030              		.weak	HAL_UART_AbortCpltCallback
 2031              		.syntax unified
 2032              		.code	16
 2033              		.thumb_func
 2034              		.fpu softvfp
 2036              	HAL_UART_AbortCpltCallback:
 2037              	.LVL130:
 2038              	.LFB67:
2657:Drivers/STM32F0xx_HAL_Driver/Src/stm32f0xx_hal_uart.c ****   /* Prevent unused argument(s) compilation warning */
 2039              		.loc 1 2657 1 is_stmt 1 view -0
 2040              		.cfi_startproc
 2041              		@ args = 0, pretend = 0, frame = 0
 2042              		@ frame_needed = 0, uses_anonymous_args = 0
 2043              		@ link register save eliminated.
2659:Drivers/STM32F0xx_HAL_Driver/Src/stm32f0xx_hal_uart.c **** 
 2044              		.loc 1 2659 3 view .LVU558
2664:Drivers/STM32F0xx_HAL_Driver/Src/stm32f0xx_hal_uart.c **** 
 2045              		.loc 1 2664 1 is_stmt 0 view .LVU559
 2046              		@ sp needed
 2047 0000 7047     		bx	lr
 2048              		.cfi_endproc
 2049              	.LFE67:
 2051              		.section	.text.HAL_UART_Abort_IT,"ax",%progbits
 2052              		.align	1
 2053              		.global	HAL_UART_Abort_IT
 2054              		.syntax unified
 2055              		.code	16
 2056              		.thumb_func
 2057              		.fpu softvfp
 2059              	HAL_UART_Abort_IT:
 2060              	.LVL131:
 2061              	.LFB58:
1967:Drivers/STM32F0xx_HAL_Driver/Src/stm32f0xx_hal_uart.c ****   uint32_t abortcplt = 1U;
 2062              		.loc 1 1967 1 is_stmt 1 view -0
 2063              		.cfi_startproc
 2064              		@ args = 0, pretend = 0, frame = 0
 2065              		@ frame_needed = 0, uses_anonymous_args = 0
1967:Drivers/STM32F0xx_HAL_Driver/Src/stm32f0xx_hal_uart.c ****   uint32_t abortcplt = 1U;
 2066              		.loc 1 1967 1 is_stmt 0 view .LVU561
 2067 0000 10B5     		push	{r4, lr}
 2068              	.LCFI13:
 2069              		.cfi_def_cfa_offset 8
 2070              		.cfi_offset 4, -8
 2071              		.cfi_offset 14, -4
 2072 0002 0400     		movs	r4, r0
1968:Drivers/STM32F0xx_HAL_Driver/Src/stm32f0xx_hal_uart.c **** 
 2073              		.loc 1 1968 3 is_stmt 1 view .LVU562
 2074              	.LVL132:
1971:Drivers/STM32F0xx_HAL_Driver/Src/stm32f0xx_hal_uart.c ****   CLEAR_BIT(huart->Instance->CR3, USART_CR3_EIE);
 2075              		.loc 1 1971 3 view .LVU563
 2076 0004 0268     		ldr	r2, [r0]
 2077 0006 1368     		ldr	r3, [r2]
 2078 0008 3849     		ldr	r1, .L126
 2079 000a 0B40     		ands	r3, r1
 2080 000c 1360     		str	r3, [r2]
1972:Drivers/STM32F0xx_HAL_Driver/Src/stm32f0xx_hal_uart.c **** 
ARM GAS  C:\Users\MINIGU~1\AppData\Local\Temp\cc3PAC1x.s 			page 115


 2081              		.loc 1 1972 3 view .LVU564
 2082 000e 0268     		ldr	r2, [r0]
 2083 0010 9368     		ldr	r3, [r2, #8]
 2084 0012 E331     		adds	r1, r1, #227
 2085 0014 FF31     		adds	r1, r1, #255
 2086 0016 8B43     		bics	r3, r1
 2087 0018 9360     		str	r3, [r2, #8]
1975:Drivers/STM32F0xx_HAL_Driver/Src/stm32f0xx_hal_uart.c ****   {
 2088              		.loc 1 1975 3 view .LVU565
1975:Drivers/STM32F0xx_HAL_Driver/Src/stm32f0xx_hal_uart.c ****   {
 2089              		.loc 1 1975 12 is_stmt 0 view .LVU566
 2090 001a 036E     		ldr	r3, [r0, #96]
1975:Drivers/STM32F0xx_HAL_Driver/Src/stm32f0xx_hal_uart.c ****   {
 2091              		.loc 1 1975 6 view .LVU567
 2092 001c 012B     		cmp	r3, #1
 2093 001e 25D0     		beq	.L125
 2094              	.L113:
1983:Drivers/STM32F0xx_HAL_Driver/Src/stm32f0xx_hal_uart.c ****   {
 2095              		.loc 1 1983 3 is_stmt 1 view .LVU568
1983:Drivers/STM32F0xx_HAL_Driver/Src/stm32f0xx_hal_uart.c ****   {
 2096              		.loc 1 1983 12 is_stmt 0 view .LVU569
 2097 0020 E36E     		ldr	r3, [r4, #108]
1983:Drivers/STM32F0xx_HAL_Driver/Src/stm32f0xx_hal_uart.c ****   {
 2098              		.loc 1 1983 6 view .LVU570
 2099 0022 002B     		cmp	r3, #0
 2100 0024 05D0     		beq	.L114
1987:Drivers/STM32F0xx_HAL_Driver/Src/stm32f0xx_hal_uart.c ****     {
 2101              		.loc 1 1987 5 is_stmt 1 view .LVU571
1987:Drivers/STM32F0xx_HAL_Driver/Src/stm32f0xx_hal_uart.c ****     {
 2102              		.loc 1 1987 9 is_stmt 0 view .LVU572
 2103 0026 2268     		ldr	r2, [r4]
 2104 0028 9268     		ldr	r2, [r2, #8]
1987:Drivers/STM32F0xx_HAL_Driver/Src/stm32f0xx_hal_uart.c ****     {
 2105              		.loc 1 1987 8 view .LVU573
 2106 002a 1206     		lsls	r2, r2, #24
 2107 002c 24D5     		bpl	.L115
1989:Drivers/STM32F0xx_HAL_Driver/Src/stm32f0xx_hal_uart.c ****     }
 2108              		.loc 1 1989 7 is_stmt 1 view .LVU574
1989:Drivers/STM32F0xx_HAL_Driver/Src/stm32f0xx_hal_uart.c ****     }
 2109              		.loc 1 1989 40 is_stmt 0 view .LVU575
 2110 002e 304A     		ldr	r2, .L126+4
 2111 0030 5A63     		str	r2, [r3, #52]
 2112              	.L114:
1997:Drivers/STM32F0xx_HAL_Driver/Src/stm32f0xx_hal_uart.c ****   {
 2113              		.loc 1 1997 3 is_stmt 1 view .LVU576
1997:Drivers/STM32F0xx_HAL_Driver/Src/stm32f0xx_hal_uart.c ****   {
 2114              		.loc 1 1997 12 is_stmt 0 view .LVU577
 2115 0032 236F     		ldr	r3, [r4, #112]
1997:Drivers/STM32F0xx_HAL_Driver/Src/stm32f0xx_hal_uart.c ****   {
 2116              		.loc 1 1997 6 view .LVU578
 2117 0034 002B     		cmp	r3, #0
 2118 0036 05D0     		beq	.L116
2001:Drivers/STM32F0xx_HAL_Driver/Src/stm32f0xx_hal_uart.c ****     {
 2119              		.loc 1 2001 5 is_stmt 1 view .LVU579
2001:Drivers/STM32F0xx_HAL_Driver/Src/stm32f0xx_hal_uart.c ****     {
 2120              		.loc 1 2001 9 is_stmt 0 view .LVU580
 2121 0038 2268     		ldr	r2, [r4]
ARM GAS  C:\Users\MINIGU~1\AppData\Local\Temp\cc3PAC1x.s 			page 116


 2122 003a 9268     		ldr	r2, [r2, #8]
2001:Drivers/STM32F0xx_HAL_Driver/Src/stm32f0xx_hal_uart.c ****     {
 2123              		.loc 1 2001 8 view .LVU581
 2124 003c 5206     		lsls	r2, r2, #25
 2125 003e 1ED5     		bpl	.L117
2003:Drivers/STM32F0xx_HAL_Driver/Src/stm32f0xx_hal_uart.c ****     }
 2126              		.loc 1 2003 7 is_stmt 1 view .LVU582
2003:Drivers/STM32F0xx_HAL_Driver/Src/stm32f0xx_hal_uart.c ****     }
 2127              		.loc 1 2003 40 is_stmt 0 view .LVU583
 2128 0040 2C4A     		ldr	r2, .L126+8
 2129 0042 5A63     		str	r2, [r3, #52]
 2130              	.L116:
2012:Drivers/STM32F0xx_HAL_Driver/Src/stm32f0xx_hal_uart.c ****   {
 2131              		.loc 1 2012 3 is_stmt 1 view .LVU584
2012:Drivers/STM32F0xx_HAL_Driver/Src/stm32f0xx_hal_uart.c ****   {
 2132              		.loc 1 2012 7 is_stmt 0 view .LVU585
 2133 0044 2368     		ldr	r3, [r4]
 2134 0046 9A68     		ldr	r2, [r3, #8]
2012:Drivers/STM32F0xx_HAL_Driver/Src/stm32f0xx_hal_uart.c ****   {
 2135              		.loc 1 2012 6 view .LVU586
 2136 0048 1206     		lsls	r2, r2, #24
 2137 004a 1BD5     		bpl	.L122
2015:Drivers/STM32F0xx_HAL_Driver/Src/stm32f0xx_hal_uart.c **** 
 2138              		.loc 1 2015 5 is_stmt 1 view .LVU587
 2139 004c 9A68     		ldr	r2, [r3, #8]
 2140 004e 8021     		movs	r1, #128
 2141 0050 8A43     		bics	r2, r1
 2142 0052 9A60     		str	r2, [r3, #8]
2018:Drivers/STM32F0xx_HAL_Driver/Src/stm32f0xx_hal_uart.c ****     {
 2143              		.loc 1 2018 5 view .LVU588
2018:Drivers/STM32F0xx_HAL_Driver/Src/stm32f0xx_hal_uart.c ****     {
 2144              		.loc 1 2018 14 is_stmt 0 view .LVU589
 2145 0054 E06E     		ldr	r0, [r4, #108]
 2146              	.LVL133:
2018:Drivers/STM32F0xx_HAL_Driver/Src/stm32f0xx_hal_uart.c ****     {
 2147              		.loc 1 2018 8 view .LVU590
 2148 0056 0028     		cmp	r0, #0
 2149 0058 40D0     		beq	.L123
2024:Drivers/STM32F0xx_HAL_Driver/Src/stm32f0xx_hal_uart.c ****       {
 2150              		.loc 1 2024 7 is_stmt 1 view .LVU591
2024:Drivers/STM32F0xx_HAL_Driver/Src/stm32f0xx_hal_uart.c ****       {
 2151              		.loc 1 2024 11 is_stmt 0 view .LVU592
 2152 005a FFF7FEFF 		bl	HAL_DMA_Abort_IT
 2153              	.LVL134:
2024:Drivers/STM32F0xx_HAL_Driver/Src/stm32f0xx_hal_uart.c ****       {
 2154              		.loc 1 2024 10 view .LVU593
 2155 005e 0028     		cmp	r0, #0
 2156 0060 3ED0     		beq	.L124
2026:Drivers/STM32F0xx_HAL_Driver/Src/stm32f0xx_hal_uart.c ****       }
 2157              		.loc 1 2026 9 is_stmt 1 view .LVU594
2026:Drivers/STM32F0xx_HAL_Driver/Src/stm32f0xx_hal_uart.c ****       }
 2158              		.loc 1 2026 14 is_stmt 0 view .LVU595
 2159 0062 E36E     		ldr	r3, [r4, #108]
2026:Drivers/STM32F0xx_HAL_Driver/Src/stm32f0xx_hal_uart.c ****       }
 2160              		.loc 1 2026 42 view .LVU596
 2161 0064 0022     		movs	r2, #0
 2162 0066 5A63     		str	r2, [r3, #52]
ARM GAS  C:\Users\MINIGU~1\AppData\Local\Temp\cc3PAC1x.s 			page 117


1968:Drivers/STM32F0xx_HAL_Driver/Src/stm32f0xx_hal_uart.c **** 
 2163              		.loc 1 1968 12 view .LVU597
 2164 0068 0121     		movs	r1, #1
 2165 006a 0CE0     		b	.L118
 2166              	.LVL135:
 2167              	.L125:
1977:Drivers/STM32F0xx_HAL_Driver/Src/stm32f0xx_hal_uart.c ****   }
 2168              		.loc 1 1977 5 is_stmt 1 view .LVU598
 2169 006c 0268     		ldr	r2, [r0]
 2170 006e 1368     		ldr	r3, [r2]
 2171 0070 0F31     		adds	r1, r1, #15
 2172 0072 8B43     		bics	r3, r1
 2173 0074 1360     		str	r3, [r2]
 2174 0076 D3E7     		b	.L113
 2175              	.L115:
1993:Drivers/STM32F0xx_HAL_Driver/Src/stm32f0xx_hal_uart.c ****     }
 2176              		.loc 1 1993 7 view .LVU599
1993:Drivers/STM32F0xx_HAL_Driver/Src/stm32f0xx_hal_uart.c ****     }
 2177              		.loc 1 1993 40 is_stmt 0 view .LVU600
 2178 0078 0022     		movs	r2, #0
 2179 007a 5A63     		str	r2, [r3, #52]
 2180 007c D9E7     		b	.L114
 2181              	.L117:
2007:Drivers/STM32F0xx_HAL_Driver/Src/stm32f0xx_hal_uart.c ****     }
 2182              		.loc 1 2007 7 is_stmt 1 view .LVU601
2007:Drivers/STM32F0xx_HAL_Driver/Src/stm32f0xx_hal_uart.c ****     }
 2183              		.loc 1 2007 40 is_stmt 0 view .LVU602
 2184 007e 0022     		movs	r2, #0
 2185 0080 5A63     		str	r2, [r3, #52]
 2186 0082 DFE7     		b	.L116
 2187              	.L122:
1968:Drivers/STM32F0xx_HAL_Driver/Src/stm32f0xx_hal_uart.c **** 
 2188              		.loc 1 1968 12 view .LVU603
 2189 0084 0121     		movs	r1, #1
 2190              	.LVL136:
 2191              	.L118:
2036:Drivers/STM32F0xx_HAL_Driver/Src/stm32f0xx_hal_uart.c ****   {
 2192              		.loc 1 2036 3 is_stmt 1 view .LVU604
2036:Drivers/STM32F0xx_HAL_Driver/Src/stm32f0xx_hal_uart.c ****   {
 2193              		.loc 1 2036 7 is_stmt 0 view .LVU605
 2194 0086 2368     		ldr	r3, [r4]
 2195 0088 9A68     		ldr	r2, [r3, #8]
2036:Drivers/STM32F0xx_HAL_Driver/Src/stm32f0xx_hal_uart.c ****   {
 2196              		.loc 1 2036 6 view .LVU606
 2197 008a 5206     		lsls	r2, r2, #25
 2198 008c 2AD5     		bpl	.L119
2038:Drivers/STM32F0xx_HAL_Driver/Src/stm32f0xx_hal_uart.c **** 
 2199              		.loc 1 2038 5 is_stmt 1 view .LVU607
 2200 008e 9A68     		ldr	r2, [r3, #8]
 2201 0090 4020     		movs	r0, #64
 2202 0092 8243     		bics	r2, r0
 2203 0094 9A60     		str	r2, [r3, #8]
2041:Drivers/STM32F0xx_HAL_Driver/Src/stm32f0xx_hal_uart.c ****     {
 2204              		.loc 1 2041 5 view .LVU608
2041:Drivers/STM32F0xx_HAL_Driver/Src/stm32f0xx_hal_uart.c ****     {
 2205              		.loc 1 2041 14 is_stmt 0 view .LVU609
 2206 0096 206F     		ldr	r0, [r4, #112]
ARM GAS  C:\Users\MINIGU~1\AppData\Local\Temp\cc3PAC1x.s 			page 118


2041:Drivers/STM32F0xx_HAL_Driver/Src/stm32f0xx_hal_uart.c ****     {
 2207              		.loc 1 2041 8 view .LVU610
 2208 0098 0028     		cmp	r0, #0
 2209 009a 23D0     		beq	.L119
2047:Drivers/STM32F0xx_HAL_Driver/Src/stm32f0xx_hal_uart.c ****       {
 2210              		.loc 1 2047 7 is_stmt 1 view .LVU611
2047:Drivers/STM32F0xx_HAL_Driver/Src/stm32f0xx_hal_uart.c ****       {
 2211              		.loc 1 2047 11 is_stmt 0 view .LVU612
 2212 009c FFF7FEFF 		bl	HAL_DMA_Abort_IT
 2213              	.LVL137:
2047:Drivers/STM32F0xx_HAL_Driver/Src/stm32f0xx_hal_uart.c ****       {
 2214              		.loc 1 2047 10 view .LVU613
 2215 00a0 0028     		cmp	r0, #0
 2216 00a2 21D0     		beq	.L120
2049:Drivers/STM32F0xx_HAL_Driver/Src/stm32f0xx_hal_uart.c ****         abortcplt = 1U;
 2217              		.loc 1 2049 9 is_stmt 1 view .LVU614
2049:Drivers/STM32F0xx_HAL_Driver/Src/stm32f0xx_hal_uart.c ****         abortcplt = 1U;
 2218              		.loc 1 2049 14 is_stmt 0 view .LVU615
 2219 00a4 236F     		ldr	r3, [r4, #112]
2049:Drivers/STM32F0xx_HAL_Driver/Src/stm32f0xx_hal_uart.c ****         abortcplt = 1U;
 2220              		.loc 1 2049 42 view .LVU616
 2221 00a6 0022     		movs	r2, #0
 2222 00a8 5A63     		str	r2, [r3, #52]
2050:Drivers/STM32F0xx_HAL_Driver/Src/stm32f0xx_hal_uart.c ****       }
 2223              		.loc 1 2050 9 is_stmt 1 view .LVU617
 2224              	.LVL138:
2060:Drivers/STM32F0xx_HAL_Driver/Src/stm32f0xx_hal_uart.c ****   {
 2225              		.loc 1 2060 3 view .LVU618
 2226              	.L121:
2063:Drivers/STM32F0xx_HAL_Driver/Src/stm32f0xx_hal_uart.c ****     huart->RxXferCount = 0U;
 2227              		.loc 1 2063 5 view .LVU619
2063:Drivers/STM32F0xx_HAL_Driver/Src/stm32f0xx_hal_uart.c ****     huart->RxXferCount = 0U;
 2228              		.loc 1 2063 24 is_stmt 0 view .LVU620
 2229 00aa 0023     		movs	r3, #0
 2230 00ac 5222     		movs	r2, #82
 2231 00ae A352     		strh	r3, [r4, r2]
2064:Drivers/STM32F0xx_HAL_Driver/Src/stm32f0xx_hal_uart.c **** 
 2232              		.loc 1 2064 5 is_stmt 1 view .LVU621
2064:Drivers/STM32F0xx_HAL_Driver/Src/stm32f0xx_hal_uart.c **** 
 2233              		.loc 1 2064 24 is_stmt 0 view .LVU622
 2234 00b0 0832     		adds	r2, r2, #8
 2235 00b2 A352     		strh	r3, [r4, r2]
2067:Drivers/STM32F0xx_HAL_Driver/Src/stm32f0xx_hal_uart.c ****     huart->TxISR = NULL;
 2236              		.loc 1 2067 5 is_stmt 1 view .LVU623
2067:Drivers/STM32F0xx_HAL_Driver/Src/stm32f0xx_hal_uart.c ****     huart->TxISR = NULL;
 2237              		.loc 1 2067 18 is_stmt 0 view .LVU624
 2238 00b4 6366     		str	r3, [r4, #100]
2068:Drivers/STM32F0xx_HAL_Driver/Src/stm32f0xx_hal_uart.c **** 
 2239              		.loc 1 2068 5 is_stmt 1 view .LVU625
2068:Drivers/STM32F0xx_HAL_Driver/Src/stm32f0xx_hal_uart.c **** 
 2240              		.loc 1 2068 18 is_stmt 0 view .LVU626
 2241 00b6 A366     		str	r3, [r4, #104]
2071:Drivers/STM32F0xx_HAL_Driver/Src/stm32f0xx_hal_uart.c **** 
 2242              		.loc 1 2071 5 is_stmt 1 view .LVU627
2071:Drivers/STM32F0xx_HAL_Driver/Src/stm32f0xx_hal_uart.c **** 
 2243              		.loc 1 2071 22 is_stmt 0 view .LVU628
 2244 00b8 2632     		adds	r2, r2, #38
ARM GAS  C:\Users\MINIGU~1\AppData\Local\Temp\cc3PAC1x.s 			page 119


 2245 00ba A350     		str	r3, [r4, r2]
2074:Drivers/STM32F0xx_HAL_Driver/Src/stm32f0xx_hal_uart.c **** 
 2246              		.loc 1 2074 5 is_stmt 1 view .LVU629
 2247 00bc 2268     		ldr	r2, [r4]
 2248 00be 0F21     		movs	r1, #15
 2249 00c0 1162     		str	r1, [r2, #32]
2078:Drivers/STM32F0xx_HAL_Driver/Src/stm32f0xx_hal_uart.c **** 
 2250              		.loc 1 2078 5 view .LVU630
 2251 00c2 2168     		ldr	r1, [r4]
 2252 00c4 8A69     		ldr	r2, [r1, #24]
 2253 00c6 0820     		movs	r0, #8
 2254 00c8 0243     		orrs	r2, r0
 2255 00ca 8A61     		str	r2, [r1, #24]
2081:Drivers/STM32F0xx_HAL_Driver/Src/stm32f0xx_hal_uart.c ****     huart->RxState = HAL_UART_STATE_READY;
 2256              		.loc 1 2081 5 view .LVU631
2081:Drivers/STM32F0xx_HAL_Driver/Src/stm32f0xx_hal_uart.c ****     huart->RxState = HAL_UART_STATE_READY;
 2257              		.loc 1 2081 20 is_stmt 0 view .LVU632
 2258 00cc 2022     		movs	r2, #32
 2259 00ce A267     		str	r2, [r4, #120]
2082:Drivers/STM32F0xx_HAL_Driver/Src/stm32f0xx_hal_uart.c ****     huart->ReceptionType = HAL_UART_RECEPTION_STANDARD;
 2260              		.loc 1 2082 5 is_stmt 1 view .LVU633
2082:Drivers/STM32F0xx_HAL_Driver/Src/stm32f0xx_hal_uart.c ****     huart->ReceptionType = HAL_UART_RECEPTION_STANDARD;
 2261              		.loc 1 2082 20 is_stmt 0 view .LVU634
 2262 00d0 E267     		str	r2, [r4, #124]
2083:Drivers/STM32F0xx_HAL_Driver/Src/stm32f0xx_hal_uart.c **** 
 2263              		.loc 1 2083 5 is_stmt 1 view .LVU635
2083:Drivers/STM32F0xx_HAL_Driver/Src/stm32f0xx_hal_uart.c **** 
 2264              		.loc 1 2083 26 is_stmt 0 view .LVU636
 2265 00d2 2366     		str	r3, [r4, #96]
2091:Drivers/STM32F0xx_HAL_Driver/Src/stm32f0xx_hal_uart.c **** #endif /* USE_HAL_UART_REGISTER_CALLBACKS */
 2266              		.loc 1 2091 5 is_stmt 1 view .LVU637
 2267 00d4 2000     		movs	r0, r4
 2268 00d6 FFF7FEFF 		bl	HAL_UART_AbortCpltCallback
 2269              	.LVL139:
 2270 00da 05E0     		b	.L120
 2271              	.LVL140:
 2272              	.L123:
1968:Drivers/STM32F0xx_HAL_Driver/Src/stm32f0xx_hal_uart.c **** 
 2273              		.loc 1 1968 12 is_stmt 0 view .LVU638
 2274 00dc 0121     		movs	r1, #1
 2275 00de D2E7     		b	.L118
 2276              	.L124:
2030:Drivers/STM32F0xx_HAL_Driver/Src/stm32f0xx_hal_uart.c ****       }
 2277              		.loc 1 2030 19 view .LVU639
 2278 00e0 0021     		movs	r1, #0
 2279 00e2 D0E7     		b	.L118
 2280              	.LVL141:
 2281              	.L119:
2060:Drivers/STM32F0xx_HAL_Driver/Src/stm32f0xx_hal_uart.c ****   {
 2282              		.loc 1 2060 3 is_stmt 1 view .LVU640
2060:Drivers/STM32F0xx_HAL_Driver/Src/stm32f0xx_hal_uart.c ****   {
 2283              		.loc 1 2060 6 is_stmt 0 view .LVU641
 2284 00e4 0129     		cmp	r1, #1
 2285 00e6 E0D0     		beq	.L121
 2286              	.LVL142:
 2287              	.L120:
2095:Drivers/STM32F0xx_HAL_Driver/Src/stm32f0xx_hal_uart.c **** }
ARM GAS  C:\Users\MINIGU~1\AppData\Local\Temp\cc3PAC1x.s 			page 120


 2288              		.loc 1 2095 3 is_stmt 1 view .LVU642
2096:Drivers/STM32F0xx_HAL_Driver/Src/stm32f0xx_hal_uart.c **** 
 2289              		.loc 1 2096 1 is_stmt 0 view .LVU643
 2290 00e8 0020     		movs	r0, #0
 2291              		@ sp needed
 2292              	.LVL143:
2096:Drivers/STM32F0xx_HAL_Driver/Src/stm32f0xx_hal_uart.c **** 
 2293              		.loc 1 2096 1 view .LVU644
 2294 00ea 10BD     		pop	{r4, pc}
 2295              	.L127:
 2296              		.align	2
 2297              	.L126:
 2298 00ec 1FFEFFFF 		.word	-481
 2299 00f0 00000000 		.word	UART_DMATxAbortCallback
 2300 00f4 00000000 		.word	UART_DMARxAbortCallback
 2301              		.cfi_endproc
 2302              	.LFE58:
 2304              		.section	.text.UART_DMARxAbortCallback,"ax",%progbits
 2305              		.align	1
 2306              		.syntax unified
 2307              		.code	16
 2308              		.thumb_func
 2309              		.fpu softvfp
 2311              	UART_DMARxAbortCallback:
 2312              	.LVL144:
 2313              	.LFB96:
3755:Drivers/STM32F0xx_HAL_Driver/Src/stm32f0xx_hal_uart.c ****   UART_HandleTypeDef *huart = (UART_HandleTypeDef *)(hdma->Parent);
 2314              		.loc 1 3755 1 is_stmt 1 view -0
 2315              		.cfi_startproc
 2316              		@ args = 0, pretend = 0, frame = 0
 2317              		@ frame_needed = 0, uses_anonymous_args = 0
3755:Drivers/STM32F0xx_HAL_Driver/Src/stm32f0xx_hal_uart.c ****   UART_HandleTypeDef *huart = (UART_HandleTypeDef *)(hdma->Parent);
 2318              		.loc 1 3755 1 is_stmt 0 view .LVU646
 2319 0000 10B5     		push	{r4, lr}
 2320              	.LCFI14:
 2321              		.cfi_def_cfa_offset 8
 2322              		.cfi_offset 4, -8
 2323              		.cfi_offset 14, -4
3756:Drivers/STM32F0xx_HAL_Driver/Src/stm32f0xx_hal_uart.c **** 
 2324              		.loc 1 3756 3 is_stmt 1 view .LVU647
3756:Drivers/STM32F0xx_HAL_Driver/Src/stm32f0xx_hal_uart.c **** 
 2325              		.loc 1 3756 23 is_stmt 0 view .LVU648
 2326 0002 406A     		ldr	r0, [r0, #36]
 2327              	.LVL145:
3758:Drivers/STM32F0xx_HAL_Driver/Src/stm32f0xx_hal_uart.c **** 
 2328              		.loc 1 3758 3 is_stmt 1 view .LVU649
3758:Drivers/STM32F0xx_HAL_Driver/Src/stm32f0xx_hal_uart.c **** 
 2329              		.loc 1 3758 8 is_stmt 0 view .LVU650
 2330 0004 036F     		ldr	r3, [r0, #112]
3758:Drivers/STM32F0xx_HAL_Driver/Src/stm32f0xx_hal_uart.c **** 
 2331              		.loc 1 3758 36 view .LVU651
 2332 0006 0022     		movs	r2, #0
 2333 0008 5A63     		str	r2, [r3, #52]
3761:Drivers/STM32F0xx_HAL_Driver/Src/stm32f0xx_hal_uart.c ****   {
 2334              		.loc 1 3761 3 is_stmt 1 view .LVU652
3761:Drivers/STM32F0xx_HAL_Driver/Src/stm32f0xx_hal_uart.c ****   {
 2335              		.loc 1 3761 12 is_stmt 0 view .LVU653
ARM GAS  C:\Users\MINIGU~1\AppData\Local\Temp\cc3PAC1x.s 			page 121


 2336 000a C36E     		ldr	r3, [r0, #108]
3761:Drivers/STM32F0xx_HAL_Driver/Src/stm32f0xx_hal_uart.c ****   {
 2337              		.loc 1 3761 6 view .LVU654
 2338 000c 002B     		cmp	r3, #0
 2339 000e 02D0     		beq	.L129
3763:Drivers/STM32F0xx_HAL_Driver/Src/stm32f0xx_hal_uart.c ****     {
 2340              		.loc 1 3763 5 is_stmt 1 view .LVU655
3763:Drivers/STM32F0xx_HAL_Driver/Src/stm32f0xx_hal_uart.c ****     {
 2341              		.loc 1 3763 22 is_stmt 0 view .LVU656
 2342 0010 5B6B     		ldr	r3, [r3, #52]
3763:Drivers/STM32F0xx_HAL_Driver/Src/stm32f0xx_hal_uart.c ****     {
 2343              		.loc 1 3763 8 view .LVU657
 2344 0012 002B     		cmp	r3, #0
 2345 0014 14D1     		bne	.L128
 2346              	.L129:
3770:Drivers/STM32F0xx_HAL_Driver/Src/stm32f0xx_hal_uart.c ****   huart->RxXferCount = 0U;
 2347              		.loc 1 3770 3 is_stmt 1 view .LVU658
3770:Drivers/STM32F0xx_HAL_Driver/Src/stm32f0xx_hal_uart.c ****   huart->RxXferCount = 0U;
 2348              		.loc 1 3770 22 is_stmt 0 view .LVU659
 2349 0016 0023     		movs	r3, #0
 2350 0018 5222     		movs	r2, #82
 2351 001a 8352     		strh	r3, [r0, r2]
3771:Drivers/STM32F0xx_HAL_Driver/Src/stm32f0xx_hal_uart.c **** 
 2352              		.loc 1 3771 3 is_stmt 1 view .LVU660
3771:Drivers/STM32F0xx_HAL_Driver/Src/stm32f0xx_hal_uart.c **** 
 2353              		.loc 1 3771 22 is_stmt 0 view .LVU661
 2354 001c 0832     		adds	r2, r2, #8
 2355 001e 8352     		strh	r3, [r0, r2]
3774:Drivers/STM32F0xx_HAL_Driver/Src/stm32f0xx_hal_uart.c **** 
 2356              		.loc 1 3774 3 is_stmt 1 view .LVU662
3774:Drivers/STM32F0xx_HAL_Driver/Src/stm32f0xx_hal_uart.c **** 
 2357              		.loc 1 3774 20 is_stmt 0 view .LVU663
 2358 0020 2632     		adds	r2, r2, #38
 2359 0022 8350     		str	r3, [r0, r2]
3777:Drivers/STM32F0xx_HAL_Driver/Src/stm32f0xx_hal_uart.c **** 
 2360              		.loc 1 3777 3 is_stmt 1 view .LVU664
 2361 0024 0268     		ldr	r2, [r0]
 2362 0026 0F21     		movs	r1, #15
 2363 0028 1162     		str	r1, [r2, #32]
3780:Drivers/STM32F0xx_HAL_Driver/Src/stm32f0xx_hal_uart.c **** 
 2364              		.loc 1 3780 3 view .LVU665
 2365 002a 0168     		ldr	r1, [r0]
 2366 002c 8A69     		ldr	r2, [r1, #24]
 2367 002e 0824     		movs	r4, #8
 2368 0030 2243     		orrs	r2, r4
 2369 0032 8A61     		str	r2, [r1, #24]
3783:Drivers/STM32F0xx_HAL_Driver/Src/stm32f0xx_hal_uart.c ****   huart->RxState = HAL_UART_STATE_READY;
 2370              		.loc 1 3783 3 view .LVU666
3783:Drivers/STM32F0xx_HAL_Driver/Src/stm32f0xx_hal_uart.c ****   huart->RxState = HAL_UART_STATE_READY;
 2371              		.loc 1 3783 18 is_stmt 0 view .LVU667
 2372 0034 2022     		movs	r2, #32
 2373 0036 8267     		str	r2, [r0, #120]
3784:Drivers/STM32F0xx_HAL_Driver/Src/stm32f0xx_hal_uart.c ****   huart->ReceptionType = HAL_UART_RECEPTION_STANDARD;
 2374              		.loc 1 3784 3 is_stmt 1 view .LVU668
3784:Drivers/STM32F0xx_HAL_Driver/Src/stm32f0xx_hal_uart.c ****   huart->ReceptionType = HAL_UART_RECEPTION_STANDARD;
 2375              		.loc 1 3784 18 is_stmt 0 view .LVU669
 2376 0038 C267     		str	r2, [r0, #124]
ARM GAS  C:\Users\MINIGU~1\AppData\Local\Temp\cc3PAC1x.s 			page 122


3785:Drivers/STM32F0xx_HAL_Driver/Src/stm32f0xx_hal_uart.c **** 
 2377              		.loc 1 3785 3 is_stmt 1 view .LVU670
3785:Drivers/STM32F0xx_HAL_Driver/Src/stm32f0xx_hal_uart.c **** 
 2378              		.loc 1 3785 24 is_stmt 0 view .LVU671
 2379 003a 0366     		str	r3, [r0, #96]
3793:Drivers/STM32F0xx_HAL_Driver/Src/stm32f0xx_hal_uart.c **** #endif /* USE_HAL_UART_REGISTER_CALLBACKS */
 2380              		.loc 1 3793 3 is_stmt 1 view .LVU672
 2381 003c FFF7FEFF 		bl	HAL_UART_AbortCpltCallback
 2382              	.LVL146:
 2383              	.L128:
3795:Drivers/STM32F0xx_HAL_Driver/Src/stm32f0xx_hal_uart.c **** 
 2384              		.loc 1 3795 1 is_stmt 0 view .LVU673
 2385              		@ sp needed
 2386 0040 10BD     		pop	{r4, pc}
 2387              		.cfi_endproc
 2388              	.LFE96:
 2390              		.section	.text.UART_DMATxAbortCallback,"ax",%progbits
 2391              		.align	1
 2392              		.syntax unified
 2393              		.code	16
 2394              		.thumb_func
 2395              		.fpu softvfp
 2397              	UART_DMATxAbortCallback:
 2398              	.LVL147:
 2399              	.LFB95:
3705:Drivers/STM32F0xx_HAL_Driver/Src/stm32f0xx_hal_uart.c ****   UART_HandleTypeDef *huart = (UART_HandleTypeDef *)(hdma->Parent);
 2400              		.loc 1 3705 1 is_stmt 1 view -0
 2401              		.cfi_startproc
 2402              		@ args = 0, pretend = 0, frame = 0
 2403              		@ frame_needed = 0, uses_anonymous_args = 0
3705:Drivers/STM32F0xx_HAL_Driver/Src/stm32f0xx_hal_uart.c ****   UART_HandleTypeDef *huart = (UART_HandleTypeDef *)(hdma->Parent);
 2404              		.loc 1 3705 1 is_stmt 0 view .LVU675
 2405 0000 10B5     		push	{r4, lr}
 2406              	.LCFI15:
 2407              		.cfi_def_cfa_offset 8
 2408              		.cfi_offset 4, -8
 2409              		.cfi_offset 14, -4
3706:Drivers/STM32F0xx_HAL_Driver/Src/stm32f0xx_hal_uart.c **** 
 2410              		.loc 1 3706 3 is_stmt 1 view .LVU676
3706:Drivers/STM32F0xx_HAL_Driver/Src/stm32f0xx_hal_uart.c **** 
 2411              		.loc 1 3706 23 is_stmt 0 view .LVU677
 2412 0002 406A     		ldr	r0, [r0, #36]
 2413              	.LVL148:
3708:Drivers/STM32F0xx_HAL_Driver/Src/stm32f0xx_hal_uart.c **** 
 2414              		.loc 1 3708 3 is_stmt 1 view .LVU678
3708:Drivers/STM32F0xx_HAL_Driver/Src/stm32f0xx_hal_uart.c **** 
 2415              		.loc 1 3708 8 is_stmt 0 view .LVU679
 2416 0004 C36E     		ldr	r3, [r0, #108]
3708:Drivers/STM32F0xx_HAL_Driver/Src/stm32f0xx_hal_uart.c **** 
 2417              		.loc 1 3708 36 view .LVU680
 2418 0006 0022     		movs	r2, #0
 2419 0008 5A63     		str	r2, [r3, #52]
3711:Drivers/STM32F0xx_HAL_Driver/Src/stm32f0xx_hal_uart.c ****   {
 2420              		.loc 1 3711 3 is_stmt 1 view .LVU681
3711:Drivers/STM32F0xx_HAL_Driver/Src/stm32f0xx_hal_uart.c ****   {
 2421              		.loc 1 3711 12 is_stmt 0 view .LVU682
 2422 000a 036F     		ldr	r3, [r0, #112]
ARM GAS  C:\Users\MINIGU~1\AppData\Local\Temp\cc3PAC1x.s 			page 123


3711:Drivers/STM32F0xx_HAL_Driver/Src/stm32f0xx_hal_uart.c ****   {
 2423              		.loc 1 3711 6 view .LVU683
 2424 000c 002B     		cmp	r3, #0
 2425 000e 02D0     		beq	.L132
3713:Drivers/STM32F0xx_HAL_Driver/Src/stm32f0xx_hal_uart.c ****     {
 2426              		.loc 1 3713 5 is_stmt 1 view .LVU684
3713:Drivers/STM32F0xx_HAL_Driver/Src/stm32f0xx_hal_uart.c ****     {
 2427              		.loc 1 3713 22 is_stmt 0 view .LVU685
 2428 0010 5B6B     		ldr	r3, [r3, #52]
3713:Drivers/STM32F0xx_HAL_Driver/Src/stm32f0xx_hal_uart.c ****     {
 2429              		.loc 1 3713 8 view .LVU686
 2430 0012 002B     		cmp	r3, #0
 2431 0014 0FD1     		bne	.L131
 2432              	.L132:
3720:Drivers/STM32F0xx_HAL_Driver/Src/stm32f0xx_hal_uart.c ****   huart->RxXferCount = 0U;
 2433              		.loc 1 3720 3 is_stmt 1 view .LVU687
3720:Drivers/STM32F0xx_HAL_Driver/Src/stm32f0xx_hal_uart.c ****   huart->RxXferCount = 0U;
 2434              		.loc 1 3720 22 is_stmt 0 view .LVU688
 2435 0016 0023     		movs	r3, #0
 2436 0018 5222     		movs	r2, #82
 2437 001a 8352     		strh	r3, [r0, r2]
3721:Drivers/STM32F0xx_HAL_Driver/Src/stm32f0xx_hal_uart.c **** 
 2438              		.loc 1 3721 3 is_stmt 1 view .LVU689
3721:Drivers/STM32F0xx_HAL_Driver/Src/stm32f0xx_hal_uart.c **** 
 2439              		.loc 1 3721 22 is_stmt 0 view .LVU690
 2440 001c 0832     		adds	r2, r2, #8
 2441 001e 8352     		strh	r3, [r0, r2]
3724:Drivers/STM32F0xx_HAL_Driver/Src/stm32f0xx_hal_uart.c **** 
 2442              		.loc 1 3724 3 is_stmt 1 view .LVU691
3724:Drivers/STM32F0xx_HAL_Driver/Src/stm32f0xx_hal_uart.c **** 
 2443              		.loc 1 3724 20 is_stmt 0 view .LVU692
 2444 0020 2632     		adds	r2, r2, #38
 2445 0022 8350     		str	r3, [r0, r2]
3727:Drivers/STM32F0xx_HAL_Driver/Src/stm32f0xx_hal_uart.c **** 
 2446              		.loc 1 3727 3 is_stmt 1 view .LVU693
 2447 0024 0268     		ldr	r2, [r0]
 2448 0026 0F21     		movs	r1, #15
 2449 0028 1162     		str	r1, [r2, #32]
3731:Drivers/STM32F0xx_HAL_Driver/Src/stm32f0xx_hal_uart.c ****   huart->RxState = HAL_UART_STATE_READY;
 2450              		.loc 1 3731 3 view .LVU694
3731:Drivers/STM32F0xx_HAL_Driver/Src/stm32f0xx_hal_uart.c ****   huart->RxState = HAL_UART_STATE_READY;
 2451              		.loc 1 3731 18 is_stmt 0 view .LVU695
 2452 002a 2022     		movs	r2, #32
 2453 002c 8267     		str	r2, [r0, #120]
3732:Drivers/STM32F0xx_HAL_Driver/Src/stm32f0xx_hal_uart.c ****   huart->ReceptionType = HAL_UART_RECEPTION_STANDARD;
 2454              		.loc 1 3732 3 is_stmt 1 view .LVU696
3732:Drivers/STM32F0xx_HAL_Driver/Src/stm32f0xx_hal_uart.c ****   huart->ReceptionType = HAL_UART_RECEPTION_STANDARD;
 2455              		.loc 1 3732 18 is_stmt 0 view .LVU697
 2456 002e C267     		str	r2, [r0, #124]
3733:Drivers/STM32F0xx_HAL_Driver/Src/stm32f0xx_hal_uart.c **** 
 2457              		.loc 1 3733 3 is_stmt 1 view .LVU698
3733:Drivers/STM32F0xx_HAL_Driver/Src/stm32f0xx_hal_uart.c **** 
 2458              		.loc 1 3733 24 is_stmt 0 view .LVU699
 2459 0030 0366     		str	r3, [r0, #96]
3741:Drivers/STM32F0xx_HAL_Driver/Src/stm32f0xx_hal_uart.c **** #endif /* USE_HAL_UART_REGISTER_CALLBACKS */
 2460              		.loc 1 3741 3 is_stmt 1 view .LVU700
 2461 0032 FFF7FEFF 		bl	HAL_UART_AbortCpltCallback
ARM GAS  C:\Users\MINIGU~1\AppData\Local\Temp\cc3PAC1x.s 			page 124


 2462              	.LVL149:
 2463              	.L131:
3743:Drivers/STM32F0xx_HAL_Driver/Src/stm32f0xx_hal_uart.c **** 
 2464              		.loc 1 3743 1 is_stmt 0 view .LVU701
 2465              		@ sp needed
 2466 0036 10BD     		pop	{r4, pc}
 2467              		.cfi_endproc
 2468              	.LFE95:
 2470              		.section	.text.HAL_UART_AbortTransmitCpltCallback,"ax",%progbits
 2471              		.align	1
 2472              		.weak	HAL_UART_AbortTransmitCpltCallback
 2473              		.syntax unified
 2474              		.code	16
 2475              		.thumb_func
 2476              		.fpu softvfp
 2478              	HAL_UART_AbortTransmitCpltCallback:
 2479              	.LVL150:
 2480              	.LFB68:
2672:Drivers/STM32F0xx_HAL_Driver/Src/stm32f0xx_hal_uart.c ****   /* Prevent unused argument(s) compilation warning */
 2481              		.loc 1 2672 1 is_stmt 1 view -0
 2482              		.cfi_startproc
 2483              		@ args = 0, pretend = 0, frame = 0
 2484              		@ frame_needed = 0, uses_anonymous_args = 0
 2485              		@ link register save eliminated.
2674:Drivers/STM32F0xx_HAL_Driver/Src/stm32f0xx_hal_uart.c **** 
 2486              		.loc 1 2674 3 view .LVU703
2679:Drivers/STM32F0xx_HAL_Driver/Src/stm32f0xx_hal_uart.c **** 
 2487              		.loc 1 2679 1 is_stmt 0 view .LVU704
 2488              		@ sp needed
 2489 0000 7047     		bx	lr
 2490              		.cfi_endproc
 2491              	.LFE68:
 2493              		.section	.text.HAL_UART_AbortTransmit_IT,"ax",%progbits
 2494              		.align	1
 2495              		.global	HAL_UART_AbortTransmit_IT
 2496              		.syntax unified
 2497              		.code	16
 2498              		.thumb_func
 2499              		.fpu softvfp
 2501              	HAL_UART_AbortTransmit_IT:
 2502              	.LVL151:
 2503              	.LFB59:
2113:Drivers/STM32F0xx_HAL_Driver/Src/stm32f0xx_hal_uart.c ****   /* Disable interrupts */
 2504              		.loc 1 2113 1 is_stmt 1 view -0
 2505              		.cfi_startproc
 2506              		@ args = 0, pretend = 0, frame = 0
 2507              		@ frame_needed = 0, uses_anonymous_args = 0
2113:Drivers/STM32F0xx_HAL_Driver/Src/stm32f0xx_hal_uart.c ****   /* Disable interrupts */
 2508              		.loc 1 2113 1 is_stmt 0 view .LVU706
 2509 0000 10B5     		push	{r4, lr}
 2510              	.LCFI16:
 2511              		.cfi_def_cfa_offset 8
 2512              		.cfi_offset 4, -8
 2513              		.cfi_offset 14, -4
 2514 0002 0400     		movs	r4, r0
2115:Drivers/STM32F0xx_HAL_Driver/Src/stm32f0xx_hal_uart.c **** 
 2515              		.loc 1 2115 3 is_stmt 1 view .LVU707
ARM GAS  C:\Users\MINIGU~1\AppData\Local\Temp\cc3PAC1x.s 			page 125


 2516 0004 0268     		ldr	r2, [r0]
 2517 0006 1368     		ldr	r3, [r2]
 2518 0008 C021     		movs	r1, #192
 2519 000a 8B43     		bics	r3, r1
 2520 000c 1360     		str	r3, [r2]
2118:Drivers/STM32F0xx_HAL_Driver/Src/stm32f0xx_hal_uart.c ****   {
 2521              		.loc 1 2118 3 view .LVU708
2118:Drivers/STM32F0xx_HAL_Driver/Src/stm32f0xx_hal_uart.c ****   {
 2522              		.loc 1 2118 7 is_stmt 0 view .LVU709
 2523 000e 0368     		ldr	r3, [r0]
 2524 0010 9A68     		ldr	r2, [r3, #8]
2118:Drivers/STM32F0xx_HAL_Driver/Src/stm32f0xx_hal_uart.c ****   {
 2525              		.loc 1 2118 6 view .LVU710
 2526 0012 1206     		lsls	r2, r2, #24
 2527 0014 1AD5     		bpl	.L136
2120:Drivers/STM32F0xx_HAL_Driver/Src/stm32f0xx_hal_uart.c **** 
 2528              		.loc 1 2120 5 is_stmt 1 view .LVU711
 2529 0016 9A68     		ldr	r2, [r3, #8]
 2530 0018 4039     		subs	r1, r1, #64
 2531 001a 8A43     		bics	r2, r1
 2532 001c 9A60     		str	r2, [r3, #8]
2123:Drivers/STM32F0xx_HAL_Driver/Src/stm32f0xx_hal_uart.c ****     {
 2533              		.loc 1 2123 5 view .LVU712
2123:Drivers/STM32F0xx_HAL_Driver/Src/stm32f0xx_hal_uart.c ****     {
 2534              		.loc 1 2123 14 is_stmt 0 view .LVU713
 2535 001e C36E     		ldr	r3, [r0, #108]
2123:Drivers/STM32F0xx_HAL_Driver/Src/stm32f0xx_hal_uart.c ****     {
 2536              		.loc 1 2123 8 view .LVU714
 2537 0020 002B     		cmp	r3, #0
 2538 0022 0AD0     		beq	.L137
2127:Drivers/STM32F0xx_HAL_Driver/Src/stm32f0xx_hal_uart.c **** 
 2539              		.loc 1 2127 7 is_stmt 1 view .LVU715
2127:Drivers/STM32F0xx_HAL_Driver/Src/stm32f0xx_hal_uart.c **** 
 2540              		.loc 1 2127 40 is_stmt 0 view .LVU716
 2541 0024 0E4A     		ldr	r2, .L139
 2542 0026 5A63     		str	r2, [r3, #52]
2130:Drivers/STM32F0xx_HAL_Driver/Src/stm32f0xx_hal_uart.c ****       {
 2543              		.loc 1 2130 7 is_stmt 1 view .LVU717
2130:Drivers/STM32F0xx_HAL_Driver/Src/stm32f0xx_hal_uart.c ****       {
 2544              		.loc 1 2130 11 is_stmt 0 view .LVU718
 2545 0028 C06E     		ldr	r0, [r0, #108]
 2546              	.LVL152:
2130:Drivers/STM32F0xx_HAL_Driver/Src/stm32f0xx_hal_uart.c ****       {
 2547              		.loc 1 2130 11 view .LVU719
 2548 002a FFF7FEFF 		bl	HAL_DMA_Abort_IT
 2549              	.LVL153:
2130:Drivers/STM32F0xx_HAL_Driver/Src/stm32f0xx_hal_uart.c ****       {
 2550              		.loc 1 2130 10 view .LVU720
 2551 002e 0028     		cmp	r0, #0
 2552 0030 14D0     		beq	.L138
2133:Drivers/STM32F0xx_HAL_Driver/Src/stm32f0xx_hal_uart.c ****       }
 2553              		.loc 1 2133 9 is_stmt 1 view .LVU721
2133:Drivers/STM32F0xx_HAL_Driver/Src/stm32f0xx_hal_uart.c ****       }
 2554              		.loc 1 2133 14 is_stmt 0 view .LVU722
 2555 0032 E06E     		ldr	r0, [r4, #108]
2133:Drivers/STM32F0xx_HAL_Driver/Src/stm32f0xx_hal_uart.c ****       }
 2556              		.loc 1 2133 22 view .LVU723
ARM GAS  C:\Users\MINIGU~1\AppData\Local\Temp\cc3PAC1x.s 			page 126


 2557 0034 436B     		ldr	r3, [r0, #52]
2133:Drivers/STM32F0xx_HAL_Driver/Src/stm32f0xx_hal_uart.c ****       }
 2558              		.loc 1 2133 9 view .LVU724
 2559 0036 9847     		blx	r3
 2560              	.LVL154:
 2561 0038 10E0     		b	.L138
 2562              	.LVL155:
 2563              	.L137:
2139:Drivers/STM32F0xx_HAL_Driver/Src/stm32f0xx_hal_uart.c **** 
 2564              		.loc 1 2139 7 is_stmt 1 view .LVU725
2139:Drivers/STM32F0xx_HAL_Driver/Src/stm32f0xx_hal_uart.c **** 
 2565              		.loc 1 2139 26 is_stmt 0 view .LVU726
 2566 003a 0023     		movs	r3, #0
 2567 003c 5222     		movs	r2, #82
 2568 003e 8352     		strh	r3, [r0, r2]
2142:Drivers/STM32F0xx_HAL_Driver/Src/stm32f0xx_hal_uart.c **** 
 2569              		.loc 1 2142 7 is_stmt 1 view .LVU727
2142:Drivers/STM32F0xx_HAL_Driver/Src/stm32f0xx_hal_uart.c **** 
 2570              		.loc 1 2142 20 is_stmt 0 view .LVU728
 2571 0040 8366     		str	r3, [r0, #104]
2145:Drivers/STM32F0xx_HAL_Driver/Src/stm32f0xx_hal_uart.c **** 
 2572              		.loc 1 2145 7 is_stmt 1 view .LVU729
2145:Drivers/STM32F0xx_HAL_Driver/Src/stm32f0xx_hal_uart.c **** 
 2573              		.loc 1 2145 21 is_stmt 0 view .LVU730
 2574 0042 2033     		adds	r3, r3, #32
 2575 0044 8367     		str	r3, [r0, #120]
2153:Drivers/STM32F0xx_HAL_Driver/Src/stm32f0xx_hal_uart.c **** #endif /* USE_HAL_UART_REGISTER_CALLBACKS */
 2576              		.loc 1 2153 7 is_stmt 1 view .LVU731
 2577 0046 FFF7FEFF 		bl	HAL_UART_AbortTransmitCpltCallback
 2578              	.LVL156:
2153:Drivers/STM32F0xx_HAL_Driver/Src/stm32f0xx_hal_uart.c **** #endif /* USE_HAL_UART_REGISTER_CALLBACKS */
 2579              		.loc 1 2153 7 is_stmt 0 view .LVU732
 2580 004a 07E0     		b	.L138
 2581              	.LVL157:
 2582              	.L136:
2160:Drivers/STM32F0xx_HAL_Driver/Src/stm32f0xx_hal_uart.c **** 
 2583              		.loc 1 2160 5 is_stmt 1 view .LVU733
2160:Drivers/STM32F0xx_HAL_Driver/Src/stm32f0xx_hal_uart.c **** 
 2584              		.loc 1 2160 24 is_stmt 0 view .LVU734
 2585 004c 0023     		movs	r3, #0
 2586 004e 5222     		movs	r2, #82
 2587 0050 8352     		strh	r3, [r0, r2]
2163:Drivers/STM32F0xx_HAL_Driver/Src/stm32f0xx_hal_uart.c **** 
 2588              		.loc 1 2163 5 is_stmt 1 view .LVU735
2163:Drivers/STM32F0xx_HAL_Driver/Src/stm32f0xx_hal_uart.c **** 
 2589              		.loc 1 2163 18 is_stmt 0 view .LVU736
 2590 0052 8366     		str	r3, [r0, #104]
2167:Drivers/STM32F0xx_HAL_Driver/Src/stm32f0xx_hal_uart.c **** 
 2591              		.loc 1 2167 5 is_stmt 1 view .LVU737
2167:Drivers/STM32F0xx_HAL_Driver/Src/stm32f0xx_hal_uart.c **** 
 2592              		.loc 1 2167 19 is_stmt 0 view .LVU738
 2593 0054 2033     		adds	r3, r3, #32
 2594 0056 8367     		str	r3, [r0, #120]
2175:Drivers/STM32F0xx_HAL_Driver/Src/stm32f0xx_hal_uart.c **** #endif /* USE_HAL_UART_REGISTER_CALLBACKS */
 2595              		.loc 1 2175 5 is_stmt 1 view .LVU739
 2596 0058 FFF7FEFF 		bl	HAL_UART_AbortTransmitCpltCallback
 2597              	.LVL158:
ARM GAS  C:\Users\MINIGU~1\AppData\Local\Temp\cc3PAC1x.s 			page 127


 2598              	.L138:
2179:Drivers/STM32F0xx_HAL_Driver/Src/stm32f0xx_hal_uart.c **** }
 2599              		.loc 1 2179 3 view .LVU740
2180:Drivers/STM32F0xx_HAL_Driver/Src/stm32f0xx_hal_uart.c **** 
 2600              		.loc 1 2180 1 is_stmt 0 view .LVU741
 2601 005c 0020     		movs	r0, #0
 2602              		@ sp needed
 2603              	.LVL159:
2180:Drivers/STM32F0xx_HAL_Driver/Src/stm32f0xx_hal_uart.c **** 
 2604              		.loc 1 2180 1 view .LVU742
 2605 005e 10BD     		pop	{r4, pc}
 2606              	.L140:
 2607              		.align	2
 2608              	.L139:
 2609 0060 00000000 		.word	UART_DMATxOnlyAbortCallback
 2610              		.cfi_endproc
 2611              	.LFE59:
 2613              		.section	.text.UART_DMATxOnlyAbortCallback,"ax",%progbits
 2614              		.align	1
 2615              		.syntax unified
 2616              		.code	16
 2617              		.thumb_func
 2618              		.fpu softvfp
 2620              	UART_DMATxOnlyAbortCallback:
 2621              	.LVL160:
 2622              	.LFB97:
3807:Drivers/STM32F0xx_HAL_Driver/Src/stm32f0xx_hal_uart.c ****   UART_HandleTypeDef *huart = (UART_HandleTypeDef *)(hdma->Parent);
 2623              		.loc 1 3807 1 is_stmt 1 view -0
 2624              		.cfi_startproc
 2625              		@ args = 0, pretend = 0, frame = 0
 2626              		@ frame_needed = 0, uses_anonymous_args = 0
3807:Drivers/STM32F0xx_HAL_Driver/Src/stm32f0xx_hal_uart.c ****   UART_HandleTypeDef *huart = (UART_HandleTypeDef *)(hdma->Parent);
 2627              		.loc 1 3807 1 is_stmt 0 view .LVU744
 2628 0000 10B5     		push	{r4, lr}
 2629              	.LCFI17:
 2630              		.cfi_def_cfa_offset 8
 2631              		.cfi_offset 4, -8
 2632              		.cfi_offset 14, -4
3808:Drivers/STM32F0xx_HAL_Driver/Src/stm32f0xx_hal_uart.c **** 
 2633              		.loc 1 3808 3 is_stmt 1 view .LVU745
3808:Drivers/STM32F0xx_HAL_Driver/Src/stm32f0xx_hal_uart.c **** 
 2634              		.loc 1 3808 23 is_stmt 0 view .LVU746
 2635 0002 406A     		ldr	r0, [r0, #36]
 2636              	.LVL161:
3810:Drivers/STM32F0xx_HAL_Driver/Src/stm32f0xx_hal_uart.c **** 
 2637              		.loc 1 3810 3 is_stmt 1 view .LVU747
3810:Drivers/STM32F0xx_HAL_Driver/Src/stm32f0xx_hal_uart.c **** 
 2638              		.loc 1 3810 22 is_stmt 0 view .LVU748
 2639 0004 5223     		movs	r3, #82
 2640 0006 0022     		movs	r2, #0
 2641 0008 C252     		strh	r2, [r0, r3]
3814:Drivers/STM32F0xx_HAL_Driver/Src/stm32f0xx_hal_uart.c **** 
 2642              		.loc 1 3814 3 is_stmt 1 view .LVU749
3814:Drivers/STM32F0xx_HAL_Driver/Src/stm32f0xx_hal_uart.c **** 
 2643              		.loc 1 3814 17 is_stmt 0 view .LVU750
 2644 000a 323B     		subs	r3, r3, #50
 2645 000c 8367     		str	r3, [r0, #120]
ARM GAS  C:\Users\MINIGU~1\AppData\Local\Temp\cc3PAC1x.s 			page 128


3822:Drivers/STM32F0xx_HAL_Driver/Src/stm32f0xx_hal_uart.c **** #endif /* USE_HAL_UART_REGISTER_CALLBACKS */
 2646              		.loc 1 3822 3 is_stmt 1 view .LVU751
 2647 000e FFF7FEFF 		bl	HAL_UART_AbortTransmitCpltCallback
 2648              	.LVL162:
3824:Drivers/STM32F0xx_HAL_Driver/Src/stm32f0xx_hal_uart.c **** 
 2649              		.loc 1 3824 1 is_stmt 0 view .LVU752
 2650              		@ sp needed
 2651 0012 10BD     		pop	{r4, pc}
 2652              		.cfi_endproc
 2653              	.LFE97:
 2655              		.section	.text.HAL_UART_AbortReceiveCpltCallback,"ax",%progbits
 2656              		.align	1
 2657              		.weak	HAL_UART_AbortReceiveCpltCallback
 2658              		.syntax unified
 2659              		.code	16
 2660              		.thumb_func
 2661              		.fpu softvfp
 2663              	HAL_UART_AbortReceiveCpltCallback:
 2664              	.LVL163:
 2665              	.LFB69:
2687:Drivers/STM32F0xx_HAL_Driver/Src/stm32f0xx_hal_uart.c ****   /* Prevent unused argument(s) compilation warning */
 2666              		.loc 1 2687 1 is_stmt 1 view -0
 2667              		.cfi_startproc
 2668              		@ args = 0, pretend = 0, frame = 0
 2669              		@ frame_needed = 0, uses_anonymous_args = 0
 2670              		@ link register save eliminated.
2689:Drivers/STM32F0xx_HAL_Driver/Src/stm32f0xx_hal_uart.c **** 
 2671              		.loc 1 2689 3 view .LVU754
2694:Drivers/STM32F0xx_HAL_Driver/Src/stm32f0xx_hal_uart.c **** 
 2672              		.loc 1 2694 1 is_stmt 0 view .LVU755
 2673              		@ sp needed
 2674 0000 7047     		bx	lr
 2675              		.cfi_endproc
 2676              	.LFE69:
 2678              		.section	.text.HAL_UART_AbortReceive_IT,"ax",%progbits
 2679              		.align	1
 2680              		.global	HAL_UART_AbortReceive_IT
 2681              		.syntax unified
 2682              		.code	16
 2683              		.thumb_func
 2684              		.fpu softvfp
 2686              	HAL_UART_AbortReceive_IT:
 2687              	.LVL164:
 2688              	.LFB60:
2197:Drivers/STM32F0xx_HAL_Driver/Src/stm32f0xx_hal_uart.c ****   /* Disable RXNE, PE and ERR (Frame error, noise error, overrun error) interrupts */
 2689              		.loc 1 2197 1 is_stmt 1 view -0
 2690              		.cfi_startproc
 2691              		@ args = 0, pretend = 0, frame = 0
 2692              		@ frame_needed = 0, uses_anonymous_args = 0
2197:Drivers/STM32F0xx_HAL_Driver/Src/stm32f0xx_hal_uart.c ****   /* Disable RXNE, PE and ERR (Frame error, noise error, overrun error) interrupts */
 2693              		.loc 1 2197 1 is_stmt 0 view .LVU757
 2694 0000 10B5     		push	{r4, lr}
 2695              	.LCFI18:
 2696              		.cfi_def_cfa_offset 8
 2697              		.cfi_offset 4, -8
 2698              		.cfi_offset 14, -4
 2699 0002 0400     		movs	r4, r0
ARM GAS  C:\Users\MINIGU~1\AppData\Local\Temp\cc3PAC1x.s 			page 129


2199:Drivers/STM32F0xx_HAL_Driver/Src/stm32f0xx_hal_uart.c ****   CLEAR_BIT(huart->Instance->CR3, USART_CR3_EIE);
 2700              		.loc 1 2199 3 is_stmt 1 view .LVU758
 2701 0004 0268     		ldr	r2, [r0]
 2702 0006 1368     		ldr	r3, [r2]
 2703 0008 2449     		ldr	r1, .L149
 2704 000a 0B40     		ands	r3, r1
 2705 000c 1360     		str	r3, [r2]
2200:Drivers/STM32F0xx_HAL_Driver/Src/stm32f0xx_hal_uart.c **** 
 2706              		.loc 1 2200 3 view .LVU759
 2707 000e 0268     		ldr	r2, [r0]
 2708 0010 9368     		ldr	r3, [r2, #8]
 2709 0012 2331     		adds	r1, r1, #35
 2710 0014 FF31     		adds	r1, r1, #255
 2711 0016 8B43     		bics	r3, r1
 2712 0018 9360     		str	r3, [r2, #8]
2203:Drivers/STM32F0xx_HAL_Driver/Src/stm32f0xx_hal_uart.c ****   {
 2713              		.loc 1 2203 3 view .LVU760
2203:Drivers/STM32F0xx_HAL_Driver/Src/stm32f0xx_hal_uart.c ****   {
 2714              		.loc 1 2203 12 is_stmt 0 view .LVU761
 2715 001a 036E     		ldr	r3, [r0, #96]
2203:Drivers/STM32F0xx_HAL_Driver/Src/stm32f0xx_hal_uart.c ****   {
 2716              		.loc 1 2203 6 view .LVU762
 2717 001c 012B     		cmp	r3, #1
 2718 001e 15D0     		beq	.L148
 2719              	.L144:
2209:Drivers/STM32F0xx_HAL_Driver/Src/stm32f0xx_hal_uart.c ****   {
 2720              		.loc 1 2209 3 is_stmt 1 view .LVU763
2209:Drivers/STM32F0xx_HAL_Driver/Src/stm32f0xx_hal_uart.c ****   {
 2721              		.loc 1 2209 7 is_stmt 0 view .LVU764
 2722 0020 2368     		ldr	r3, [r4]
 2723 0022 9A68     		ldr	r2, [r3, #8]
2209:Drivers/STM32F0xx_HAL_Driver/Src/stm32f0xx_hal_uart.c ****   {
 2724              		.loc 1 2209 6 view .LVU765
 2725 0024 5206     		lsls	r2, r2, #25
 2726 0026 2AD5     		bpl	.L145
2211:Drivers/STM32F0xx_HAL_Driver/Src/stm32f0xx_hal_uart.c **** 
 2727              		.loc 1 2211 5 is_stmt 1 view .LVU766
 2728 0028 9A68     		ldr	r2, [r3, #8]
 2729 002a 4021     		movs	r1, #64
 2730 002c 8A43     		bics	r2, r1
 2731 002e 9A60     		str	r2, [r3, #8]
2214:Drivers/STM32F0xx_HAL_Driver/Src/stm32f0xx_hal_uart.c ****     {
 2732              		.loc 1 2214 5 view .LVU767
2214:Drivers/STM32F0xx_HAL_Driver/Src/stm32f0xx_hal_uart.c ****     {
 2733              		.loc 1 2214 14 is_stmt 0 view .LVU768
 2734 0030 236F     		ldr	r3, [r4, #112]
2214:Drivers/STM32F0xx_HAL_Driver/Src/stm32f0xx_hal_uart.c ****     {
 2735              		.loc 1 2214 8 view .LVU769
 2736 0032 002B     		cmp	r3, #0
 2737 0034 10D0     		beq	.L146
2218:Drivers/STM32F0xx_HAL_Driver/Src/stm32f0xx_hal_uart.c **** 
 2738              		.loc 1 2218 7 is_stmt 1 view .LVU770
2218:Drivers/STM32F0xx_HAL_Driver/Src/stm32f0xx_hal_uart.c **** 
 2739              		.loc 1 2218 40 is_stmt 0 view .LVU771
 2740 0036 1A4A     		ldr	r2, .L149+4
 2741 0038 5A63     		str	r2, [r3, #52]
2221:Drivers/STM32F0xx_HAL_Driver/Src/stm32f0xx_hal_uart.c ****       {
ARM GAS  C:\Users\MINIGU~1\AppData\Local\Temp\cc3PAC1x.s 			page 130


 2742              		.loc 1 2221 7 is_stmt 1 view .LVU772
2221:Drivers/STM32F0xx_HAL_Driver/Src/stm32f0xx_hal_uart.c ****       {
 2743              		.loc 1 2221 11 is_stmt 0 view .LVU773
 2744 003a 206F     		ldr	r0, [r4, #112]
 2745              	.LVL165:
2221:Drivers/STM32F0xx_HAL_Driver/Src/stm32f0xx_hal_uart.c ****       {
 2746              		.loc 1 2221 11 view .LVU774
 2747 003c FFF7FEFF 		bl	HAL_DMA_Abort_IT
 2748              	.LVL166:
2221:Drivers/STM32F0xx_HAL_Driver/Src/stm32f0xx_hal_uart.c ****       {
 2749              		.loc 1 2221 10 view .LVU775
 2750 0040 0028     		cmp	r0, #0
 2751 0042 28D0     		beq	.L147
2224:Drivers/STM32F0xx_HAL_Driver/Src/stm32f0xx_hal_uart.c ****       }
 2752              		.loc 1 2224 9 is_stmt 1 view .LVU776
2224:Drivers/STM32F0xx_HAL_Driver/Src/stm32f0xx_hal_uart.c ****       }
 2753              		.loc 1 2224 14 is_stmt 0 view .LVU777
 2754 0044 206F     		ldr	r0, [r4, #112]
2224:Drivers/STM32F0xx_HAL_Driver/Src/stm32f0xx_hal_uart.c ****       }
 2755              		.loc 1 2224 22 view .LVU778
 2756 0046 436B     		ldr	r3, [r0, #52]
2224:Drivers/STM32F0xx_HAL_Driver/Src/stm32f0xx_hal_uart.c ****       }
 2757              		.loc 1 2224 9 view .LVU779
 2758 0048 9847     		blx	r3
 2759              	.LVL167:
 2760 004a 24E0     		b	.L147
 2761              	.LVL168:
 2762              	.L148:
2205:Drivers/STM32F0xx_HAL_Driver/Src/stm32f0xx_hal_uart.c ****   }
 2763              		.loc 1 2205 5 is_stmt 1 view .LVU780
 2764 004c 0268     		ldr	r2, [r0]
 2765 004e 1368     		ldr	r3, [r2]
 2766 0050 0F31     		adds	r1, r1, #15
 2767 0052 8B43     		bics	r3, r1
 2768 0054 1360     		str	r3, [r2]
 2769 0056 E3E7     		b	.L144
 2770              	.L146:
2230:Drivers/STM32F0xx_HAL_Driver/Src/stm32f0xx_hal_uart.c **** 
 2771              		.loc 1 2230 7 view .LVU781
2230:Drivers/STM32F0xx_HAL_Driver/Src/stm32f0xx_hal_uart.c **** 
 2772              		.loc 1 2230 26 is_stmt 0 view .LVU782
 2773 0058 0023     		movs	r3, #0
 2774 005a 5A22     		movs	r2, #90
 2775 005c A352     		strh	r3, [r4, r2]
2233:Drivers/STM32F0xx_HAL_Driver/Src/stm32f0xx_hal_uart.c **** 
 2776              		.loc 1 2233 7 is_stmt 1 view .LVU783
2233:Drivers/STM32F0xx_HAL_Driver/Src/stm32f0xx_hal_uart.c **** 
 2777              		.loc 1 2233 25 is_stmt 0 view .LVU784
 2778 005e 6365     		str	r3, [r4, #84]
2236:Drivers/STM32F0xx_HAL_Driver/Src/stm32f0xx_hal_uart.c **** 
 2779              		.loc 1 2236 7 is_stmt 1 view .LVU785
 2780 0060 2268     		ldr	r2, [r4]
 2781 0062 0F21     		movs	r1, #15
 2782 0064 1162     		str	r1, [r2, #32]
2239:Drivers/STM32F0xx_HAL_Driver/Src/stm32f0xx_hal_uart.c **** 
 2783              		.loc 1 2239 7 view .LVU786
 2784 0066 2168     		ldr	r1, [r4]
ARM GAS  C:\Users\MINIGU~1\AppData\Local\Temp\cc3PAC1x.s 			page 131


 2785 0068 8A69     		ldr	r2, [r1, #24]
 2786 006a 0820     		movs	r0, #8
 2787              	.LVL169:
2239:Drivers/STM32F0xx_HAL_Driver/Src/stm32f0xx_hal_uart.c **** 
 2788              		.loc 1 2239 7 is_stmt 0 view .LVU787
 2789 006c 0243     		orrs	r2, r0
 2790 006e 8A61     		str	r2, [r1, #24]
2242:Drivers/STM32F0xx_HAL_Driver/Src/stm32f0xx_hal_uart.c ****       huart->ReceptionType = HAL_UART_RECEPTION_STANDARD;
 2791              		.loc 1 2242 7 is_stmt 1 view .LVU788
2242:Drivers/STM32F0xx_HAL_Driver/Src/stm32f0xx_hal_uart.c ****       huart->ReceptionType = HAL_UART_RECEPTION_STANDARD;
 2792              		.loc 1 2242 22 is_stmt 0 view .LVU789
 2793 0070 2022     		movs	r2, #32
 2794 0072 E267     		str	r2, [r4, #124]
2243:Drivers/STM32F0xx_HAL_Driver/Src/stm32f0xx_hal_uart.c **** 
 2795              		.loc 1 2243 7 is_stmt 1 view .LVU790
2243:Drivers/STM32F0xx_HAL_Driver/Src/stm32f0xx_hal_uart.c **** 
 2796              		.loc 1 2243 28 is_stmt 0 view .LVU791
 2797 0074 2366     		str	r3, [r4, #96]
2251:Drivers/STM32F0xx_HAL_Driver/Src/stm32f0xx_hal_uart.c **** #endif /* USE_HAL_UART_REGISTER_CALLBACKS */
 2798              		.loc 1 2251 7 is_stmt 1 view .LVU792
 2799 0076 2000     		movs	r0, r4
 2800 0078 FFF7FEFF 		bl	HAL_UART_AbortReceiveCpltCallback
 2801              	.LVL170:
 2802 007c 0BE0     		b	.L147
 2803              	.LVL171:
 2804              	.L145:
2258:Drivers/STM32F0xx_HAL_Driver/Src/stm32f0xx_hal_uart.c **** 
 2805              		.loc 1 2258 5 view .LVU793
2258:Drivers/STM32F0xx_HAL_Driver/Src/stm32f0xx_hal_uart.c **** 
 2806              		.loc 1 2258 24 is_stmt 0 view .LVU794
 2807 007e 0022     		movs	r2, #0
 2808 0080 5A21     		movs	r1, #90
 2809 0082 6252     		strh	r2, [r4, r1]
2261:Drivers/STM32F0xx_HAL_Driver/Src/stm32f0xx_hal_uart.c **** 
 2810              		.loc 1 2261 5 is_stmt 1 view .LVU795
2261:Drivers/STM32F0xx_HAL_Driver/Src/stm32f0xx_hal_uart.c **** 
 2811              		.loc 1 2261 23 is_stmt 0 view .LVU796
 2812 0084 6265     		str	r2, [r4, #84]
2264:Drivers/STM32F0xx_HAL_Driver/Src/stm32f0xx_hal_uart.c **** 
 2813              		.loc 1 2264 5 is_stmt 1 view .LVU797
 2814 0086 4B39     		subs	r1, r1, #75
 2815 0088 1962     		str	r1, [r3, #32]
2267:Drivers/STM32F0xx_HAL_Driver/Src/stm32f0xx_hal_uart.c ****     huart->ReceptionType = HAL_UART_RECEPTION_STANDARD;
 2816              		.loc 1 2267 5 view .LVU798
2267:Drivers/STM32F0xx_HAL_Driver/Src/stm32f0xx_hal_uart.c ****     huart->ReceptionType = HAL_UART_RECEPTION_STANDARD;
 2817              		.loc 1 2267 20 is_stmt 0 view .LVU799
 2818 008a 2023     		movs	r3, #32
 2819 008c E367     		str	r3, [r4, #124]
2268:Drivers/STM32F0xx_HAL_Driver/Src/stm32f0xx_hal_uart.c **** 
 2820              		.loc 1 2268 5 is_stmt 1 view .LVU800
2268:Drivers/STM32F0xx_HAL_Driver/Src/stm32f0xx_hal_uart.c **** 
 2821              		.loc 1 2268 26 is_stmt 0 view .LVU801
 2822 008e 2266     		str	r2, [r4, #96]
2276:Drivers/STM32F0xx_HAL_Driver/Src/stm32f0xx_hal_uart.c **** #endif /* USE_HAL_UART_REGISTER_CALLBACKS */
 2823              		.loc 1 2276 5 is_stmt 1 view .LVU802
 2824 0090 2000     		movs	r0, r4
 2825              	.LVL172:
ARM GAS  C:\Users\MINIGU~1\AppData\Local\Temp\cc3PAC1x.s 			page 132


2276:Drivers/STM32F0xx_HAL_Driver/Src/stm32f0xx_hal_uart.c **** #endif /* USE_HAL_UART_REGISTER_CALLBACKS */
 2826              		.loc 1 2276 5 is_stmt 0 view .LVU803
 2827 0092 FFF7FEFF 		bl	HAL_UART_AbortReceiveCpltCallback
 2828              	.LVL173:
 2829              	.L147:
2280:Drivers/STM32F0xx_HAL_Driver/Src/stm32f0xx_hal_uart.c **** }
 2830              		.loc 1 2280 3 is_stmt 1 view .LVU804
2281:Drivers/STM32F0xx_HAL_Driver/Src/stm32f0xx_hal_uart.c **** 
 2831              		.loc 1 2281 1 is_stmt 0 view .LVU805
 2832 0096 0020     		movs	r0, #0
 2833              		@ sp needed
 2834              	.LVL174:
2281:Drivers/STM32F0xx_HAL_Driver/Src/stm32f0xx_hal_uart.c **** 
 2835              		.loc 1 2281 1 view .LVU806
 2836 0098 10BD     		pop	{r4, pc}
 2837              	.L150:
 2838 009a C046     		.align	2
 2839              	.L149:
 2840 009c DFFEFFFF 		.word	-289
 2841 00a0 00000000 		.word	UART_DMARxOnlyAbortCallback
 2842              		.cfi_endproc
 2843              	.LFE60:
 2845              		.section	.text.UART_DMARxOnlyAbortCallback,"ax",%progbits
 2846              		.align	1
 2847              		.syntax unified
 2848              		.code	16
 2849              		.thumb_func
 2850              		.fpu softvfp
 2852              	UART_DMARxOnlyAbortCallback:
 2853              	.LVL175:
 2854              	.LFB98:
3835:Drivers/STM32F0xx_HAL_Driver/Src/stm32f0xx_hal_uart.c ****   UART_HandleTypeDef *huart = (UART_HandleTypeDef *)((DMA_HandleTypeDef *)hdma)->Parent;
 2855              		.loc 1 3835 1 is_stmt 1 view -0
 2856              		.cfi_startproc
 2857              		@ args = 0, pretend = 0, frame = 0
 2858              		@ frame_needed = 0, uses_anonymous_args = 0
3835:Drivers/STM32F0xx_HAL_Driver/Src/stm32f0xx_hal_uart.c ****   UART_HandleTypeDef *huart = (UART_HandleTypeDef *)((DMA_HandleTypeDef *)hdma)->Parent;
 2859              		.loc 1 3835 1 is_stmt 0 view .LVU808
 2860 0000 10B5     		push	{r4, lr}
 2861              	.LCFI19:
 2862              		.cfi_def_cfa_offset 8
 2863              		.cfi_offset 4, -8
 2864              		.cfi_offset 14, -4
3836:Drivers/STM32F0xx_HAL_Driver/Src/stm32f0xx_hal_uart.c **** 
 2865              		.loc 1 3836 3 is_stmt 1 view .LVU809
3836:Drivers/STM32F0xx_HAL_Driver/Src/stm32f0xx_hal_uart.c **** 
 2866              		.loc 1 3836 23 is_stmt 0 view .LVU810
 2867 0002 406A     		ldr	r0, [r0, #36]
 2868              	.LVL176:
3838:Drivers/STM32F0xx_HAL_Driver/Src/stm32f0xx_hal_uart.c **** 
 2869              		.loc 1 3838 3 is_stmt 1 view .LVU811
3838:Drivers/STM32F0xx_HAL_Driver/Src/stm32f0xx_hal_uart.c **** 
 2870              		.loc 1 3838 22 is_stmt 0 view .LVU812
 2871 0004 0022     		movs	r2, #0
 2872 0006 5A23     		movs	r3, #90
 2873 0008 C252     		strh	r2, [r0, r3]
3841:Drivers/STM32F0xx_HAL_Driver/Src/stm32f0xx_hal_uart.c **** 
ARM GAS  C:\Users\MINIGU~1\AppData\Local\Temp\cc3PAC1x.s 			page 133


 2874              		.loc 1 3841 3 is_stmt 1 view .LVU813
 2875 000a 0368     		ldr	r3, [r0]
 2876 000c 0F21     		movs	r1, #15
 2877 000e 1962     		str	r1, [r3, #32]
3844:Drivers/STM32F0xx_HAL_Driver/Src/stm32f0xx_hal_uart.c **** 
 2878              		.loc 1 3844 3 view .LVU814
 2879 0010 0168     		ldr	r1, [r0]
 2880 0012 8B69     		ldr	r3, [r1, #24]
 2881 0014 0824     		movs	r4, #8
 2882 0016 2343     		orrs	r3, r4
 2883 0018 8B61     		str	r3, [r1, #24]
3847:Drivers/STM32F0xx_HAL_Driver/Src/stm32f0xx_hal_uart.c ****   huart->ReceptionType = HAL_UART_RECEPTION_STANDARD;
 2884              		.loc 1 3847 3 view .LVU815
3847:Drivers/STM32F0xx_HAL_Driver/Src/stm32f0xx_hal_uart.c ****   huart->ReceptionType = HAL_UART_RECEPTION_STANDARD;
 2885              		.loc 1 3847 18 is_stmt 0 view .LVU816
 2886 001a 2023     		movs	r3, #32
 2887 001c C367     		str	r3, [r0, #124]
3848:Drivers/STM32F0xx_HAL_Driver/Src/stm32f0xx_hal_uart.c **** 
 2888              		.loc 1 3848 3 is_stmt 1 view .LVU817
3848:Drivers/STM32F0xx_HAL_Driver/Src/stm32f0xx_hal_uart.c **** 
 2889              		.loc 1 3848 24 is_stmt 0 view .LVU818
 2890 001e 0266     		str	r2, [r0, #96]
3856:Drivers/STM32F0xx_HAL_Driver/Src/stm32f0xx_hal_uart.c **** #endif /* USE_HAL_UART_REGISTER_CALLBACKS */
 2891              		.loc 1 3856 3 is_stmt 1 view .LVU819
 2892 0020 FFF7FEFF 		bl	HAL_UART_AbortReceiveCpltCallback
 2893              	.LVL177:
3858:Drivers/STM32F0xx_HAL_Driver/Src/stm32f0xx_hal_uart.c **** 
 2894              		.loc 1 3858 1 is_stmt 0 view .LVU820
 2895              		@ sp needed
 2896 0024 10BD     		pop	{r4, pc}
 2897              		.cfi_endproc
 2898              	.LFE98:
 2900              		.section	.text.HAL_UARTEx_RxEventCallback,"ax",%progbits
 2901              		.align	1
 2902              		.weak	HAL_UARTEx_RxEventCallback
 2903              		.syntax unified
 2904              		.code	16
 2905              		.thumb_func
 2906              		.fpu softvfp
 2908              	HAL_UARTEx_RxEventCallback:
 2909              	.LVL178:
 2910              	.LFB70:
2704:Drivers/STM32F0xx_HAL_Driver/Src/stm32f0xx_hal_uart.c ****   /* Prevent unused argument(s) compilation warning */
 2911              		.loc 1 2704 1 is_stmt 1 view -0
 2912              		.cfi_startproc
 2913              		@ args = 0, pretend = 0, frame = 0
 2914              		@ frame_needed = 0, uses_anonymous_args = 0
 2915              		@ link register save eliminated.
2706:Drivers/STM32F0xx_HAL_Driver/Src/stm32f0xx_hal_uart.c ****   UNUSED(Size);
 2916              		.loc 1 2706 3 view .LVU822
2707:Drivers/STM32F0xx_HAL_Driver/Src/stm32f0xx_hal_uart.c **** 
 2917              		.loc 1 2707 3 view .LVU823
2712:Drivers/STM32F0xx_HAL_Driver/Src/stm32f0xx_hal_uart.c **** 
 2918              		.loc 1 2712 1 is_stmt 0 view .LVU824
 2919              		@ sp needed
 2920 0000 7047     		bx	lr
 2921              		.cfi_endproc
ARM GAS  C:\Users\MINIGU~1\AppData\Local\Temp\cc3PAC1x.s 			page 134


 2922              	.LFE70:
 2924              		.section	.text.HAL_UART_IRQHandler,"ax",%progbits
 2925              		.align	1
 2926              		.global	HAL_UART_IRQHandler
 2927              		.syntax unified
 2928              		.code	16
 2929              		.thumb_func
 2930              		.fpu softvfp
 2932              	HAL_UART_IRQHandler:
 2933              	.LVL179:
 2934              	.LFB61:
2289:Drivers/STM32F0xx_HAL_Driver/Src/stm32f0xx_hal_uart.c ****   uint32_t isrflags   = READ_REG(huart->Instance->ISR);
 2935              		.loc 1 2289 1 is_stmt 1 view -0
 2936              		.cfi_startproc
 2937              		@ args = 0, pretend = 0, frame = 0
 2938              		@ frame_needed = 0, uses_anonymous_args = 0
2289:Drivers/STM32F0xx_HAL_Driver/Src/stm32f0xx_hal_uart.c ****   uint32_t isrflags   = READ_REG(huart->Instance->ISR);
 2939              		.loc 1 2289 1 is_stmt 0 view .LVU826
 2940 0000 70B5     		push	{r4, r5, r6, lr}
 2941              	.LCFI20:
 2942              		.cfi_def_cfa_offset 16
 2943              		.cfi_offset 4, -16
 2944              		.cfi_offset 5, -12
 2945              		.cfi_offset 6, -8
 2946              		.cfi_offset 14, -4
 2947 0002 0400     		movs	r4, r0
2290:Drivers/STM32F0xx_HAL_Driver/Src/stm32f0xx_hal_uart.c ****   uint32_t cr1its     = READ_REG(huart->Instance->CR1);
 2948              		.loc 1 2290 3 is_stmt 1 view .LVU827
2290:Drivers/STM32F0xx_HAL_Driver/Src/stm32f0xx_hal_uart.c ****   uint32_t cr1its     = READ_REG(huart->Instance->CR1);
 2949              		.loc 1 2290 25 is_stmt 0 view .LVU828
 2950 0004 0268     		ldr	r2, [r0]
2290:Drivers/STM32F0xx_HAL_Driver/Src/stm32f0xx_hal_uart.c ****   uint32_t cr1its     = READ_REG(huart->Instance->CR1);
 2951              		.loc 1 2290 12 view .LVU829
 2952 0006 D369     		ldr	r3, [r2, #28]
 2953              	.LVL180:
2291:Drivers/STM32F0xx_HAL_Driver/Src/stm32f0xx_hal_uart.c ****   uint32_t cr3its     = READ_REG(huart->Instance->CR3);
 2954              		.loc 1 2291 3 is_stmt 1 view .LVU830
2291:Drivers/STM32F0xx_HAL_Driver/Src/stm32f0xx_hal_uart.c ****   uint32_t cr3its     = READ_REG(huart->Instance->CR3);
 2955              		.loc 1 2291 12 is_stmt 0 view .LVU831
 2956 0008 1068     		ldr	r0, [r2]
 2957              	.LVL181:
2292:Drivers/STM32F0xx_HAL_Driver/Src/stm32f0xx_hal_uart.c **** 
 2958              		.loc 1 2292 3 is_stmt 1 view .LVU832
2292:Drivers/STM32F0xx_HAL_Driver/Src/stm32f0xx_hal_uart.c **** 
 2959              		.loc 1 2292 12 is_stmt 0 view .LVU833
 2960 000a 9668     		ldr	r6, [r2, #8]
 2961              	.LVL182:
2294:Drivers/STM32F0xx_HAL_Driver/Src/stm32f0xx_hal_uart.c ****   uint32_t errorcode;
 2962              		.loc 1 2294 3 is_stmt 1 view .LVU834
2295:Drivers/STM32F0xx_HAL_Driver/Src/stm32f0xx_hal_uart.c **** 
 2963              		.loc 1 2295 3 view .LVU835
2298:Drivers/STM32F0xx_HAL_Driver/Src/stm32f0xx_hal_uart.c ****   if (errorflags == 0U)
 2964              		.loc 1 2298 3 view .LVU836
2298:Drivers/STM32F0xx_HAL_Driver/Src/stm32f0xx_hal_uart.c ****   if (errorflags == 0U)
 2965              		.loc 1 2298 14 is_stmt 0 view .LVU837
 2966 000c 8B49     		ldr	r1, .L183
 2967 000e 1D00     		movs	r5, r3
ARM GAS  C:\Users\MINIGU~1\AppData\Local\Temp\cc3PAC1x.s 			page 135


 2968 0010 0D40     		ands	r5, r1
 2969              	.LVL183:
2299:Drivers/STM32F0xx_HAL_Driver/Src/stm32f0xx_hal_uart.c ****   {
 2970              		.loc 1 2299 3 is_stmt 1 view .LVU838
2299:Drivers/STM32F0xx_HAL_Driver/Src/stm32f0xx_hal_uart.c ****   {
 2971              		.loc 1 2299 6 is_stmt 0 view .LVU839
 2972 0012 0B42     		tst	r3, r1
 2973 0014 03D1     		bne	.L154
2302:Drivers/STM32F0xx_HAL_Driver/Src/stm32f0xx_hal_uart.c ****         && ((cr1its & USART_CR1_RXNEIE) != 0U))
 2974              		.loc 1 2302 5 is_stmt 1 view .LVU840
2302:Drivers/STM32F0xx_HAL_Driver/Src/stm32f0xx_hal_uart.c ****         && ((cr1its & USART_CR1_RXNEIE) != 0U))
 2975              		.loc 1 2302 8 is_stmt 0 view .LVU841
 2976 0016 9906     		lsls	r1, r3, #26
 2977 0018 01D5     		bpl	.L154
2303:Drivers/STM32F0xx_HAL_Driver/Src/stm32f0xx_hal_uart.c ****     {
 2978              		.loc 1 2303 9 view .LVU842
 2979 001a 8106     		lsls	r1, r0, #26
 2980 001c 18D4     		bmi	.L178
 2981              	.L154:
2314:Drivers/STM32F0xx_HAL_Driver/Src/stm32f0xx_hal_uart.c ****       && (((cr3its & USART_CR3_EIE) != 0U)
 2982              		.loc 1 2314 3 is_stmt 1 view .LVU843
2314:Drivers/STM32F0xx_HAL_Driver/Src/stm32f0xx_hal_uart.c ****       && (((cr3its & USART_CR3_EIE) != 0U)
 2983              		.loc 1 2314 6 is_stmt 0 view .LVU844
 2984 001e 002D     		cmp	r5, #0
 2985 0020 07D0     		beq	.L157
2315:Drivers/STM32F0xx_HAL_Driver/Src/stm32f0xx_hal_uart.c ****           || ((cr1its & (USART_CR1_RXNEIE | USART_CR1_PEIE | USART_CR1_RTOIE)) != 0U)))
 2986              		.loc 1 2315 20 view .LVU845
 2987 0022 0121     		movs	r1, #1
 2988 0024 0D00     		movs	r5, r1
 2989              	.LVL184:
2315:Drivers/STM32F0xx_HAL_Driver/Src/stm32f0xx_hal_uart.c ****           || ((cr1its & (USART_CR1_RXNEIE | USART_CR1_PEIE | USART_CR1_RTOIE)) != 0U)))
 2990              		.loc 1 2315 20 view .LVU846
 2991 0026 3540     		ands	r5, r6
2315:Drivers/STM32F0xx_HAL_Driver/Src/stm32f0xx_hal_uart.c ****           || ((cr1its & (USART_CR1_RXNEIE | USART_CR1_PEIE | USART_CR1_RTOIE)) != 0U)))
 2992              		.loc 1 2315 7 view .LVU847
 2993 0028 3142     		tst	r1, r6
 2994 002a 17D1     		bne	.L158
2316:Drivers/STM32F0xx_HAL_Driver/Src/stm32f0xx_hal_uart.c ****   {
 2995              		.loc 1 2316 23 view .LVU848
 2996 002c 8449     		ldr	r1, .L183+4
2316:Drivers/STM32F0xx_HAL_Driver/Src/stm32f0xx_hal_uart.c ****   {
 2997              		.loc 1 2316 11 view .LVU849
 2998 002e 0842     		tst	r0, r1
 2999 0030 14D1     		bne	.L158
 3000              	.L157:
2451:Drivers/STM32F0xx_HAL_Driver/Src/stm32f0xx_hal_uart.c ****       &&((isrflags & USART_ISR_IDLE) != 0U)
 3001              		.loc 1 2451 3 is_stmt 1 view .LVU850
2451:Drivers/STM32F0xx_HAL_Driver/Src/stm32f0xx_hal_uart.c ****       &&((isrflags & USART_ISR_IDLE) != 0U)
 3002              		.loc 1 2451 15 is_stmt 0 view .LVU851
 3003 0032 216E     		ldr	r1, [r4, #96]
2451:Drivers/STM32F0xx_HAL_Driver/Src/stm32f0xx_hal_uart.c ****       &&((isrflags & USART_ISR_IDLE) != 0U)
 3004              		.loc 1 2451 6 view .LVU852
 3005 0034 0129     		cmp	r1, #1
 3006 0036 00D1     		bne	.LCB2494
 3007 0038 8BE0     		b	.L179	@long jump
 3008              	.LCB2494:
 3009              	.L171:
ARM GAS  C:\Users\MINIGU~1\AppData\Local\Temp\cc3PAC1x.s 			page 136


2557:Drivers/STM32F0xx_HAL_Driver/Src/stm32f0xx_hal_uart.c ****       && ((cr1its & USART_CR1_TXEIE) != 0U))
 3010              		.loc 1 2557 3 is_stmt 1 view .LVU853
2557:Drivers/STM32F0xx_HAL_Driver/Src/stm32f0xx_hal_uart.c ****       && ((cr1its & USART_CR1_TXEIE) != 0U))
 3011              		.loc 1 2557 6 is_stmt 0 view .LVU854
 3012 003a 1A06     		lsls	r2, r3, #24
 3013 003c 02D5     		bpl	.L176
2558:Drivers/STM32F0xx_HAL_Driver/Src/stm32f0xx_hal_uart.c ****   {
 3014              		.loc 1 2558 7 view .LVU855
 3015 003e 0206     		lsls	r2, r0, #24
 3016 0040 00D5     		bpl	.LCB2504
 3017 0042 EFE0     		b	.L180	@long jump
 3018              	.LCB2504:
 3019              	.L176:
2568:Drivers/STM32F0xx_HAL_Driver/Src/stm32f0xx_hal_uart.c ****   {
 3020              		.loc 1 2568 3 is_stmt 1 view .LVU856
2568:Drivers/STM32F0xx_HAL_Driver/Src/stm32f0xx_hal_uart.c ****   {
 3021              		.loc 1 2568 6 is_stmt 0 view .LVU857
 3022 0044 5B06     		lsls	r3, r3, #25
 3023 0046 02D5     		bpl	.L153
 3024              	.LVL185:
2568:Drivers/STM32F0xx_HAL_Driver/Src/stm32f0xx_hal_uart.c ****   {
 3025              		.loc 1 2568 41 discriminator 1 view .LVU858
 3026 0048 4306     		lsls	r3, r0, #25
 3027 004a 00D5     		bpl	.LCB2516
 3028 004c F1E0     		b	.L181	@long jump
 3029              	.LCB2516:
 3030              	.LVL186:
 3031              	.L153:
2574:Drivers/STM32F0xx_HAL_Driver/Src/stm32f0xx_hal_uart.c **** 
 3032              		.loc 1 2574 1 view .LVU859
 3033              		@ sp needed
 3034              	.LVL187:
2574:Drivers/STM32F0xx_HAL_Driver/Src/stm32f0xx_hal_uart.c **** 
 3035              		.loc 1 2574 1 view .LVU860
 3036 004e 70BD     		pop	{r4, r5, r6, pc}
 3037              	.LVL188:
 3038              	.L178:
2305:Drivers/STM32F0xx_HAL_Driver/Src/stm32f0xx_hal_uart.c ****       {
 3039              		.loc 1 2305 7 is_stmt 1 view .LVU861
2305:Drivers/STM32F0xx_HAL_Driver/Src/stm32f0xx_hal_uart.c ****       {
 3040              		.loc 1 2305 16 is_stmt 0 view .LVU862
 3041 0050 636E     		ldr	r3, [r4, #100]
 3042              	.LVL189:
2305:Drivers/STM32F0xx_HAL_Driver/Src/stm32f0xx_hal_uart.c ****       {
 3043              		.loc 1 2305 10 view .LVU863
 3044 0052 002B     		cmp	r3, #0
 3045 0054 FBD0     		beq	.L153
2307:Drivers/STM32F0xx_HAL_Driver/Src/stm32f0xx_hal_uart.c ****       }
 3046              		.loc 1 2307 9 is_stmt 1 view .LVU864
 3047 0056 2000     		movs	r0, r4
 3048              	.LVL190:
2307:Drivers/STM32F0xx_HAL_Driver/Src/stm32f0xx_hal_uart.c ****       }
 3049              		.loc 1 2307 9 is_stmt 0 view .LVU865
 3050 0058 9847     		blx	r3
 3051              	.LVL191:
2309:Drivers/STM32F0xx_HAL_Driver/Src/stm32f0xx_hal_uart.c ****     }
 3052              		.loc 1 2309 7 is_stmt 1 view .LVU866
ARM GAS  C:\Users\MINIGU~1\AppData\Local\Temp\cc3PAC1x.s 			page 137


 3053 005a F8E7     		b	.L153
 3054              	.LVL192:
 3055              	.L158:
2319:Drivers/STM32F0xx_HAL_Driver/Src/stm32f0xx_hal_uart.c ****     {
 3056              		.loc 1 2319 5 view .LVU867
2319:Drivers/STM32F0xx_HAL_Driver/Src/stm32f0xx_hal_uart.c ****     {
 3057              		.loc 1 2319 8 is_stmt 0 view .LVU868
 3058 005c D907     		lsls	r1, r3, #31
 3059 005e 07D5     		bpl	.L159
2319:Drivers/STM32F0xx_HAL_Driver/Src/stm32f0xx_hal_uart.c ****     {
 3060              		.loc 1 2319 43 discriminator 1 view .LVU869
 3061 0060 C105     		lsls	r1, r0, #23
 3062 0062 05D5     		bpl	.L159
2321:Drivers/STM32F0xx_HAL_Driver/Src/stm32f0xx_hal_uart.c **** 
 3063              		.loc 1 2321 7 is_stmt 1 view .LVU870
 3064 0064 0126     		movs	r6, #1
 3065              	.LVL193:
2321:Drivers/STM32F0xx_HAL_Driver/Src/stm32f0xx_hal_uart.c **** 
 3066              		.loc 1 2321 7 is_stmt 0 view .LVU871
 3067 0066 1662     		str	r6, [r2, #32]
2323:Drivers/STM32F0xx_HAL_Driver/Src/stm32f0xx_hal_uart.c ****     }
 3068              		.loc 1 2323 7 is_stmt 1 view .LVU872
2323:Drivers/STM32F0xx_HAL_Driver/Src/stm32f0xx_hal_uart.c ****     }
 3069              		.loc 1 2323 24 is_stmt 0 view .LVU873
 3070 0068 8021     		movs	r1, #128
 3071 006a 6258     		ldr	r2, [r4, r1]
 3072 006c 3243     		orrs	r2, r6
 3073 006e 6250     		str	r2, [r4, r1]
 3074              	.L159:
2327:Drivers/STM32F0xx_HAL_Driver/Src/stm32f0xx_hal_uart.c ****     {
 3075              		.loc 1 2327 5 is_stmt 1 view .LVU874
2327:Drivers/STM32F0xx_HAL_Driver/Src/stm32f0xx_hal_uart.c ****     {
 3076              		.loc 1 2327 8 is_stmt 0 view .LVU875
 3077 0070 9A07     		lsls	r2, r3, #30
 3078 0072 09D5     		bpl	.L160
2327:Drivers/STM32F0xx_HAL_Driver/Src/stm32f0xx_hal_uart.c ****     {
 3079              		.loc 1 2327 43 discriminator 1 view .LVU876
 3080 0074 002D     		cmp	r5, #0
 3081 0076 07D0     		beq	.L160
2329:Drivers/STM32F0xx_HAL_Driver/Src/stm32f0xx_hal_uart.c **** 
 3082              		.loc 1 2329 7 is_stmt 1 view .LVU877
 3083 0078 2268     		ldr	r2, [r4]
 3084 007a 0221     		movs	r1, #2
 3085 007c 1162     		str	r1, [r2, #32]
2331:Drivers/STM32F0xx_HAL_Driver/Src/stm32f0xx_hal_uart.c ****     }
 3086              		.loc 1 2331 7 view .LVU878
2331:Drivers/STM32F0xx_HAL_Driver/Src/stm32f0xx_hal_uart.c ****     }
 3087              		.loc 1 2331 24 is_stmt 0 view .LVU879
 3088 007e 7E31     		adds	r1, r1, #126
 3089 0080 6258     		ldr	r2, [r4, r1]
 3090 0082 0426     		movs	r6, #4
 3091 0084 3243     		orrs	r2, r6
 3092 0086 6250     		str	r2, [r4, r1]
 3093              	.L160:
2335:Drivers/STM32F0xx_HAL_Driver/Src/stm32f0xx_hal_uart.c ****     {
 3094              		.loc 1 2335 5 is_stmt 1 view .LVU880
2335:Drivers/STM32F0xx_HAL_Driver/Src/stm32f0xx_hal_uart.c ****     {
ARM GAS  C:\Users\MINIGU~1\AppData\Local\Temp\cc3PAC1x.s 			page 138


 3095              		.loc 1 2335 8 is_stmt 0 view .LVU881
 3096 0088 5A07     		lsls	r2, r3, #29
 3097 008a 09D5     		bpl	.L161
2335:Drivers/STM32F0xx_HAL_Driver/Src/stm32f0xx_hal_uart.c ****     {
 3098              		.loc 1 2335 43 discriminator 1 view .LVU882
 3099 008c 002D     		cmp	r5, #0
 3100 008e 07D0     		beq	.L161
2337:Drivers/STM32F0xx_HAL_Driver/Src/stm32f0xx_hal_uart.c **** 
 3101              		.loc 1 2337 7 is_stmt 1 view .LVU883
 3102 0090 2268     		ldr	r2, [r4]
 3103 0092 0421     		movs	r1, #4
 3104 0094 1162     		str	r1, [r2, #32]
2339:Drivers/STM32F0xx_HAL_Driver/Src/stm32f0xx_hal_uart.c ****     }
 3105              		.loc 1 2339 7 view .LVU884
2339:Drivers/STM32F0xx_HAL_Driver/Src/stm32f0xx_hal_uart.c ****     }
 3106              		.loc 1 2339 24 is_stmt 0 view .LVU885
 3107 0096 7C31     		adds	r1, r1, #124
 3108 0098 6258     		ldr	r2, [r4, r1]
 3109 009a 0226     		movs	r6, #2
 3110 009c 3243     		orrs	r2, r6
 3111 009e 6250     		str	r2, [r4, r1]
 3112              	.L161:
2343:Drivers/STM32F0xx_HAL_Driver/Src/stm32f0xx_hal_uart.c ****         && (((cr1its & USART_CR1_RXNEIE) != 0U) ||
 3113              		.loc 1 2343 5 is_stmt 1 view .LVU886
2343:Drivers/STM32F0xx_HAL_Driver/Src/stm32f0xx_hal_uart.c ****         && (((cr1its & USART_CR1_RXNEIE) != 0U) ||
 3114              		.loc 1 2343 8 is_stmt 0 view .LVU887
 3115 00a0 1A07     		lsls	r2, r3, #28
 3116 00a2 0AD5     		bpl	.L162
2344:Drivers/STM32F0xx_HAL_Driver/Src/stm32f0xx_hal_uart.c ****             ((cr3its & USART_CR3_EIE) != 0U)))
 3117              		.loc 1 2344 9 view .LVU888
 3118 00a4 8206     		lsls	r2, r0, #26
 3119 00a6 01D4     		bmi	.L163
2344:Drivers/STM32F0xx_HAL_Driver/Src/stm32f0xx_hal_uart.c ****             ((cr3its & USART_CR3_EIE) != 0U)))
 3120              		.loc 1 2344 49 discriminator 1 view .LVU889
 3121 00a8 002D     		cmp	r5, #0
 3122 00aa 06D0     		beq	.L162
 3123              	.L163:
2347:Drivers/STM32F0xx_HAL_Driver/Src/stm32f0xx_hal_uart.c **** 
 3124              		.loc 1 2347 7 is_stmt 1 view .LVU890
 3125 00ac 2268     		ldr	r2, [r4]
 3126 00ae 0825     		movs	r5, #8
 3127 00b0 1562     		str	r5, [r2, #32]
2349:Drivers/STM32F0xx_HAL_Driver/Src/stm32f0xx_hal_uart.c ****     }
 3128              		.loc 1 2349 7 view .LVU891
2349:Drivers/STM32F0xx_HAL_Driver/Src/stm32f0xx_hal_uart.c ****     }
 3129              		.loc 1 2349 24 is_stmt 0 view .LVU892
 3130 00b2 8021     		movs	r1, #128
 3131 00b4 6258     		ldr	r2, [r4, r1]
 3132 00b6 2A43     		orrs	r2, r5
 3133 00b8 6250     		str	r2, [r4, r1]
 3134              	.L162:
2353:Drivers/STM32F0xx_HAL_Driver/Src/stm32f0xx_hal_uart.c ****     {
 3135              		.loc 1 2353 5 is_stmt 1 view .LVU893
2353:Drivers/STM32F0xx_HAL_Driver/Src/stm32f0xx_hal_uart.c ****     {
 3136              		.loc 1 2353 8 is_stmt 0 view .LVU894
 3137 00ba 1A05     		lsls	r2, r3, #20
 3138 00bc 0AD5     		bpl	.L164
ARM GAS  C:\Users\MINIGU~1\AppData\Local\Temp\cc3PAC1x.s 			page 139


2353:Drivers/STM32F0xx_HAL_Driver/Src/stm32f0xx_hal_uart.c ****     {
 3139              		.loc 1 2353 45 discriminator 1 view .LVU895
 3140 00be 4201     		lsls	r2, r0, #5
 3141 00c0 08D5     		bpl	.L164
2355:Drivers/STM32F0xx_HAL_Driver/Src/stm32f0xx_hal_uart.c **** 
 3142              		.loc 1 2355 7 is_stmt 1 view .LVU896
 3143 00c2 2268     		ldr	r2, [r4]
 3144 00c4 8021     		movs	r1, #128
 3145 00c6 0901     		lsls	r1, r1, #4
 3146 00c8 1162     		str	r1, [r2, #32]
2357:Drivers/STM32F0xx_HAL_Driver/Src/stm32f0xx_hal_uart.c ****     }
 3147              		.loc 1 2357 7 view .LVU897
2357:Drivers/STM32F0xx_HAL_Driver/Src/stm32f0xx_hal_uart.c ****     }
 3148              		.loc 1 2357 24 is_stmt 0 view .LVU898
 3149 00ca 8021     		movs	r1, #128
 3150 00cc 6258     		ldr	r2, [r4, r1]
 3151 00ce 2025     		movs	r5, #32
 3152 00d0 2A43     		orrs	r2, r5
 3153 00d2 6250     		str	r2, [r4, r1]
 3154              	.L164:
2361:Drivers/STM32F0xx_HAL_Driver/Src/stm32f0xx_hal_uart.c ****     {
 3155              		.loc 1 2361 5 is_stmt 1 view .LVU899
2361:Drivers/STM32F0xx_HAL_Driver/Src/stm32f0xx_hal_uart.c ****     {
 3156              		.loc 1 2361 14 is_stmt 0 view .LVU900
 3157 00d4 8022     		movs	r2, #128
 3158 00d6 A258     		ldr	r2, [r4, r2]
2361:Drivers/STM32F0xx_HAL_Driver/Src/stm32f0xx_hal_uart.c ****     {
 3159              		.loc 1 2361 8 view .LVU901
 3160 00d8 002A     		cmp	r2, #0
 3161 00da B8D0     		beq	.L153
2364:Drivers/STM32F0xx_HAL_Driver/Src/stm32f0xx_hal_uart.c ****           && ((cr1its & USART_CR1_RXNEIE) != 0U))
 3162              		.loc 1 2364 7 is_stmt 1 view .LVU902
2364:Drivers/STM32F0xx_HAL_Driver/Src/stm32f0xx_hal_uart.c ****           && ((cr1its & USART_CR1_RXNEIE) != 0U))
 3163              		.loc 1 2364 10 is_stmt 0 view .LVU903
 3164 00dc 9B06     		lsls	r3, r3, #26
 3165 00de 06D5     		bpl	.L166
 3166              	.LVL194:
2365:Drivers/STM32F0xx_HAL_Driver/Src/stm32f0xx_hal_uart.c ****       {
 3167              		.loc 1 2365 11 view .LVU904
 3168 00e0 8306     		lsls	r3, r0, #26
 3169 00e2 04D5     		bpl	.L166
2367:Drivers/STM32F0xx_HAL_Driver/Src/stm32f0xx_hal_uart.c ****         {
 3170              		.loc 1 2367 9 is_stmt 1 view .LVU905
2367:Drivers/STM32F0xx_HAL_Driver/Src/stm32f0xx_hal_uart.c ****         {
 3171              		.loc 1 2367 18 is_stmt 0 view .LVU906
 3172 00e4 636E     		ldr	r3, [r4, #100]
2367:Drivers/STM32F0xx_HAL_Driver/Src/stm32f0xx_hal_uart.c ****         {
 3173              		.loc 1 2367 12 view .LVU907
 3174 00e6 002B     		cmp	r3, #0
 3175 00e8 01D0     		beq	.L166
2369:Drivers/STM32F0xx_HAL_Driver/Src/stm32f0xx_hal_uart.c ****         }
 3176              		.loc 1 2369 11 is_stmt 1 view .LVU908
 3177 00ea 2000     		movs	r0, r4
 3178              	.LVL195:
2369:Drivers/STM32F0xx_HAL_Driver/Src/stm32f0xx_hal_uart.c ****         }
 3179              		.loc 1 2369 11 is_stmt 0 view .LVU909
 3180 00ec 9847     		blx	r3
ARM GAS  C:\Users\MINIGU~1\AppData\Local\Temp\cc3PAC1x.s 			page 140


 3181              	.LVL196:
 3182              	.L166:
2378:Drivers/STM32F0xx_HAL_Driver/Src/stm32f0xx_hal_uart.c ****       if ((HAL_IS_BIT_SET(huart->Instance->CR3, USART_CR3_DMAR)) ||
 3183              		.loc 1 2378 7 is_stmt 1 view .LVU910
2378:Drivers/STM32F0xx_HAL_Driver/Src/stm32f0xx_hal_uart.c ****       if ((HAL_IS_BIT_SET(huart->Instance->CR3, USART_CR3_DMAR)) ||
 3184              		.loc 1 2378 17 is_stmt 0 view .LVU911
 3185 00ee 8023     		movs	r3, #128
 3186 00f0 E258     		ldr	r2, [r4, r3]
 3187              	.LVL197:
2379:Drivers/STM32F0xx_HAL_Driver/Src/stm32f0xx_hal_uart.c ****           ((errorcode & (HAL_UART_ERROR_RTO | HAL_UART_ERROR_ORE)) != 0U))
 3188              		.loc 1 2379 7 is_stmt 1 view .LVU912
2379:Drivers/STM32F0xx_HAL_Driver/Src/stm32f0xx_hal_uart.c ****           ((errorcode & (HAL_UART_ERROR_RTO | HAL_UART_ERROR_ORE)) != 0U))
 3189              		.loc 1 2379 12 is_stmt 0 view .LVU913
 3190 00f2 2368     		ldr	r3, [r4]
 3191 00f4 9B68     		ldr	r3, [r3, #8]
2379:Drivers/STM32F0xx_HAL_Driver/Src/stm32f0xx_hal_uart.c ****           ((errorcode & (HAL_UART_ERROR_RTO | HAL_UART_ERROR_ORE)) != 0U))
 3192              		.loc 1 2379 10 view .LVU914
 3193 00f6 5B06     		lsls	r3, r3, #25
 3194 00f8 02D4     		bmi	.L167
2380:Drivers/STM32F0xx_HAL_Driver/Src/stm32f0xx_hal_uart.c ****       {
 3195              		.loc 1 2380 23 discriminator 1 view .LVU915
 3196 00fa 2823     		movs	r3, #40
2379:Drivers/STM32F0xx_HAL_Driver/Src/stm32f0xx_hal_uart.c ****           ((errorcode & (HAL_UART_ERROR_RTO | HAL_UART_ERROR_ORE)) != 0U))
 3197              		.loc 1 2379 66 discriminator 1 view .LVU916
 3198 00fc 1342     		tst	r3, r2
 3199 00fe 21D0     		beq	.L168
 3200              	.L167:
2385:Drivers/STM32F0xx_HAL_Driver/Src/stm32f0xx_hal_uart.c **** 
 3201              		.loc 1 2385 9 is_stmt 1 view .LVU917
 3202 0100 2000     		movs	r0, r4
 3203 0102 FFF7FEFF 		bl	UART_EndRxTransfer
 3204              	.LVL198:
2388:Drivers/STM32F0xx_HAL_Driver/Src/stm32f0xx_hal_uart.c ****         {
 3205              		.loc 1 2388 9 view .LVU918
2388:Drivers/STM32F0xx_HAL_Driver/Src/stm32f0xx_hal_uart.c ****         {
 3206              		.loc 1 2388 13 is_stmt 0 view .LVU919
 3207 0106 2368     		ldr	r3, [r4]
 3208 0108 9A68     		ldr	r2, [r3, #8]
2388:Drivers/STM32F0xx_HAL_Driver/Src/stm32f0xx_hal_uart.c ****         {
 3209              		.loc 1 2388 12 view .LVU920
 3210 010a 5206     		lsls	r2, r2, #25
 3211 010c 16D5     		bpl	.L169
2390:Drivers/STM32F0xx_HAL_Driver/Src/stm32f0xx_hal_uart.c **** 
 3212              		.loc 1 2390 11 is_stmt 1 view .LVU921
 3213 010e 9A68     		ldr	r2, [r3, #8]
 3214 0110 4021     		movs	r1, #64
 3215 0112 8A43     		bics	r2, r1
 3216 0114 9A60     		str	r2, [r3, #8]
2393:Drivers/STM32F0xx_HAL_Driver/Src/stm32f0xx_hal_uart.c ****           {
 3217              		.loc 1 2393 11 view .LVU922
2393:Drivers/STM32F0xx_HAL_Driver/Src/stm32f0xx_hal_uart.c ****           {
 3218              		.loc 1 2393 20 is_stmt 0 view .LVU923
 3219 0116 236F     		ldr	r3, [r4, #112]
2393:Drivers/STM32F0xx_HAL_Driver/Src/stm32f0xx_hal_uart.c ****           {
 3220              		.loc 1 2393 14 view .LVU924
 3221 0118 002B     		cmp	r3, #0
 3222 011a 0BD0     		beq	.L170
ARM GAS  C:\Users\MINIGU~1\AppData\Local\Temp\cc3PAC1x.s 			page 141


2397:Drivers/STM32F0xx_HAL_Driver/Src/stm32f0xx_hal_uart.c **** 
 3223              		.loc 1 2397 13 is_stmt 1 view .LVU925
2397:Drivers/STM32F0xx_HAL_Driver/Src/stm32f0xx_hal_uart.c **** 
 3224              		.loc 1 2397 46 is_stmt 0 view .LVU926
 3225 011c 494A     		ldr	r2, .L183+8
 3226 011e 5A63     		str	r2, [r3, #52]
2400:Drivers/STM32F0xx_HAL_Driver/Src/stm32f0xx_hal_uart.c ****             {
 3227              		.loc 1 2400 13 is_stmt 1 view .LVU927
2400:Drivers/STM32F0xx_HAL_Driver/Src/stm32f0xx_hal_uart.c ****             {
 3228              		.loc 1 2400 17 is_stmt 0 view .LVU928
 3229 0120 206F     		ldr	r0, [r4, #112]
 3230 0122 FFF7FEFF 		bl	HAL_DMA_Abort_IT
 3231              	.LVL199:
2400:Drivers/STM32F0xx_HAL_Driver/Src/stm32f0xx_hal_uart.c ****             {
 3232              		.loc 1 2400 16 view .LVU929
 3233 0126 0028     		cmp	r0, #0
 3234 0128 00D1     		bne	.LCB2734
 3235 012a 90E7     		b	.L153	@long jump
 3236              	.LCB2734:
2403:Drivers/STM32F0xx_HAL_Driver/Src/stm32f0xx_hal_uart.c ****             }
 3237              		.loc 1 2403 15 is_stmt 1 view .LVU930
2403:Drivers/STM32F0xx_HAL_Driver/Src/stm32f0xx_hal_uart.c ****             }
 3238              		.loc 1 2403 20 is_stmt 0 view .LVU931
 3239 012c 206F     		ldr	r0, [r4, #112]
2403:Drivers/STM32F0xx_HAL_Driver/Src/stm32f0xx_hal_uart.c ****             }
 3240              		.loc 1 2403 28 view .LVU932
 3241 012e 436B     		ldr	r3, [r0, #52]
2403:Drivers/STM32F0xx_HAL_Driver/Src/stm32f0xx_hal_uart.c ****             }
 3242              		.loc 1 2403 15 view .LVU933
 3243 0130 9847     		blx	r3
 3244              	.LVL200:
 3245 0132 8CE7     		b	.L153
 3246              	.L170:
2414:Drivers/STM32F0xx_HAL_Driver/Src/stm32f0xx_hal_uart.c **** #endif /* USE_HAL_UART_REGISTER_CALLBACKS */
 3247              		.loc 1 2414 13 is_stmt 1 view .LVU934
 3248 0134 2000     		movs	r0, r4
 3249 0136 FFF7FEFF 		bl	HAL_UART_ErrorCallback
 3250              	.LVL201:
 3251 013a 88E7     		b	.L153
 3252              	.L169:
2427:Drivers/STM32F0xx_HAL_Driver/Src/stm32f0xx_hal_uart.c **** #endif /* USE_HAL_UART_REGISTER_CALLBACKS */
 3253              		.loc 1 2427 11 view .LVU935
 3254 013c 2000     		movs	r0, r4
 3255 013e FFF7FEFF 		bl	HAL_UART_ErrorCallback
 3256              	.LVL202:
 3257 0142 84E7     		b	.L153
 3258              	.LVL203:
 3259              	.L168:
2440:Drivers/STM32F0xx_HAL_Driver/Src/stm32f0xx_hal_uart.c **** #endif /* USE_HAL_UART_REGISTER_CALLBACKS */
 3260              		.loc 1 2440 9 view .LVU936
 3261 0144 2000     		movs	r0, r4
 3262 0146 FFF7FEFF 		bl	HAL_UART_ErrorCallback
 3263              	.LVL204:
2442:Drivers/STM32F0xx_HAL_Driver/Src/stm32f0xx_hal_uart.c ****       }
 3264              		.loc 1 2442 9 view .LVU937
2442:Drivers/STM32F0xx_HAL_Driver/Src/stm32f0xx_hal_uart.c ****       }
 3265              		.loc 1 2442 26 is_stmt 0 view .LVU938
ARM GAS  C:\Users\MINIGU~1\AppData\Local\Temp\cc3PAC1x.s 			page 142


 3266 014a 8023     		movs	r3, #128
 3267 014c 0022     		movs	r2, #0
 3268 014e E250     		str	r2, [r4, r3]
2445:Drivers/STM32F0xx_HAL_Driver/Src/stm32f0xx_hal_uart.c **** 
 3269              		.loc 1 2445 5 is_stmt 1 view .LVU939
 3270 0150 7DE7     		b	.L153
 3271              	.LVL205:
 3272              	.L179:
2452:Drivers/STM32F0xx_HAL_Driver/Src/stm32f0xx_hal_uart.c ****       &&((cr1its & USART_ISR_IDLE) != 0U))
 3273              		.loc 1 2452 7 is_stmt 0 view .LVU940
 3274 0152 D906     		lsls	r1, r3, #27
 3275 0154 00D4     		bmi	.LCB2782
 3276 0156 70E7     		b	.L171	@long jump
 3277              	.LCB2782:
2453:Drivers/STM32F0xx_HAL_Driver/Src/stm32f0xx_hal_uart.c ****   {
 3278              		.loc 1 2453 7 view .LVU941
 3279 0158 C106     		lsls	r1, r0, #27
 3280 015a 00D4     		bmi	.LCB2786
 3281 015c 6DE7     		b	.L171	@long jump
 3282              	.LCB2786:
2455:Drivers/STM32F0xx_HAL_Driver/Src/stm32f0xx_hal_uart.c **** 
 3283              		.loc 1 2455 5 is_stmt 1 view .LVU942
 3284 015e 1023     		movs	r3, #16
 3285              	.LVL206:
2455:Drivers/STM32F0xx_HAL_Driver/Src/stm32f0xx_hal_uart.c **** 
 3286              		.loc 1 2455 5 is_stmt 0 view .LVU943
 3287 0160 1362     		str	r3, [r2, #32]
2458:Drivers/STM32F0xx_HAL_Driver/Src/stm32f0xx_hal_uart.c ****     {
 3288              		.loc 1 2458 5 is_stmt 1 view .LVU944
2458:Drivers/STM32F0xx_HAL_Driver/Src/stm32f0xx_hal_uart.c ****     {
 3289              		.loc 1 2458 9 is_stmt 0 view .LVU945
 3290 0162 2268     		ldr	r2, [r4]
 3291 0164 9368     		ldr	r3, [r2, #8]
2458:Drivers/STM32F0xx_HAL_Driver/Src/stm32f0xx_hal_uart.c ****     {
 3292              		.loc 1 2458 8 view .LVU946
 3293 0166 5B06     		lsls	r3, r3, #25
 3294 0168 36D5     		bpl	.L172
 3295              	.LBB2:
2464:Drivers/STM32F0xx_HAL_Driver/Src/stm32f0xx_hal_uart.c ****       if (  (nb_remaining_rx_data > 0U)
 3296              		.loc 1 2464 7 is_stmt 1 view .LVU947
2464:Drivers/STM32F0xx_HAL_Driver/Src/stm32f0xx_hal_uart.c ****       if (  (nb_remaining_rx_data > 0U)
 3297              		.loc 1 2464 50 is_stmt 0 view .LVU948
 3298 016a 216F     		ldr	r1, [r4, #112]
 3299 016c 0B68     		ldr	r3, [r1]
 3300 016e 5B68     		ldr	r3, [r3, #4]
2464:Drivers/STM32F0xx_HAL_Driver/Src/stm32f0xx_hal_uart.c ****       if (  (nb_remaining_rx_data > 0U)
 3301              		.loc 1 2464 16 view .LVU949
 3302 0170 9BB2     		uxth	r3, r3
 3303              	.LVL207:
2465:Drivers/STM32F0xx_HAL_Driver/Src/stm32f0xx_hal_uart.c ****           &&(nb_remaining_rx_data < huart->RxXferSize))
 3304              		.loc 1 2465 7 is_stmt 1 view .LVU950
2465:Drivers/STM32F0xx_HAL_Driver/Src/stm32f0xx_hal_uart.c ****           &&(nb_remaining_rx_data < huart->RxXferSize))
 3305              		.loc 1 2465 10 is_stmt 0 view .LVU951
 3306 0172 002B     		cmp	r3, #0
 3307 0174 00D1     		bne	.LCB2808
 3308 0176 6AE7     		b	.L153	@long jump
 3309              	.LCB2808:
ARM GAS  C:\Users\MINIGU~1\AppData\Local\Temp\cc3PAC1x.s 			page 143


2466:Drivers/STM32F0xx_HAL_Driver/Src/stm32f0xx_hal_uart.c ****       {
 3310              		.loc 1 2466 42 view .LVU952
 3311 0178 5820     		movs	r0, #88
 3312              	.LVL208:
2466:Drivers/STM32F0xx_HAL_Driver/Src/stm32f0xx_hal_uart.c ****       {
 3313              		.loc 1 2466 42 view .LVU953
 3314 017a 205A     		ldrh	r0, [r4, r0]
2466:Drivers/STM32F0xx_HAL_Driver/Src/stm32f0xx_hal_uart.c ****       {
 3315              		.loc 1 2466 11 view .LVU954
 3316 017c 9842     		cmp	r0, r3
 3317 017e 00D8     		bhi	.LCB2813
 3318 0180 65E7     		b	.L153	@long jump
 3319              	.LCB2813:
2469:Drivers/STM32F0xx_HAL_Driver/Src/stm32f0xx_hal_uart.c **** 
 3320              		.loc 1 2469 9 is_stmt 1 view .LVU955
2469:Drivers/STM32F0xx_HAL_Driver/Src/stm32f0xx_hal_uart.c **** 
 3321              		.loc 1 2469 28 is_stmt 0 view .LVU956
 3322 0182 5A20     		movs	r0, #90
 3323 0184 2352     		strh	r3, [r4, r0]
2472:Drivers/STM32F0xx_HAL_Driver/Src/stm32f0xx_hal_uart.c ****         {
 3324              		.loc 1 2472 9 is_stmt 1 view .LVU957
2472:Drivers/STM32F0xx_HAL_Driver/Src/stm32f0xx_hal_uart.c ****         {
 3325              		.loc 1 2472 32 is_stmt 0 view .LVU958
 3326 0186 8B69     		ldr	r3, [r1, #24]
 3327              	.LVL209:
2472:Drivers/STM32F0xx_HAL_Driver/Src/stm32f0xx_hal_uart.c ****         {
 3328              		.loc 1 2472 12 view .LVU959
 3329 0188 202B     		cmp	r3, #32
 3330 018a 09D1     		bne	.L182
 3331              	.LVL210:
 3332              	.L174:
2496:Drivers/STM32F0xx_HAL_Driver/Src/stm32f0xx_hal_uart.c **** #endif
 3333              		.loc 1 2496 9 is_stmt 1 view .LVU960
2496:Drivers/STM32F0xx_HAL_Driver/Src/stm32f0xx_hal_uart.c **** #endif
 3334              		.loc 1 2496 49 is_stmt 0 view .LVU961
 3335 018c 5823     		movs	r3, #88
 3336 018e E15A     		ldrh	r1, [r4, r3]
2496:Drivers/STM32F0xx_HAL_Driver/Src/stm32f0xx_hal_uart.c **** #endif
 3337              		.loc 1 2496 69 view .LVU962
 3338 0190 0233     		adds	r3, r3, #2
 3339 0192 E35A     		ldrh	r3, [r4, r3]
2496:Drivers/STM32F0xx_HAL_Driver/Src/stm32f0xx_hal_uart.c **** #endif
 3340              		.loc 1 2496 9 view .LVU963
 3341 0194 C91A     		subs	r1, r1, r3
 3342 0196 89B2     		uxth	r1, r1
 3343 0198 2000     		movs	r0, r4
 3344 019a FFF7FEFF 		bl	HAL_UARTEx_RxEventCallback
 3345              	.LVL211:
2499:Drivers/STM32F0xx_HAL_Driver/Src/stm32f0xx_hal_uart.c ****     }
 3346              		.loc 1 2499 7 is_stmt 1 view .LVU964
 3347 019e 56E7     		b	.L153
 3348              	.LVL212:
 3349              	.L182:
2475:Drivers/STM32F0xx_HAL_Driver/Src/stm32f0xx_hal_uart.c ****           CLEAR_BIT(huart->Instance->CR3, USART_CR3_EIE);
 3350              		.loc 1 2475 11 view .LVU965
 3351 01a0 1368     		ldr	r3, [r2]
 3352 01a2 2949     		ldr	r1, .L183+12
ARM GAS  C:\Users\MINIGU~1\AppData\Local\Temp\cc3PAC1x.s 			page 144


 3353 01a4 0B40     		ands	r3, r1
 3354 01a6 1360     		str	r3, [r2]
 3355              	.LVL213:
2476:Drivers/STM32F0xx_HAL_Driver/Src/stm32f0xx_hal_uart.c **** 
 3356              		.loc 1 2476 11 view .LVU966
 3357 01a8 2268     		ldr	r2, [r4]
 3358 01aa 9368     		ldr	r3, [r2, #8]
 3359 01ac 0331     		adds	r1, r1, #3
 3360 01ae FF31     		adds	r1, r1, #255
 3361 01b0 8B43     		bics	r3, r1
 3362 01b2 9360     		str	r3, [r2, #8]
2480:Drivers/STM32F0xx_HAL_Driver/Src/stm32f0xx_hal_uart.c **** 
 3363              		.loc 1 2480 11 view .LVU967
 3364 01b4 2268     		ldr	r2, [r4]
 3365 01b6 9368     		ldr	r3, [r2, #8]
 3366 01b8 3F31     		adds	r1, r1, #63
 3367 01ba 8B43     		bics	r3, r1
 3368 01bc 9360     		str	r3, [r2, #8]
2483:Drivers/STM32F0xx_HAL_Driver/Src/stm32f0xx_hal_uart.c ****           huart->ReceptionType = HAL_UART_RECEPTION_STANDARD;
 3369              		.loc 1 2483 11 view .LVU968
2483:Drivers/STM32F0xx_HAL_Driver/Src/stm32f0xx_hal_uart.c ****           huart->ReceptionType = HAL_UART_RECEPTION_STANDARD;
 3370              		.loc 1 2483 26 is_stmt 0 view .LVU969
 3371 01be 2023     		movs	r3, #32
 3372 01c0 E367     		str	r3, [r4, #124]
2484:Drivers/STM32F0xx_HAL_Driver/Src/stm32f0xx_hal_uart.c **** 
 3373              		.loc 1 2484 11 is_stmt 1 view .LVU970
2484:Drivers/STM32F0xx_HAL_Driver/Src/stm32f0xx_hal_uart.c **** 
 3374              		.loc 1 2484 32 is_stmt 0 view .LVU971
 3375 01c2 0023     		movs	r3, #0
 3376 01c4 2366     		str	r3, [r4, #96]
2486:Drivers/STM32F0xx_HAL_Driver/Src/stm32f0xx_hal_uart.c **** 
 3377              		.loc 1 2486 11 is_stmt 1 view .LVU972
 3378 01c6 2268     		ldr	r2, [r4]
 3379 01c8 1368     		ldr	r3, [r2]
 3380 01ca 3039     		subs	r1, r1, #48
 3381 01cc 8B43     		bics	r3, r1
 3382 01ce 1360     		str	r3, [r2]
2489:Drivers/STM32F0xx_HAL_Driver/Src/stm32f0xx_hal_uart.c ****         }
 3383              		.loc 1 2489 11 view .LVU973
2489:Drivers/STM32F0xx_HAL_Driver/Src/stm32f0xx_hal_uart.c ****         }
 3384              		.loc 1 2489 17 is_stmt 0 view .LVU974
 3385 01d0 206F     		ldr	r0, [r4, #112]
 3386 01d2 FFF7FEFF 		bl	HAL_DMA_Abort
 3387              	.LVL214:
 3388 01d6 D9E7     		b	.L174
 3389              	.LVL215:
 3390              	.L172:
2489:Drivers/STM32F0xx_HAL_Driver/Src/stm32f0xx_hal_uart.c ****         }
 3391              		.loc 1 2489 17 view .LVU975
 3392              	.LBE2:
 3393              	.LBB3:
2506:Drivers/STM32F0xx_HAL_Driver/Src/stm32f0xx_hal_uart.c ****       if (  (huart->RxXferCount > 0U)
 3394              		.loc 1 2506 7 is_stmt 1 view .LVU976
2506:Drivers/STM32F0xx_HAL_Driver/Src/stm32f0xx_hal_uart.c ****       if (  (huart->RxXferCount > 0U)
 3395              		.loc 1 2506 34 is_stmt 0 view .LVU977
 3396 01d8 5823     		movs	r3, #88
 3397 01da E15A     		ldrh	r1, [r4, r3]
ARM GAS  C:\Users\MINIGU~1\AppData\Local\Temp\cc3PAC1x.s 			page 145


2506:Drivers/STM32F0xx_HAL_Driver/Src/stm32f0xx_hal_uart.c ****       if (  (huart->RxXferCount > 0U)
 3398              		.loc 1 2506 54 view .LVU978
 3399 01dc 0233     		adds	r3, r3, #2
 3400 01de E05A     		ldrh	r0, [r4, r3]
 3401              	.LVL216:
2506:Drivers/STM32F0xx_HAL_Driver/Src/stm32f0xx_hal_uart.c ****       if (  (huart->RxXferCount > 0U)
 3402              		.loc 1 2506 16 view .LVU979
 3403 01e0 091A     		subs	r1, r1, r0
 3404 01e2 89B2     		uxth	r1, r1
 3405              	.LVL217:
2507:Drivers/STM32F0xx_HAL_Driver/Src/stm32f0xx_hal_uart.c ****           &&(nb_rx_data > 0U) )
 3406              		.loc 1 2507 7 is_stmt 1 view .LVU980
2507:Drivers/STM32F0xx_HAL_Driver/Src/stm32f0xx_hal_uart.c ****           &&(nb_rx_data > 0U) )
 3407              		.loc 1 2507 19 is_stmt 0 view .LVU981
 3408 01e4 E35A     		ldrh	r3, [r4, r3]
 3409 01e6 9BB2     		uxth	r3, r3
2507:Drivers/STM32F0xx_HAL_Driver/Src/stm32f0xx_hal_uart.c ****           &&(nb_rx_data > 0U) )
 3410              		.loc 1 2507 10 view .LVU982
 3411 01e8 002B     		cmp	r3, #0
 3412 01ea 00D1     		bne	.LCB2899
 3413 01ec 2FE7     		b	.L153	@long jump
 3414              	.LCB2899:
2508:Drivers/STM32F0xx_HAL_Driver/Src/stm32f0xx_hal_uart.c ****       {
 3415              		.loc 1 2508 11 view .LVU983
 3416 01ee 0029     		cmp	r1, #0
 3417 01f0 00D1     		bne	.LCB2901
 3418 01f2 2CE7     		b	.L153	@long jump
 3419              	.LCB2901:
2511:Drivers/STM32F0xx_HAL_Driver/Src/stm32f0xx_hal_uart.c **** 
 3420              		.loc 1 2511 9 is_stmt 1 view .LVU984
 3421 01f4 1368     		ldr	r3, [r2]
 3422 01f6 1548     		ldr	r0, .L183+16
 3423 01f8 0340     		ands	r3, r0
 3424 01fa 1360     		str	r3, [r2]
2514:Drivers/STM32F0xx_HAL_Driver/Src/stm32f0xx_hal_uart.c **** 
 3425              		.loc 1 2514 9 view .LVU985
 3426 01fc 2268     		ldr	r2, [r4]
 3427 01fe 9368     		ldr	r3, [r2, #8]
 3428 0200 2330     		adds	r0, r0, #35
 3429 0202 FF30     		adds	r0, r0, #255
 3430 0204 8343     		bics	r3, r0
 3431 0206 9360     		str	r3, [r2, #8]
2517:Drivers/STM32F0xx_HAL_Driver/Src/stm32f0xx_hal_uart.c ****         huart->ReceptionType = HAL_UART_RECEPTION_STANDARD;
 3432              		.loc 1 2517 9 view .LVU986
2517:Drivers/STM32F0xx_HAL_Driver/Src/stm32f0xx_hal_uart.c ****         huart->ReceptionType = HAL_UART_RECEPTION_STANDARD;
 3433              		.loc 1 2517 24 is_stmt 0 view .LVU987
 3434 0208 2023     		movs	r3, #32
 3435 020a E367     		str	r3, [r4, #124]
2518:Drivers/STM32F0xx_HAL_Driver/Src/stm32f0xx_hal_uart.c **** 
 3436              		.loc 1 2518 9 is_stmt 1 view .LVU988
2518:Drivers/STM32F0xx_HAL_Driver/Src/stm32f0xx_hal_uart.c **** 
 3437              		.loc 1 2518 30 is_stmt 0 view .LVU989
 3438 020c 0023     		movs	r3, #0
 3439 020e 2366     		str	r3, [r4, #96]
2521:Drivers/STM32F0xx_HAL_Driver/Src/stm32f0xx_hal_uart.c **** 
 3440              		.loc 1 2521 9 is_stmt 1 view .LVU990
2521:Drivers/STM32F0xx_HAL_Driver/Src/stm32f0xx_hal_uart.c **** 
ARM GAS  C:\Users\MINIGU~1\AppData\Local\Temp\cc3PAC1x.s 			page 146


 3441              		.loc 1 2521 22 is_stmt 0 view .LVU991
 3442 0210 6366     		str	r3, [r4, #100]
2523:Drivers/STM32F0xx_HAL_Driver/Src/stm32f0xx_hal_uart.c **** #if (USE_HAL_UART_REGISTER_CALLBACKS == 1)
 3443              		.loc 1 2523 9 is_stmt 1 view .LVU992
 3444 0212 2268     		ldr	r2, [r4]
 3445 0214 1368     		ldr	r3, [r2]
 3446 0216 0F30     		adds	r0, r0, #15
 3447 0218 8343     		bics	r3, r0
 3448 021a 1360     		str	r3, [r2]
2529:Drivers/STM32F0xx_HAL_Driver/Src/stm32f0xx_hal_uart.c **** #endif
 3449              		.loc 1 2529 9 view .LVU993
 3450 021c 2000     		movs	r0, r4
 3451 021e FFF7FEFF 		bl	HAL_UARTEx_RxEventCallback
 3452              	.LVL218:
2532:Drivers/STM32F0xx_HAL_Driver/Src/stm32f0xx_hal_uart.c ****     }
 3453              		.loc 1 2532 7 view .LVU994
 3454 0222 14E7     		b	.L153
 3455              	.LVL219:
 3456              	.L180:
2532:Drivers/STM32F0xx_HAL_Driver/Src/stm32f0xx_hal_uart.c ****     }
 3457              		.loc 1 2532 7 is_stmt 0 view .LVU995
 3458              	.LBE3:
2560:Drivers/STM32F0xx_HAL_Driver/Src/stm32f0xx_hal_uart.c ****     {
 3459              		.loc 1 2560 5 is_stmt 1 view .LVU996
2560:Drivers/STM32F0xx_HAL_Driver/Src/stm32f0xx_hal_uart.c ****     {
 3460              		.loc 1 2560 14 is_stmt 0 view .LVU997
 3461 0224 A36E     		ldr	r3, [r4, #104]
 3462              	.LVL220:
2560:Drivers/STM32F0xx_HAL_Driver/Src/stm32f0xx_hal_uart.c ****     {
 3463              		.loc 1 2560 8 view .LVU998
 3464 0226 002B     		cmp	r3, #0
 3465 0228 00D1     		bne	.LCB2948
 3466 022a 10E7     		b	.L153	@long jump
 3467              	.LCB2948:
2562:Drivers/STM32F0xx_HAL_Driver/Src/stm32f0xx_hal_uart.c ****     }
 3468              		.loc 1 2562 7 is_stmt 1 view .LVU999
 3469 022c 2000     		movs	r0, r4
 3470              	.LVL221:
2562:Drivers/STM32F0xx_HAL_Driver/Src/stm32f0xx_hal_uart.c ****     }
 3471              		.loc 1 2562 7 is_stmt 0 view .LVU1000
 3472 022e 9847     		blx	r3
 3473              	.LVL222:
2564:Drivers/STM32F0xx_HAL_Driver/Src/stm32f0xx_hal_uart.c ****   }
 3474              		.loc 1 2564 5 is_stmt 1 view .LVU1001
 3475 0230 0DE7     		b	.L153
 3476              	.LVL223:
 3477              	.L181:
2570:Drivers/STM32F0xx_HAL_Driver/Src/stm32f0xx_hal_uart.c ****     return;
 3478              		.loc 1 2570 5 view .LVU1002
 3479 0232 2000     		movs	r0, r4
 3480              	.LVL224:
2570:Drivers/STM32F0xx_HAL_Driver/Src/stm32f0xx_hal_uart.c ****     return;
 3481              		.loc 1 2570 5 is_stmt 0 view .LVU1003
 3482 0234 FFF7FEFF 		bl	UART_EndTransmit_IT
 3483              	.LVL225:
2571:Drivers/STM32F0xx_HAL_Driver/Src/stm32f0xx_hal_uart.c ****   }
 3484              		.loc 1 2571 5 is_stmt 1 view .LVU1004
ARM GAS  C:\Users\MINIGU~1\AppData\Local\Temp\cc3PAC1x.s 			page 147


 3485 0238 09E7     		b	.L153
 3486              	.L184:
 3487 023a C046     		.align	2
 3488              	.L183:
 3489 023c 0F080000 		.word	2063
 3490 0240 20010004 		.word	67109152
 3491 0244 00000000 		.word	UART_DMAAbortOnError
 3492 0248 FFFEFFFF 		.word	-257
 3493 024c DFFEFFFF 		.word	-289
 3494              		.cfi_endproc
 3495              	.LFE61:
 3497              		.section	.text.UART_RxISR_8BIT,"ax",%progbits
 3498              		.align	1
 3499              		.syntax unified
 3500              		.code	16
 3501              		.thumb_func
 3502              		.fpu softvfp
 3504              	UART_RxISR_8BIT:
 3505              	.LVL226:
 3506              	.LFB102:
3947:Drivers/STM32F0xx_HAL_Driver/Src/stm32f0xx_hal_uart.c **** 
3948:Drivers/STM32F0xx_HAL_Driver/Src/stm32f0xx_hal_uart.c **** /**
3949:Drivers/STM32F0xx_HAL_Driver/Src/stm32f0xx_hal_uart.c ****   * @brief RX interrupt handler for 7 or 8 bits data word length .
3950:Drivers/STM32F0xx_HAL_Driver/Src/stm32f0xx_hal_uart.c ****   * @param huart UART handle.
3951:Drivers/STM32F0xx_HAL_Driver/Src/stm32f0xx_hal_uart.c ****   * @retval None
3952:Drivers/STM32F0xx_HAL_Driver/Src/stm32f0xx_hal_uart.c ****   */
3953:Drivers/STM32F0xx_HAL_Driver/Src/stm32f0xx_hal_uart.c **** static void UART_RxISR_8BIT(UART_HandleTypeDef *huart)
3954:Drivers/STM32F0xx_HAL_Driver/Src/stm32f0xx_hal_uart.c **** {
 3507              		.loc 1 3954 1 view -0
 3508              		.cfi_startproc
 3509              		@ args = 0, pretend = 0, frame = 0
 3510              		@ frame_needed = 0, uses_anonymous_args = 0
 3511              		.loc 1 3954 1 is_stmt 0 view .LVU1006
 3512 0000 10B5     		push	{r4, lr}
 3513              	.LCFI21:
 3514              		.cfi_def_cfa_offset 8
 3515              		.cfi_offset 4, -8
 3516              		.cfi_offset 14, -4
 3517 0002 0400     		movs	r4, r0
3955:Drivers/STM32F0xx_HAL_Driver/Src/stm32f0xx_hal_uart.c ****   uint16_t uhMask = huart->Mask;
 3518              		.loc 1 3955 3 is_stmt 1 view .LVU1007
 3519              		.loc 1 3955 12 is_stmt 0 view .LVU1008
 3520 0004 5C23     		movs	r3, #92
 3521 0006 C35A     		ldrh	r3, [r0, r3]
 3522              	.LVL227:
3956:Drivers/STM32F0xx_HAL_Driver/Src/stm32f0xx_hal_uart.c ****   uint16_t  uhdata;
 3523              		.loc 1 3956 3 is_stmt 1 view .LVU1009
3957:Drivers/STM32F0xx_HAL_Driver/Src/stm32f0xx_hal_uart.c **** 
3958:Drivers/STM32F0xx_HAL_Driver/Src/stm32f0xx_hal_uart.c ****   /* Check that a Rx process is ongoing */
3959:Drivers/STM32F0xx_HAL_Driver/Src/stm32f0xx_hal_uart.c ****   if (huart->RxState == HAL_UART_STATE_BUSY_RX)
 3524              		.loc 1 3959 3 view .LVU1010
 3525              		.loc 1 3959 12 is_stmt 0 view .LVU1011
 3526 0008 C26F     		ldr	r2, [r0, #124]
 3527              		.loc 1 3959 6 view .LVU1012
 3528 000a 222A     		cmp	r2, #34
 3529 000c 05D0     		beq	.L190
3960:Drivers/STM32F0xx_HAL_Driver/Src/stm32f0xx_hal_uart.c ****   {
ARM GAS  C:\Users\MINIGU~1\AppData\Local\Temp\cc3PAC1x.s 			page 148


3961:Drivers/STM32F0xx_HAL_Driver/Src/stm32f0xx_hal_uart.c ****     uhdata = (uint16_t) READ_REG(huart->Instance->RDR);
3962:Drivers/STM32F0xx_HAL_Driver/Src/stm32f0xx_hal_uart.c ****     *huart->pRxBuffPtr = (uint8_t)(uhdata & (uint8_t)uhMask);
3963:Drivers/STM32F0xx_HAL_Driver/Src/stm32f0xx_hal_uart.c ****     huart->pRxBuffPtr++;
3964:Drivers/STM32F0xx_HAL_Driver/Src/stm32f0xx_hal_uart.c ****     huart->RxXferCount--;
3965:Drivers/STM32F0xx_HAL_Driver/Src/stm32f0xx_hal_uart.c **** 
3966:Drivers/STM32F0xx_HAL_Driver/Src/stm32f0xx_hal_uart.c ****     if (huart->RxXferCount == 0U)
3967:Drivers/STM32F0xx_HAL_Driver/Src/stm32f0xx_hal_uart.c ****     {
3968:Drivers/STM32F0xx_HAL_Driver/Src/stm32f0xx_hal_uart.c ****       /* Disable the UART Parity Error Interrupt and RXNE interrupts */
3969:Drivers/STM32F0xx_HAL_Driver/Src/stm32f0xx_hal_uart.c ****       CLEAR_BIT(huart->Instance->CR1, (USART_CR1_RXNEIE | USART_CR1_PEIE));
3970:Drivers/STM32F0xx_HAL_Driver/Src/stm32f0xx_hal_uart.c **** 
3971:Drivers/STM32F0xx_HAL_Driver/Src/stm32f0xx_hal_uart.c ****       /* Disable the UART Error Interrupt: (Frame error, noise error, overrun error) */
3972:Drivers/STM32F0xx_HAL_Driver/Src/stm32f0xx_hal_uart.c ****       CLEAR_BIT(huart->Instance->CR3, USART_CR3_EIE);
3973:Drivers/STM32F0xx_HAL_Driver/Src/stm32f0xx_hal_uart.c **** 
3974:Drivers/STM32F0xx_HAL_Driver/Src/stm32f0xx_hal_uart.c ****       /* Rx process is completed, restore huart->RxState to Ready */
3975:Drivers/STM32F0xx_HAL_Driver/Src/stm32f0xx_hal_uart.c ****       huart->RxState = HAL_UART_STATE_READY;
3976:Drivers/STM32F0xx_HAL_Driver/Src/stm32f0xx_hal_uart.c **** 
3977:Drivers/STM32F0xx_HAL_Driver/Src/stm32f0xx_hal_uart.c ****       /* Clear RxISR function pointer */
3978:Drivers/STM32F0xx_HAL_Driver/Src/stm32f0xx_hal_uart.c ****       huart->RxISR = NULL;
3979:Drivers/STM32F0xx_HAL_Driver/Src/stm32f0xx_hal_uart.c **** 
3980:Drivers/STM32F0xx_HAL_Driver/Src/stm32f0xx_hal_uart.c ****       /* Check current reception Mode :
3981:Drivers/STM32F0xx_HAL_Driver/Src/stm32f0xx_hal_uart.c ****          If Reception till IDLE event has been selected : */
3982:Drivers/STM32F0xx_HAL_Driver/Src/stm32f0xx_hal_uart.c ****       if (huart->ReceptionType == HAL_UART_RECEPTION_TOIDLE)
3983:Drivers/STM32F0xx_HAL_Driver/Src/stm32f0xx_hal_uart.c ****       {
3984:Drivers/STM32F0xx_HAL_Driver/Src/stm32f0xx_hal_uart.c ****         /* Disable IDLE interrupt */
3985:Drivers/STM32F0xx_HAL_Driver/Src/stm32f0xx_hal_uart.c ****         CLEAR_BIT(huart->Instance->CR1, USART_CR1_IDLEIE);
3986:Drivers/STM32F0xx_HAL_Driver/Src/stm32f0xx_hal_uart.c **** 
3987:Drivers/STM32F0xx_HAL_Driver/Src/stm32f0xx_hal_uart.c **** #if (USE_HAL_UART_REGISTER_CALLBACKS == 1)
3988:Drivers/STM32F0xx_HAL_Driver/Src/stm32f0xx_hal_uart.c ****         /*Call registered Rx Event callback*/
3989:Drivers/STM32F0xx_HAL_Driver/Src/stm32f0xx_hal_uart.c ****         huart->RxEventCallback(huart, huart->RxXferSize);
3990:Drivers/STM32F0xx_HAL_Driver/Src/stm32f0xx_hal_uart.c **** #else
3991:Drivers/STM32F0xx_HAL_Driver/Src/stm32f0xx_hal_uart.c ****         /*Call legacy weak Rx Event callback*/
3992:Drivers/STM32F0xx_HAL_Driver/Src/stm32f0xx_hal_uart.c ****         HAL_UARTEx_RxEventCallback(huart, huart->RxXferSize);
3993:Drivers/STM32F0xx_HAL_Driver/Src/stm32f0xx_hal_uart.c **** #endif
3994:Drivers/STM32F0xx_HAL_Driver/Src/stm32f0xx_hal_uart.c ****       }
3995:Drivers/STM32F0xx_HAL_Driver/Src/stm32f0xx_hal_uart.c ****       else
3996:Drivers/STM32F0xx_HAL_Driver/Src/stm32f0xx_hal_uart.c ****       {
3997:Drivers/STM32F0xx_HAL_Driver/Src/stm32f0xx_hal_uart.c ****         /* Standard reception API called */
3998:Drivers/STM32F0xx_HAL_Driver/Src/stm32f0xx_hal_uart.c **** #if (USE_HAL_UART_REGISTER_CALLBACKS == 1)
3999:Drivers/STM32F0xx_HAL_Driver/Src/stm32f0xx_hal_uart.c ****         /*Call registered Rx complete callback*/
4000:Drivers/STM32F0xx_HAL_Driver/Src/stm32f0xx_hal_uart.c ****         huart->RxCpltCallback(huart);
4001:Drivers/STM32F0xx_HAL_Driver/Src/stm32f0xx_hal_uart.c **** #else
4002:Drivers/STM32F0xx_HAL_Driver/Src/stm32f0xx_hal_uart.c ****         /*Call legacy weak Rx complete callback*/
4003:Drivers/STM32F0xx_HAL_Driver/Src/stm32f0xx_hal_uart.c ****         HAL_UART_RxCpltCallback(huart);
4004:Drivers/STM32F0xx_HAL_Driver/Src/stm32f0xx_hal_uart.c **** #endif /* USE_HAL_UART_REGISTER_CALLBACKS */
4005:Drivers/STM32F0xx_HAL_Driver/Src/stm32f0xx_hal_uart.c ****       }
4006:Drivers/STM32F0xx_HAL_Driver/Src/stm32f0xx_hal_uart.c ****       huart->ReceptionType = HAL_UART_RECEPTION_STANDARD;
4007:Drivers/STM32F0xx_HAL_Driver/Src/stm32f0xx_hal_uart.c ****     }
4008:Drivers/STM32F0xx_HAL_Driver/Src/stm32f0xx_hal_uart.c ****   }
4009:Drivers/STM32F0xx_HAL_Driver/Src/stm32f0xx_hal_uart.c ****   else
4010:Drivers/STM32F0xx_HAL_Driver/Src/stm32f0xx_hal_uart.c ****   {
4011:Drivers/STM32F0xx_HAL_Driver/Src/stm32f0xx_hal_uart.c ****     /* Clear RXNE interrupt flag */
4012:Drivers/STM32F0xx_HAL_Driver/Src/stm32f0xx_hal_uart.c ****     __HAL_UART_SEND_REQ(huart, UART_RXDATA_FLUSH_REQUEST);
 3530              		.loc 1 4012 5 is_stmt 1 view .LVU1013
 3531 000e 0268     		ldr	r2, [r0]
 3532 0010 9369     		ldr	r3, [r2, #24]
 3533              	.LVL228:
 3534              		.loc 1 4012 5 is_stmt 0 view .LVU1014
ARM GAS  C:\Users\MINIGU~1\AppData\Local\Temp\cc3PAC1x.s 			page 149


 3535 0012 0821     		movs	r1, #8
 3536 0014 0B43     		orrs	r3, r1
 3537 0016 9361     		str	r3, [r2, #24]
 3538              	.LVL229:
 3539              	.L185:
4013:Drivers/STM32F0xx_HAL_Driver/Src/stm32f0xx_hal_uart.c ****   }
4014:Drivers/STM32F0xx_HAL_Driver/Src/stm32f0xx_hal_uart.c **** }
 3540              		.loc 1 4014 1 view .LVU1015
 3541              		@ sp needed
 3542              	.LVL230:
 3543              		.loc 1 4014 1 view .LVU1016
 3544 0018 10BD     		pop	{r4, pc}
 3545              	.LVL231:
 3546              	.L190:
3961:Drivers/STM32F0xx_HAL_Driver/Src/stm32f0xx_hal_uart.c ****     *huart->pRxBuffPtr = (uint8_t)(uhdata & (uint8_t)uhMask);
 3547              		.loc 1 3961 5 is_stmt 1 view .LVU1017
3961:Drivers/STM32F0xx_HAL_Driver/Src/stm32f0xx_hal_uart.c ****     *huart->pRxBuffPtr = (uint8_t)(uhdata & (uint8_t)uhMask);
 3548              		.loc 1 3961 12 is_stmt 0 view .LVU1018
 3549 001a 0268     		ldr	r2, [r0]
 3550 001c 928C     		ldrh	r2, [r2, #36]
 3551              	.LVL232:
3962:Drivers/STM32F0xx_HAL_Driver/Src/stm32f0xx_hal_uart.c ****     huart->pRxBuffPtr++;
 3552              		.loc 1 3962 5 is_stmt 1 view .LVU1019
3962:Drivers/STM32F0xx_HAL_Driver/Src/stm32f0xx_hal_uart.c ****     huart->pRxBuffPtr++;
 3553              		.loc 1 3962 45 is_stmt 0 view .LVU1020
 3554 001e DBB2     		uxtb	r3, r3
 3555              	.LVL233:
3962:Drivers/STM32F0xx_HAL_Driver/Src/stm32f0xx_hal_uart.c ****     huart->pRxBuffPtr++;
 3556              		.loc 1 3962 26 view .LVU1021
 3557 0020 1340     		ands	r3, r2
3962:Drivers/STM32F0xx_HAL_Driver/Src/stm32f0xx_hal_uart.c ****     huart->pRxBuffPtr++;
 3558              		.loc 1 3962 24 view .LVU1022
 3559 0022 426D     		ldr	r2, [r0, #84]
 3560              	.LVL234:
3962:Drivers/STM32F0xx_HAL_Driver/Src/stm32f0xx_hal_uart.c ****     huart->pRxBuffPtr++;
 3561              		.loc 1 3962 24 view .LVU1023
 3562 0024 1370     		strb	r3, [r2]
 3563              	.LVL235:
3963:Drivers/STM32F0xx_HAL_Driver/Src/stm32f0xx_hal_uart.c ****     huart->RxXferCount--;
 3564              		.loc 1 3963 5 is_stmt 1 view .LVU1024
3963:Drivers/STM32F0xx_HAL_Driver/Src/stm32f0xx_hal_uart.c ****     huart->RxXferCount--;
 3565              		.loc 1 3963 22 is_stmt 0 view .LVU1025
 3566 0026 436D     		ldr	r3, [r0, #84]
 3567 0028 0133     		adds	r3, r3, #1
 3568 002a 4365     		str	r3, [r0, #84]
3964:Drivers/STM32F0xx_HAL_Driver/Src/stm32f0xx_hal_uart.c **** 
 3569              		.loc 1 3964 5 is_stmt 1 view .LVU1026
3964:Drivers/STM32F0xx_HAL_Driver/Src/stm32f0xx_hal_uart.c **** 
 3570              		.loc 1 3964 10 is_stmt 0 view .LVU1027
 3571 002c 5A22     		movs	r2, #90
 3572 002e 835A     		ldrh	r3, [r0, r2]
3964:Drivers/STM32F0xx_HAL_Driver/Src/stm32f0xx_hal_uart.c **** 
 3573              		.loc 1 3964 23 view .LVU1028
 3574 0030 013B     		subs	r3, r3, #1
 3575 0032 9BB2     		uxth	r3, r3
 3576 0034 8352     		strh	r3, [r0, r2]
3966:Drivers/STM32F0xx_HAL_Driver/Src/stm32f0xx_hal_uart.c ****     {
ARM GAS  C:\Users\MINIGU~1\AppData\Local\Temp\cc3PAC1x.s 			page 150


 3577              		.loc 1 3966 5 is_stmt 1 view .LVU1029
3966:Drivers/STM32F0xx_HAL_Driver/Src/stm32f0xx_hal_uart.c ****     {
 3578              		.loc 1 3966 14 is_stmt 0 view .LVU1030
 3579 0036 835A     		ldrh	r3, [r0, r2]
 3580 0038 9BB2     		uxth	r3, r3
3966:Drivers/STM32F0xx_HAL_Driver/Src/stm32f0xx_hal_uart.c ****     {
 3581              		.loc 1 3966 8 view .LVU1031
 3582 003a 002B     		cmp	r3, #0
 3583 003c ECD1     		bne	.L185
3969:Drivers/STM32F0xx_HAL_Driver/Src/stm32f0xx_hal_uart.c **** 
 3584              		.loc 1 3969 7 is_stmt 1 view .LVU1032
 3585 003e 0268     		ldr	r2, [r0]
 3586 0040 1368     		ldr	r3, [r2]
 3587 0042 0F49     		ldr	r1, .L192
 3588 0044 0B40     		ands	r3, r1
 3589 0046 1360     		str	r3, [r2]
3972:Drivers/STM32F0xx_HAL_Driver/Src/stm32f0xx_hal_uart.c **** 
 3590              		.loc 1 3972 7 view .LVU1033
 3591 0048 0268     		ldr	r2, [r0]
 3592 004a 9368     		ldr	r3, [r2, #8]
 3593 004c 2331     		adds	r1, r1, #35
 3594 004e FF31     		adds	r1, r1, #255
 3595 0050 8B43     		bics	r3, r1
 3596 0052 9360     		str	r3, [r2, #8]
3975:Drivers/STM32F0xx_HAL_Driver/Src/stm32f0xx_hal_uart.c **** 
 3597              		.loc 1 3975 7 view .LVU1034
3975:Drivers/STM32F0xx_HAL_Driver/Src/stm32f0xx_hal_uart.c **** 
 3598              		.loc 1 3975 22 is_stmt 0 view .LVU1035
 3599 0054 2023     		movs	r3, #32
 3600 0056 C367     		str	r3, [r0, #124]
3978:Drivers/STM32F0xx_HAL_Driver/Src/stm32f0xx_hal_uart.c **** 
 3601              		.loc 1 3978 7 is_stmt 1 view .LVU1036
3978:Drivers/STM32F0xx_HAL_Driver/Src/stm32f0xx_hal_uart.c **** 
 3602              		.loc 1 3978 20 is_stmt 0 view .LVU1037
 3603 0058 0023     		movs	r3, #0
 3604 005a 4366     		str	r3, [r0, #100]
3982:Drivers/STM32F0xx_HAL_Driver/Src/stm32f0xx_hal_uart.c ****       {
 3605              		.loc 1 3982 7 is_stmt 1 view .LVU1038
3982:Drivers/STM32F0xx_HAL_Driver/Src/stm32f0xx_hal_uart.c ****       {
 3606              		.loc 1 3982 16 is_stmt 0 view .LVU1039
 3607 005c 036E     		ldr	r3, [r0, #96]
3982:Drivers/STM32F0xx_HAL_Driver/Src/stm32f0xx_hal_uart.c ****       {
 3608              		.loc 1 3982 10 view .LVU1040
 3609 005e 012B     		cmp	r3, #1
 3610 0060 04D0     		beq	.L191
4003:Drivers/STM32F0xx_HAL_Driver/Src/stm32f0xx_hal_uart.c **** #endif /* USE_HAL_UART_REGISTER_CALLBACKS */
 3611              		.loc 1 4003 9 is_stmt 1 view .LVU1041
 3612 0062 FFF7FEFF 		bl	HAL_UART_RxCpltCallback
 3613              	.LVL236:
 3614              	.L189:
4006:Drivers/STM32F0xx_HAL_Driver/Src/stm32f0xx_hal_uart.c ****     }
 3615              		.loc 1 4006 7 view .LVU1042
4006:Drivers/STM32F0xx_HAL_Driver/Src/stm32f0xx_hal_uart.c ****     }
 3616              		.loc 1 4006 28 is_stmt 0 view .LVU1043
 3617 0066 0023     		movs	r3, #0
 3618 0068 2366     		str	r3, [r4, #96]
 3619 006a D5E7     		b	.L185
ARM GAS  C:\Users\MINIGU~1\AppData\Local\Temp\cc3PAC1x.s 			page 151


 3620              	.LVL237:
 3621              	.L191:
3985:Drivers/STM32F0xx_HAL_Driver/Src/stm32f0xx_hal_uart.c **** 
 3622              		.loc 1 3985 9 is_stmt 1 view .LVU1044
 3623 006c 0268     		ldr	r2, [r0]
 3624 006e 1368     		ldr	r3, [r2]
 3625 0070 0F31     		adds	r1, r1, #15
 3626 0072 8B43     		bics	r3, r1
 3627 0074 1360     		str	r3, [r2]
3992:Drivers/STM32F0xx_HAL_Driver/Src/stm32f0xx_hal_uart.c **** #endif
 3628              		.loc 1 3992 9 view .LVU1045
 3629 0076 5823     		movs	r3, #88
 3630 0078 C15A     		ldrh	r1, [r0, r3]
 3631 007a FFF7FEFF 		bl	HAL_UARTEx_RxEventCallback
 3632              	.LVL238:
3992:Drivers/STM32F0xx_HAL_Driver/Src/stm32f0xx_hal_uart.c **** #endif
 3633              		.loc 1 3992 9 is_stmt 0 view .LVU1046
 3634 007e F2E7     		b	.L189
 3635              	.L193:
 3636              		.align	2
 3637              	.L192:
 3638 0080 DFFEFFFF 		.word	-289
 3639              		.cfi_endproc
 3640              	.LFE102:
 3642              		.section	.text.UART_RxISR_16BIT,"ax",%progbits
 3643              		.align	1
 3644              		.syntax unified
 3645              		.code	16
 3646              		.thumb_func
 3647              		.fpu softvfp
 3649              	UART_RxISR_16BIT:
 3650              	.LVL239:
 3651              	.LFB103:
4015:Drivers/STM32F0xx_HAL_Driver/Src/stm32f0xx_hal_uart.c **** 
4016:Drivers/STM32F0xx_HAL_Driver/Src/stm32f0xx_hal_uart.c **** /**
4017:Drivers/STM32F0xx_HAL_Driver/Src/stm32f0xx_hal_uart.c ****   * @brief RX interrupt handler for 9 bits data word length .
4018:Drivers/STM32F0xx_HAL_Driver/Src/stm32f0xx_hal_uart.c ****   * @note   Function is called under interruption only, once
4019:Drivers/STM32F0xx_HAL_Driver/Src/stm32f0xx_hal_uart.c ****   *         interruptions have been enabled by HAL_UART_Receive_IT()
4020:Drivers/STM32F0xx_HAL_Driver/Src/stm32f0xx_hal_uart.c ****   * @param huart UART handle.
4021:Drivers/STM32F0xx_HAL_Driver/Src/stm32f0xx_hal_uart.c ****   * @retval None
4022:Drivers/STM32F0xx_HAL_Driver/Src/stm32f0xx_hal_uart.c ****   */
4023:Drivers/STM32F0xx_HAL_Driver/Src/stm32f0xx_hal_uart.c **** static void UART_RxISR_16BIT(UART_HandleTypeDef *huart)
4024:Drivers/STM32F0xx_HAL_Driver/Src/stm32f0xx_hal_uart.c **** {
 3652              		.loc 1 4024 1 is_stmt 1 view -0
 3653              		.cfi_startproc
 3654              		@ args = 0, pretend = 0, frame = 0
 3655              		@ frame_needed = 0, uses_anonymous_args = 0
 3656              		.loc 1 4024 1 is_stmt 0 view .LVU1048
 3657 0000 10B5     		push	{r4, lr}
 3658              	.LCFI22:
 3659              		.cfi_def_cfa_offset 8
 3660              		.cfi_offset 4, -8
 3661              		.cfi_offset 14, -4
 3662 0002 0400     		movs	r4, r0
4025:Drivers/STM32F0xx_HAL_Driver/Src/stm32f0xx_hal_uart.c ****   uint16_t *tmp;
 3663              		.loc 1 4025 3 is_stmt 1 view .LVU1049
4026:Drivers/STM32F0xx_HAL_Driver/Src/stm32f0xx_hal_uart.c ****   uint16_t uhMask = huart->Mask;
ARM GAS  C:\Users\MINIGU~1\AppData\Local\Temp\cc3PAC1x.s 			page 152


 3664              		.loc 1 4026 3 view .LVU1050
 3665              		.loc 1 4026 12 is_stmt 0 view .LVU1051
 3666 0004 5C23     		movs	r3, #92
 3667 0006 C25A     		ldrh	r2, [r0, r3]
 3668              	.LVL240:
4027:Drivers/STM32F0xx_HAL_Driver/Src/stm32f0xx_hal_uart.c ****   uint16_t  uhdata;
 3669              		.loc 1 4027 3 is_stmt 1 view .LVU1052
4028:Drivers/STM32F0xx_HAL_Driver/Src/stm32f0xx_hal_uart.c **** 
4029:Drivers/STM32F0xx_HAL_Driver/Src/stm32f0xx_hal_uart.c ****   /* Check that a Rx process is ongoing */
4030:Drivers/STM32F0xx_HAL_Driver/Src/stm32f0xx_hal_uart.c ****   if (huart->RxState == HAL_UART_STATE_BUSY_RX)
 3670              		.loc 1 4030 3 view .LVU1053
 3671              		.loc 1 4030 12 is_stmt 0 view .LVU1054
 3672 0008 C36F     		ldr	r3, [r0, #124]
 3673              		.loc 1 4030 6 view .LVU1055
 3674 000a 222B     		cmp	r3, #34
 3675 000c 05D0     		beq	.L199
4031:Drivers/STM32F0xx_HAL_Driver/Src/stm32f0xx_hal_uart.c ****   {
4032:Drivers/STM32F0xx_HAL_Driver/Src/stm32f0xx_hal_uart.c ****     uhdata = (uint16_t) READ_REG(huart->Instance->RDR);
4033:Drivers/STM32F0xx_HAL_Driver/Src/stm32f0xx_hal_uart.c ****     tmp = (uint16_t *) huart->pRxBuffPtr ;
4034:Drivers/STM32F0xx_HAL_Driver/Src/stm32f0xx_hal_uart.c ****     *tmp = (uint16_t)(uhdata & uhMask);
4035:Drivers/STM32F0xx_HAL_Driver/Src/stm32f0xx_hal_uart.c ****     huart->pRxBuffPtr += 2U;
4036:Drivers/STM32F0xx_HAL_Driver/Src/stm32f0xx_hal_uart.c ****     huart->RxXferCount--;
4037:Drivers/STM32F0xx_HAL_Driver/Src/stm32f0xx_hal_uart.c **** 
4038:Drivers/STM32F0xx_HAL_Driver/Src/stm32f0xx_hal_uart.c ****     if (huart->RxXferCount == 0U)
4039:Drivers/STM32F0xx_HAL_Driver/Src/stm32f0xx_hal_uart.c ****     {
4040:Drivers/STM32F0xx_HAL_Driver/Src/stm32f0xx_hal_uart.c ****       /* Disable the UART Parity Error Interrupt and RXNE interrupt*/
4041:Drivers/STM32F0xx_HAL_Driver/Src/stm32f0xx_hal_uart.c ****       CLEAR_BIT(huart->Instance->CR1, (USART_CR1_RXNEIE | USART_CR1_PEIE));
4042:Drivers/STM32F0xx_HAL_Driver/Src/stm32f0xx_hal_uart.c **** 
4043:Drivers/STM32F0xx_HAL_Driver/Src/stm32f0xx_hal_uart.c ****       /* Disable the UART Error Interrupt: (Frame error, noise error, overrun error) */
4044:Drivers/STM32F0xx_HAL_Driver/Src/stm32f0xx_hal_uart.c ****       CLEAR_BIT(huart->Instance->CR3, USART_CR3_EIE);
4045:Drivers/STM32F0xx_HAL_Driver/Src/stm32f0xx_hal_uart.c **** 
4046:Drivers/STM32F0xx_HAL_Driver/Src/stm32f0xx_hal_uart.c ****       /* Rx process is completed, restore huart->RxState to Ready */
4047:Drivers/STM32F0xx_HAL_Driver/Src/stm32f0xx_hal_uart.c ****       huart->RxState = HAL_UART_STATE_READY;
4048:Drivers/STM32F0xx_HAL_Driver/Src/stm32f0xx_hal_uart.c **** 
4049:Drivers/STM32F0xx_HAL_Driver/Src/stm32f0xx_hal_uart.c ****       /* Clear RxISR function pointer */
4050:Drivers/STM32F0xx_HAL_Driver/Src/stm32f0xx_hal_uart.c ****       huart->RxISR = NULL;
4051:Drivers/STM32F0xx_HAL_Driver/Src/stm32f0xx_hal_uart.c **** 
4052:Drivers/STM32F0xx_HAL_Driver/Src/stm32f0xx_hal_uart.c ****       /* Check current reception Mode :
4053:Drivers/STM32F0xx_HAL_Driver/Src/stm32f0xx_hal_uart.c ****          If Reception till IDLE event has been selected : */
4054:Drivers/STM32F0xx_HAL_Driver/Src/stm32f0xx_hal_uart.c ****       if (huart->ReceptionType == HAL_UART_RECEPTION_TOIDLE)
4055:Drivers/STM32F0xx_HAL_Driver/Src/stm32f0xx_hal_uart.c ****       {
4056:Drivers/STM32F0xx_HAL_Driver/Src/stm32f0xx_hal_uart.c ****         /* Disable IDLE interrupt */
4057:Drivers/STM32F0xx_HAL_Driver/Src/stm32f0xx_hal_uart.c ****         CLEAR_BIT(huart->Instance->CR1, USART_CR1_IDLEIE);
4058:Drivers/STM32F0xx_HAL_Driver/Src/stm32f0xx_hal_uart.c **** 
4059:Drivers/STM32F0xx_HAL_Driver/Src/stm32f0xx_hal_uart.c **** #if (USE_HAL_UART_REGISTER_CALLBACKS == 1)
4060:Drivers/STM32F0xx_HAL_Driver/Src/stm32f0xx_hal_uart.c ****         /*Call registered Rx Event callback*/
4061:Drivers/STM32F0xx_HAL_Driver/Src/stm32f0xx_hal_uart.c ****         huart->RxEventCallback(huart, huart->RxXferSize);
4062:Drivers/STM32F0xx_HAL_Driver/Src/stm32f0xx_hal_uart.c **** #else
4063:Drivers/STM32F0xx_HAL_Driver/Src/stm32f0xx_hal_uart.c ****         /*Call legacy weak Rx Event callback*/
4064:Drivers/STM32F0xx_HAL_Driver/Src/stm32f0xx_hal_uart.c ****         HAL_UARTEx_RxEventCallback(huart, huart->RxXferSize);
4065:Drivers/STM32F0xx_HAL_Driver/Src/stm32f0xx_hal_uart.c **** #endif
4066:Drivers/STM32F0xx_HAL_Driver/Src/stm32f0xx_hal_uart.c ****       }
4067:Drivers/STM32F0xx_HAL_Driver/Src/stm32f0xx_hal_uart.c ****       else
4068:Drivers/STM32F0xx_HAL_Driver/Src/stm32f0xx_hal_uart.c ****       {
4069:Drivers/STM32F0xx_HAL_Driver/Src/stm32f0xx_hal_uart.c ****         /* Standard reception API called */
4070:Drivers/STM32F0xx_HAL_Driver/Src/stm32f0xx_hal_uart.c **** #if (USE_HAL_UART_REGISTER_CALLBACKS == 1)
4071:Drivers/STM32F0xx_HAL_Driver/Src/stm32f0xx_hal_uart.c ****         /*Call registered Rx complete callback*/
ARM GAS  C:\Users\MINIGU~1\AppData\Local\Temp\cc3PAC1x.s 			page 153


4072:Drivers/STM32F0xx_HAL_Driver/Src/stm32f0xx_hal_uart.c ****         huart->RxCpltCallback(huart);
4073:Drivers/STM32F0xx_HAL_Driver/Src/stm32f0xx_hal_uart.c **** #else
4074:Drivers/STM32F0xx_HAL_Driver/Src/stm32f0xx_hal_uart.c ****         /*Call legacy weak Rx complete callback*/
4075:Drivers/STM32F0xx_HAL_Driver/Src/stm32f0xx_hal_uart.c ****         HAL_UART_RxCpltCallback(huart);
4076:Drivers/STM32F0xx_HAL_Driver/Src/stm32f0xx_hal_uart.c **** #endif /* USE_HAL_UART_REGISTER_CALLBACKS */
4077:Drivers/STM32F0xx_HAL_Driver/Src/stm32f0xx_hal_uart.c ****       }
4078:Drivers/STM32F0xx_HAL_Driver/Src/stm32f0xx_hal_uart.c ****       huart->ReceptionType = HAL_UART_RECEPTION_STANDARD;
4079:Drivers/STM32F0xx_HAL_Driver/Src/stm32f0xx_hal_uart.c ****     }
4080:Drivers/STM32F0xx_HAL_Driver/Src/stm32f0xx_hal_uart.c ****   }
4081:Drivers/STM32F0xx_HAL_Driver/Src/stm32f0xx_hal_uart.c ****   else
4082:Drivers/STM32F0xx_HAL_Driver/Src/stm32f0xx_hal_uart.c ****   {
4083:Drivers/STM32F0xx_HAL_Driver/Src/stm32f0xx_hal_uart.c ****     /* Clear RXNE interrupt flag */
4084:Drivers/STM32F0xx_HAL_Driver/Src/stm32f0xx_hal_uart.c ****     __HAL_UART_SEND_REQ(huart, UART_RXDATA_FLUSH_REQUEST);
 3676              		.loc 1 4084 5 is_stmt 1 view .LVU1056
 3677 000e 0268     		ldr	r2, [r0]
 3678              	.LVL241:
 3679              		.loc 1 4084 5 is_stmt 0 view .LVU1057
 3680 0010 9369     		ldr	r3, [r2, #24]
 3681 0012 0821     		movs	r1, #8
 3682 0014 0B43     		orrs	r3, r1
 3683 0016 9361     		str	r3, [r2, #24]
 3684              	.LVL242:
 3685              	.L194:
4085:Drivers/STM32F0xx_HAL_Driver/Src/stm32f0xx_hal_uart.c ****   }
4086:Drivers/STM32F0xx_HAL_Driver/Src/stm32f0xx_hal_uart.c **** }
 3686              		.loc 1 4086 1 view .LVU1058
 3687              		@ sp needed
 3688              	.LVL243:
 3689              		.loc 1 4086 1 view .LVU1059
 3690 0018 10BD     		pop	{r4, pc}
 3691              	.LVL244:
 3692              	.L199:
4032:Drivers/STM32F0xx_HAL_Driver/Src/stm32f0xx_hal_uart.c ****     tmp = (uint16_t *) huart->pRxBuffPtr ;
 3693              		.loc 1 4032 5 is_stmt 1 view .LVU1060
4032:Drivers/STM32F0xx_HAL_Driver/Src/stm32f0xx_hal_uart.c ****     tmp = (uint16_t *) huart->pRxBuffPtr ;
 3694              		.loc 1 4032 12 is_stmt 0 view .LVU1061
 3695 001a 0368     		ldr	r3, [r0]
 3696 001c 9B8C     		ldrh	r3, [r3, #36]
 3697              	.LVL245:
4033:Drivers/STM32F0xx_HAL_Driver/Src/stm32f0xx_hal_uart.c ****     *tmp = (uint16_t)(uhdata & uhMask);
 3698              		.loc 1 4033 5 is_stmt 1 view .LVU1062
4034:Drivers/STM32F0xx_HAL_Driver/Src/stm32f0xx_hal_uart.c ****     huart->pRxBuffPtr += 2U;
 3699              		.loc 1 4034 5 view .LVU1063
4034:Drivers/STM32F0xx_HAL_Driver/Src/stm32f0xx_hal_uart.c ****     huart->pRxBuffPtr += 2U;
 3700              		.loc 1 4034 12 is_stmt 0 view .LVU1064
 3701 001e 1340     		ands	r3, r2
 3702              	.LVL246:
4034:Drivers/STM32F0xx_HAL_Driver/Src/stm32f0xx_hal_uart.c ****     huart->pRxBuffPtr += 2U;
 3703              		.loc 1 4034 10 view .LVU1065
 3704 0020 426D     		ldr	r2, [r0, #84]
 3705              	.LVL247:
4034:Drivers/STM32F0xx_HAL_Driver/Src/stm32f0xx_hal_uart.c ****     huart->pRxBuffPtr += 2U;
 3706              		.loc 1 4034 10 view .LVU1066
 3707 0022 1380     		strh	r3, [r2]
 3708              	.LVL248:
4035:Drivers/STM32F0xx_HAL_Driver/Src/stm32f0xx_hal_uart.c ****     huart->RxXferCount--;
 3709              		.loc 1 4035 5 is_stmt 1 view .LVU1067
ARM GAS  C:\Users\MINIGU~1\AppData\Local\Temp\cc3PAC1x.s 			page 154


4035:Drivers/STM32F0xx_HAL_Driver/Src/stm32f0xx_hal_uart.c ****     huart->RxXferCount--;
 3710              		.loc 1 4035 23 is_stmt 0 view .LVU1068
 3711 0024 436D     		ldr	r3, [r0, #84]
 3712 0026 0233     		adds	r3, r3, #2
 3713 0028 4365     		str	r3, [r0, #84]
4036:Drivers/STM32F0xx_HAL_Driver/Src/stm32f0xx_hal_uart.c **** 
 3714              		.loc 1 4036 5 is_stmt 1 view .LVU1069
4036:Drivers/STM32F0xx_HAL_Driver/Src/stm32f0xx_hal_uart.c **** 
 3715              		.loc 1 4036 10 is_stmt 0 view .LVU1070
 3716 002a 5A22     		movs	r2, #90
 3717              	.LVL249:
4036:Drivers/STM32F0xx_HAL_Driver/Src/stm32f0xx_hal_uart.c **** 
 3718              		.loc 1 4036 10 view .LVU1071
 3719 002c 835A     		ldrh	r3, [r0, r2]
4036:Drivers/STM32F0xx_HAL_Driver/Src/stm32f0xx_hal_uart.c **** 
 3720              		.loc 1 4036 23 view .LVU1072
 3721 002e 013B     		subs	r3, r3, #1
 3722 0030 9BB2     		uxth	r3, r3
 3723 0032 8352     		strh	r3, [r0, r2]
4038:Drivers/STM32F0xx_HAL_Driver/Src/stm32f0xx_hal_uart.c ****     {
 3724              		.loc 1 4038 5 is_stmt 1 view .LVU1073
4038:Drivers/STM32F0xx_HAL_Driver/Src/stm32f0xx_hal_uart.c ****     {
 3725              		.loc 1 4038 14 is_stmt 0 view .LVU1074
 3726 0034 835A     		ldrh	r3, [r0, r2]
 3727 0036 9BB2     		uxth	r3, r3
4038:Drivers/STM32F0xx_HAL_Driver/Src/stm32f0xx_hal_uart.c ****     {
 3728              		.loc 1 4038 8 view .LVU1075
 3729 0038 002B     		cmp	r3, #0
 3730 003a EDD1     		bne	.L194
4041:Drivers/STM32F0xx_HAL_Driver/Src/stm32f0xx_hal_uart.c **** 
 3731              		.loc 1 4041 7 is_stmt 1 view .LVU1076
 3732 003c 0268     		ldr	r2, [r0]
 3733 003e 1368     		ldr	r3, [r2]
 3734 0040 0F49     		ldr	r1, .L201
 3735 0042 0B40     		ands	r3, r1
 3736 0044 1360     		str	r3, [r2]
4044:Drivers/STM32F0xx_HAL_Driver/Src/stm32f0xx_hal_uart.c **** 
 3737              		.loc 1 4044 7 view .LVU1077
 3738 0046 0268     		ldr	r2, [r0]
 3739 0048 9368     		ldr	r3, [r2, #8]
 3740 004a 2331     		adds	r1, r1, #35
 3741 004c FF31     		adds	r1, r1, #255
 3742 004e 8B43     		bics	r3, r1
 3743 0050 9360     		str	r3, [r2, #8]
4047:Drivers/STM32F0xx_HAL_Driver/Src/stm32f0xx_hal_uart.c **** 
 3744              		.loc 1 4047 7 view .LVU1078
4047:Drivers/STM32F0xx_HAL_Driver/Src/stm32f0xx_hal_uart.c **** 
 3745              		.loc 1 4047 22 is_stmt 0 view .LVU1079
 3746 0052 2023     		movs	r3, #32
 3747 0054 C367     		str	r3, [r0, #124]
4050:Drivers/STM32F0xx_HAL_Driver/Src/stm32f0xx_hal_uart.c **** 
 3748              		.loc 1 4050 7 is_stmt 1 view .LVU1080
4050:Drivers/STM32F0xx_HAL_Driver/Src/stm32f0xx_hal_uart.c **** 
 3749              		.loc 1 4050 20 is_stmt 0 view .LVU1081
 3750 0056 0023     		movs	r3, #0
 3751 0058 4366     		str	r3, [r0, #100]
4054:Drivers/STM32F0xx_HAL_Driver/Src/stm32f0xx_hal_uart.c ****       {
ARM GAS  C:\Users\MINIGU~1\AppData\Local\Temp\cc3PAC1x.s 			page 155


 3752              		.loc 1 4054 7 is_stmt 1 view .LVU1082
4054:Drivers/STM32F0xx_HAL_Driver/Src/stm32f0xx_hal_uart.c ****       {
 3753              		.loc 1 4054 16 is_stmt 0 view .LVU1083
 3754 005a 036E     		ldr	r3, [r0, #96]
4054:Drivers/STM32F0xx_HAL_Driver/Src/stm32f0xx_hal_uart.c ****       {
 3755              		.loc 1 4054 10 view .LVU1084
 3756 005c 012B     		cmp	r3, #1
 3757 005e 04D0     		beq	.L200
4075:Drivers/STM32F0xx_HAL_Driver/Src/stm32f0xx_hal_uart.c **** #endif /* USE_HAL_UART_REGISTER_CALLBACKS */
 3758              		.loc 1 4075 9 is_stmt 1 view .LVU1085
 3759 0060 FFF7FEFF 		bl	HAL_UART_RxCpltCallback
 3760              	.LVL250:
 3761              	.L198:
4078:Drivers/STM32F0xx_HAL_Driver/Src/stm32f0xx_hal_uart.c ****     }
 3762              		.loc 1 4078 7 view .LVU1086
4078:Drivers/STM32F0xx_HAL_Driver/Src/stm32f0xx_hal_uart.c ****     }
 3763              		.loc 1 4078 28 is_stmt 0 view .LVU1087
 3764 0064 0023     		movs	r3, #0
 3765 0066 2366     		str	r3, [r4, #96]
 3766 0068 D6E7     		b	.L194
 3767              	.LVL251:
 3768              	.L200:
4057:Drivers/STM32F0xx_HAL_Driver/Src/stm32f0xx_hal_uart.c **** 
 3769              		.loc 1 4057 9 is_stmt 1 view .LVU1088
 3770 006a 0268     		ldr	r2, [r0]
 3771 006c 1368     		ldr	r3, [r2]
 3772 006e 0F31     		adds	r1, r1, #15
 3773 0070 8B43     		bics	r3, r1
 3774 0072 1360     		str	r3, [r2]
4064:Drivers/STM32F0xx_HAL_Driver/Src/stm32f0xx_hal_uart.c **** #endif
 3775              		.loc 1 4064 9 view .LVU1089
 3776 0074 5823     		movs	r3, #88
 3777 0076 C15A     		ldrh	r1, [r0, r3]
 3778 0078 FFF7FEFF 		bl	HAL_UARTEx_RxEventCallback
 3779              	.LVL252:
4064:Drivers/STM32F0xx_HAL_Driver/Src/stm32f0xx_hal_uart.c **** #endif
 3780              		.loc 1 4064 9 is_stmt 0 view .LVU1090
 3781 007c F2E7     		b	.L198
 3782              	.L202:
 3783 007e C046     		.align	2
 3784              	.L201:
 3785 0080 DFFEFFFF 		.word	-289
 3786              		.cfi_endproc
 3787              	.LFE103:
 3789              		.section	.text.UART_DMARxHalfCplt,"ax",%progbits
 3790              		.align	1
 3791              		.syntax unified
 3792              		.code	16
 3793              		.thumb_func
 3794              		.fpu softvfp
 3796              	UART_DMARxHalfCplt:
 3797              	.LVL253:
 3798              	.LFB92:
3608:Drivers/STM32F0xx_HAL_Driver/Src/stm32f0xx_hal_uart.c ****   UART_HandleTypeDef *huart = (UART_HandleTypeDef *)(hdma->Parent);
 3799              		.loc 1 3608 1 is_stmt 1 view -0
 3800              		.cfi_startproc
 3801              		@ args = 0, pretend = 0, frame = 0
ARM GAS  C:\Users\MINIGU~1\AppData\Local\Temp\cc3PAC1x.s 			page 156


 3802              		@ frame_needed = 0, uses_anonymous_args = 0
3608:Drivers/STM32F0xx_HAL_Driver/Src/stm32f0xx_hal_uart.c ****   UART_HandleTypeDef *huart = (UART_HandleTypeDef *)(hdma->Parent);
 3803              		.loc 1 3608 1 is_stmt 0 view .LVU1092
 3804 0000 10B5     		push	{r4, lr}
 3805              	.LCFI23:
 3806              		.cfi_def_cfa_offset 8
 3807              		.cfi_offset 4, -8
 3808              		.cfi_offset 14, -4
3609:Drivers/STM32F0xx_HAL_Driver/Src/stm32f0xx_hal_uart.c **** 
 3809              		.loc 1 3609 3 is_stmt 1 view .LVU1093
3609:Drivers/STM32F0xx_HAL_Driver/Src/stm32f0xx_hal_uart.c **** 
 3810              		.loc 1 3609 23 is_stmt 0 view .LVU1094
 3811 0002 406A     		ldr	r0, [r0, #36]
 3812              	.LVL254:
3613:Drivers/STM32F0xx_HAL_Driver/Src/stm32f0xx_hal_uart.c ****   {
 3813              		.loc 1 3613 3 is_stmt 1 view .LVU1095
3613:Drivers/STM32F0xx_HAL_Driver/Src/stm32f0xx_hal_uart.c ****   {
 3814              		.loc 1 3613 12 is_stmt 0 view .LVU1096
 3815 0004 036E     		ldr	r3, [r0, #96]
3613:Drivers/STM32F0xx_HAL_Driver/Src/stm32f0xx_hal_uart.c ****   {
 3816              		.loc 1 3613 6 view .LVU1097
 3817 0006 012B     		cmp	r3, #1
 3818 0008 02D0     		beq	.L206
3631:Drivers/STM32F0xx_HAL_Driver/Src/stm32f0xx_hal_uart.c **** #endif /* USE_HAL_UART_REGISTER_CALLBACKS */
 3819              		.loc 1 3631 5 is_stmt 1 view .LVU1098
 3820 000a FFF7FEFF 		bl	HAL_UART_RxHalfCpltCallback
 3821              	.LVL255:
 3822              	.L203:
3634:Drivers/STM32F0xx_HAL_Driver/Src/stm32f0xx_hal_uart.c **** 
 3823              		.loc 1 3634 1 is_stmt 0 view .LVU1099
 3824              		@ sp needed
 3825 000e 10BD     		pop	{r4, pc}
 3826              	.LVL256:
 3827              	.L206:
3620:Drivers/STM32F0xx_HAL_Driver/Src/stm32f0xx_hal_uart.c **** #endif /* USE_HAL_UART_REGISTER_CALLBACKS */
 3828              		.loc 1 3620 5 is_stmt 1 view .LVU1100
3620:Drivers/STM32F0xx_HAL_Driver/Src/stm32f0xx_hal_uart.c **** #endif /* USE_HAL_UART_REGISTER_CALLBACKS */
 3829              		.loc 1 3620 44 is_stmt 0 view .LVU1101
 3830 0010 5733     		adds	r3, r3, #87
 3831 0012 C15A     		ldrh	r1, [r0, r3]
3620:Drivers/STM32F0xx_HAL_Driver/Src/stm32f0xx_hal_uart.c **** #endif /* USE_HAL_UART_REGISTER_CALLBACKS */
 3832              		.loc 1 3620 5 view .LVU1102
 3833 0014 4908     		lsrs	r1, r1, #1
 3834 0016 FFF7FEFF 		bl	HAL_UARTEx_RxEventCallback
 3835              	.LVL257:
3620:Drivers/STM32F0xx_HAL_Driver/Src/stm32f0xx_hal_uart.c **** #endif /* USE_HAL_UART_REGISTER_CALLBACKS */
 3836              		.loc 1 3620 5 view .LVU1103
 3837 001a F8E7     		b	.L203
 3838              		.cfi_endproc
 3839              	.LFE92:
 3841              		.section	.text.UART_DMAReceiveCplt,"ax",%progbits
 3842              		.align	1
 3843              		.syntax unified
 3844              		.code	16
 3845              		.thumb_func
 3846              		.fpu softvfp
 3848              	UART_DMAReceiveCplt:
ARM GAS  C:\Users\MINIGU~1\AppData\Local\Temp\cc3PAC1x.s 			page 157


 3849              	.LVL258:
 3850              	.LFB91:
3551:Drivers/STM32F0xx_HAL_Driver/Src/stm32f0xx_hal_uart.c ****   UART_HandleTypeDef *huart = (UART_HandleTypeDef *)(hdma->Parent);
 3851              		.loc 1 3551 1 is_stmt 1 view -0
 3852              		.cfi_startproc
 3853              		@ args = 0, pretend = 0, frame = 0
 3854              		@ frame_needed = 0, uses_anonymous_args = 0
3551:Drivers/STM32F0xx_HAL_Driver/Src/stm32f0xx_hal_uart.c ****   UART_HandleTypeDef *huart = (UART_HandleTypeDef *)(hdma->Parent);
 3855              		.loc 1 3551 1 is_stmt 0 view .LVU1105
 3856 0000 10B5     		push	{r4, lr}
 3857              	.LCFI24:
 3858              		.cfi_def_cfa_offset 8
 3859              		.cfi_offset 4, -8
 3860              		.cfi_offset 14, -4
 3861 0002 0300     		movs	r3, r0
3552:Drivers/STM32F0xx_HAL_Driver/Src/stm32f0xx_hal_uart.c **** 
 3862              		.loc 1 3552 3 is_stmt 1 view .LVU1106
3552:Drivers/STM32F0xx_HAL_Driver/Src/stm32f0xx_hal_uart.c **** 
 3863              		.loc 1 3552 23 is_stmt 0 view .LVU1107
 3864 0004 406A     		ldr	r0, [r0, #36]
 3865              	.LVL259:
3555:Drivers/STM32F0xx_HAL_Driver/Src/stm32f0xx_hal_uart.c ****   {
 3866              		.loc 1 3555 3 is_stmt 1 view .LVU1108
3555:Drivers/STM32F0xx_HAL_Driver/Src/stm32f0xx_hal_uart.c ****   {
 3867              		.loc 1 3555 17 is_stmt 0 view .LVU1109
 3868 0006 9B69     		ldr	r3, [r3, #24]
 3869              	.LVL260:
3555:Drivers/STM32F0xx_HAL_Driver/Src/stm32f0xx_hal_uart.c ****   {
 3870              		.loc 1 3555 6 view .LVU1110
 3871 0008 202B     		cmp	r3, #32
 3872 000a 17D0     		beq	.L208
3557:Drivers/STM32F0xx_HAL_Driver/Src/stm32f0xx_hal_uart.c **** 
 3873              		.loc 1 3557 5 is_stmt 1 view .LVU1111
3557:Drivers/STM32F0xx_HAL_Driver/Src/stm32f0xx_hal_uart.c **** 
 3874              		.loc 1 3557 24 is_stmt 0 view .LVU1112
 3875 000c 5A23     		movs	r3, #90
 3876 000e 0022     		movs	r2, #0
 3877 0010 C252     		strh	r2, [r0, r3]
3560:Drivers/STM32F0xx_HAL_Driver/Src/stm32f0xx_hal_uart.c ****     CLEAR_BIT(huart->Instance->CR3, USART_CR3_EIE);
 3878              		.loc 1 3560 5 is_stmt 1 view .LVU1113
 3879 0012 0268     		ldr	r2, [r0]
 3880 0014 1368     		ldr	r3, [r2]
 3881 0016 1249     		ldr	r1, .L213
 3882 0018 0B40     		ands	r3, r1
 3883 001a 1360     		str	r3, [r2]
3561:Drivers/STM32F0xx_HAL_Driver/Src/stm32f0xx_hal_uart.c **** 
 3884              		.loc 1 3561 5 view .LVU1114
 3885 001c 0268     		ldr	r2, [r0]
 3886 001e 9368     		ldr	r3, [r2, #8]
 3887 0020 0331     		adds	r1, r1, #3
 3888 0022 FF31     		adds	r1, r1, #255
 3889 0024 8B43     		bics	r3, r1
 3890 0026 9360     		str	r3, [r2, #8]
3565:Drivers/STM32F0xx_HAL_Driver/Src/stm32f0xx_hal_uart.c **** 
 3891              		.loc 1 3565 5 view .LVU1115
 3892 0028 0268     		ldr	r2, [r0]
 3893 002a 9368     		ldr	r3, [r2, #8]
ARM GAS  C:\Users\MINIGU~1\AppData\Local\Temp\cc3PAC1x.s 			page 158


 3894 002c 3F31     		adds	r1, r1, #63
 3895 002e 8B43     		bics	r3, r1
 3896 0030 9360     		str	r3, [r2, #8]
3568:Drivers/STM32F0xx_HAL_Driver/Src/stm32f0xx_hal_uart.c **** 
 3897              		.loc 1 3568 5 view .LVU1116
3568:Drivers/STM32F0xx_HAL_Driver/Src/stm32f0xx_hal_uart.c **** 
 3898              		.loc 1 3568 20 is_stmt 0 view .LVU1117
 3899 0032 2023     		movs	r3, #32
 3900 0034 C367     		str	r3, [r0, #124]
3571:Drivers/STM32F0xx_HAL_Driver/Src/stm32f0xx_hal_uart.c ****     {
 3901              		.loc 1 3571 5 is_stmt 1 view .LVU1118
3571:Drivers/STM32F0xx_HAL_Driver/Src/stm32f0xx_hal_uart.c ****     {
 3902              		.loc 1 3571 14 is_stmt 0 view .LVU1119
 3903 0036 036E     		ldr	r3, [r0, #96]
3571:Drivers/STM32F0xx_HAL_Driver/Src/stm32f0xx_hal_uart.c ****     {
 3904              		.loc 1 3571 8 view .LVU1120
 3905 0038 012B     		cmp	r3, #1
 3906 003a 05D0     		beq	.L211
 3907              	.L208:
3579:Drivers/STM32F0xx_HAL_Driver/Src/stm32f0xx_hal_uart.c ****   {
 3908              		.loc 1 3579 3 is_stmt 1 view .LVU1121
3579:Drivers/STM32F0xx_HAL_Driver/Src/stm32f0xx_hal_uart.c ****   {
 3909              		.loc 1 3579 12 is_stmt 0 view .LVU1122
 3910 003c 036E     		ldr	r3, [r0, #96]
3579:Drivers/STM32F0xx_HAL_Driver/Src/stm32f0xx_hal_uart.c ****   {
 3911              		.loc 1 3579 6 view .LVU1123
 3912 003e 012B     		cmp	r3, #1
 3913 0040 08D0     		beq	.L212
3597:Drivers/STM32F0xx_HAL_Driver/Src/stm32f0xx_hal_uart.c **** #endif /* USE_HAL_UART_REGISTER_CALLBACKS */
 3914              		.loc 1 3597 5 is_stmt 1 view .LVU1124
 3915 0042 FFF7FEFF 		bl	HAL_UART_RxCpltCallback
 3916              	.LVL261:
 3917              	.L207:
3600:Drivers/STM32F0xx_HAL_Driver/Src/stm32f0xx_hal_uart.c **** 
 3918              		.loc 1 3600 1 is_stmt 0 view .LVU1125
 3919              		@ sp needed
 3920 0046 10BD     		pop	{r4, pc}
 3921              	.LVL262:
 3922              	.L211:
3573:Drivers/STM32F0xx_HAL_Driver/Src/stm32f0xx_hal_uart.c ****     }
 3923              		.loc 1 3573 7 is_stmt 1 view .LVU1126
 3924 0048 0268     		ldr	r2, [r0]
 3925 004a 1368     		ldr	r3, [r2]
 3926 004c 3039     		subs	r1, r1, #48
 3927 004e 8B43     		bics	r3, r1
 3928 0050 1360     		str	r3, [r2]
 3929 0052 F3E7     		b	.L208
 3930              	.L212:
3586:Drivers/STM32F0xx_HAL_Driver/Src/stm32f0xx_hal_uart.c **** #endif /* USE_HAL_UART_REGISTER_CALLBACKS */
 3931              		.loc 1 3586 5 view .LVU1127
 3932 0054 5733     		adds	r3, r3, #87
 3933 0056 C15A     		ldrh	r1, [r0, r3]
 3934 0058 FFF7FEFF 		bl	HAL_UARTEx_RxEventCallback
 3935              	.LVL263:
3586:Drivers/STM32F0xx_HAL_Driver/Src/stm32f0xx_hal_uart.c **** #endif /* USE_HAL_UART_REGISTER_CALLBACKS */
 3936              		.loc 1 3586 5 is_stmt 0 view .LVU1128
 3937 005c F3E7     		b	.L207
ARM GAS  C:\Users\MINIGU~1\AppData\Local\Temp\cc3PAC1x.s 			page 159


 3938              	.L214:
 3939 005e C046     		.align	2
 3940              	.L213:
 3941 0060 FFFEFFFF 		.word	-257
 3942              		.cfi_endproc
 3943              	.LFE91:
 3945              		.section	.text.HAL_UART_ReceiverTimeout_Config,"ax",%progbits
 3946              		.align	1
 3947              		.global	HAL_UART_ReceiverTimeout_Config
 3948              		.syntax unified
 3949              		.code	16
 3950              		.thumb_func
 3951              		.fpu softvfp
 3953              	HAL_UART_ReceiverTimeout_Config:
 3954              	.LVL264:
 3955              	.LFB71:
2752:Drivers/STM32F0xx_HAL_Driver/Src/stm32f0xx_hal_uart.c ****   assert_param(IS_UART_RECEIVER_TIMEOUT_VALUE(TimeoutValue));
 3956              		.loc 1 2752 1 is_stmt 1 view -0
 3957              		.cfi_startproc
 3958              		@ args = 0, pretend = 0, frame = 0
 3959              		@ frame_needed = 0, uses_anonymous_args = 0
 3960              		@ link register save eliminated.
2753:Drivers/STM32F0xx_HAL_Driver/Src/stm32f0xx_hal_uart.c ****   MODIFY_REG(huart->Instance->RTOR, USART_RTOR_RTO, TimeoutValue);
 3961              		.loc 1 2753 3 view .LVU1130
2754:Drivers/STM32F0xx_HAL_Driver/Src/stm32f0xx_hal_uart.c **** }
 3962              		.loc 1 2754 3 view .LVU1131
 3963 0000 0268     		ldr	r2, [r0]
 3964 0002 5369     		ldr	r3, [r2, #20]
 3965 0004 1B0E     		lsrs	r3, r3, #24
 3966 0006 1B06     		lsls	r3, r3, #24
 3967 0008 0B43     		orrs	r3, r1
 3968 000a 5361     		str	r3, [r2, #20]
2755:Drivers/STM32F0xx_HAL_Driver/Src/stm32f0xx_hal_uart.c **** 
 3969              		.loc 1 2755 1 is_stmt 0 view .LVU1132
 3970              		@ sp needed
 3971 000c 7047     		bx	lr
 3972              		.cfi_endproc
 3973              	.LFE71:
 3975              		.section	.text.HAL_UART_EnableReceiverTimeout,"ax",%progbits
 3976              		.align	1
 3977              		.global	HAL_UART_EnableReceiverTimeout
 3978              		.syntax unified
 3979              		.code	16
 3980              		.thumb_func
 3981              		.fpu softvfp
 3983              	HAL_UART_EnableReceiverTimeout:
 3984              	.LVL265:
 3985              	.LFB72:
2764:Drivers/STM32F0xx_HAL_Driver/Src/stm32f0xx_hal_uart.c ****   if (huart->gState == HAL_UART_STATE_READY)
 3986              		.loc 1 2764 1 is_stmt 1 view -0
 3987              		.cfi_startproc
 3988              		@ args = 0, pretend = 0, frame = 0
 3989              		@ frame_needed = 0, uses_anonymous_args = 0
2764:Drivers/STM32F0xx_HAL_Driver/Src/stm32f0xx_hal_uart.c ****   if (huart->gState == HAL_UART_STATE_READY)
 3990              		.loc 1 2764 1 is_stmt 0 view .LVU1134
 3991 0000 10B5     		push	{r4, lr}
 3992              	.LCFI25:
ARM GAS  C:\Users\MINIGU~1\AppData\Local\Temp\cc3PAC1x.s 			page 160


 3993              		.cfi_def_cfa_offset 8
 3994              		.cfi_offset 4, -8
 3995              		.cfi_offset 14, -4
2765:Drivers/STM32F0xx_HAL_Driver/Src/stm32f0xx_hal_uart.c ****   {
 3996              		.loc 1 2765 3 is_stmt 1 view .LVU1135
2765:Drivers/STM32F0xx_HAL_Driver/Src/stm32f0xx_hal_uart.c ****   {
 3997              		.loc 1 2765 12 is_stmt 0 view .LVU1136
 3998 0002 836F     		ldr	r3, [r0, #120]
2765:Drivers/STM32F0xx_HAL_Driver/Src/stm32f0xx_hal_uart.c ****   {
 3999              		.loc 1 2765 6 view .LVU1137
 4000 0004 202B     		cmp	r3, #32
 4001 0006 14D1     		bne	.L218
2768:Drivers/STM32F0xx_HAL_Driver/Src/stm32f0xx_hal_uart.c **** 
 4002              		.loc 1 2768 5 is_stmt 1 view .LVU1138
2768:Drivers/STM32F0xx_HAL_Driver/Src/stm32f0xx_hal_uart.c **** 
 4003              		.loc 1 2768 5 view .LVU1139
 4004 0008 5433     		adds	r3, r3, #84
 4005 000a C35C     		ldrb	r3, [r0, r3]
 4006 000c 012B     		cmp	r3, #1
 4007 000e 12D0     		beq	.L219
2768:Drivers/STM32F0xx_HAL_Driver/Src/stm32f0xx_hal_uart.c **** 
 4008              		.loc 1 2768 5 discriminator 2 view .LVU1140
 4009 0010 7422     		movs	r2, #116
 4010 0012 0123     		movs	r3, #1
 4011 0014 8354     		strb	r3, [r0, r2]
2768:Drivers/STM32F0xx_HAL_Driver/Src/stm32f0xx_hal_uart.c **** 
 4012              		.loc 1 2768 5 discriminator 2 view .LVU1141
2770:Drivers/STM32F0xx_HAL_Driver/Src/stm32f0xx_hal_uart.c **** 
 4013              		.loc 1 2770 5 discriminator 2 view .LVU1142
2770:Drivers/STM32F0xx_HAL_Driver/Src/stm32f0xx_hal_uart.c **** 
 4014              		.loc 1 2770 19 is_stmt 0 discriminator 2 view .LVU1143
 4015 0016 2333     		adds	r3, r3, #35
 4016 0018 8367     		str	r3, [r0, #120]
2773:Drivers/STM32F0xx_HAL_Driver/Src/stm32f0xx_hal_uart.c **** 
 4017              		.loc 1 2773 5 is_stmt 1 discriminator 2 view .LVU1144
 4018 001a 0168     		ldr	r1, [r0]
 4019 001c 4C68     		ldr	r4, [r1, #4]
 4020 001e 8023     		movs	r3, #128
 4021 0020 1B04     		lsls	r3, r3, #16
 4022 0022 2343     		orrs	r3, r4
 4023 0024 4B60     		str	r3, [r1, #4]
2775:Drivers/STM32F0xx_HAL_Driver/Src/stm32f0xx_hal_uart.c **** 
 4024              		.loc 1 2775 5 discriminator 2 view .LVU1145
2775:Drivers/STM32F0xx_HAL_Driver/Src/stm32f0xx_hal_uart.c **** 
 4025              		.loc 1 2775 19 is_stmt 0 discriminator 2 view .LVU1146
 4026 0026 2023     		movs	r3, #32
 4027 0028 8367     		str	r3, [r0, #120]
2778:Drivers/STM32F0xx_HAL_Driver/Src/stm32f0xx_hal_uart.c **** 
 4028              		.loc 1 2778 5 is_stmt 1 discriminator 2 view .LVU1147
2778:Drivers/STM32F0xx_HAL_Driver/Src/stm32f0xx_hal_uart.c **** 
 4029              		.loc 1 2778 5 discriminator 2 view .LVU1148
 4030 002a 0023     		movs	r3, #0
 4031 002c 8354     		strb	r3, [r0, r2]
2778:Drivers/STM32F0xx_HAL_Driver/Src/stm32f0xx_hal_uart.c **** 
 4032              		.loc 1 2778 5 discriminator 2 view .LVU1149
2780:Drivers/STM32F0xx_HAL_Driver/Src/stm32f0xx_hal_uart.c ****   }
 4033              		.loc 1 2780 5 discriminator 2 view .LVU1150
ARM GAS  C:\Users\MINIGU~1\AppData\Local\Temp\cc3PAC1x.s 			page 161


2780:Drivers/STM32F0xx_HAL_Driver/Src/stm32f0xx_hal_uart.c ****   }
 4034              		.loc 1 2780 12 is_stmt 0 discriminator 2 view .LVU1151
 4035 002e 0020     		movs	r0, #0
 4036              	.LVL266:
 4037              	.L217:
2786:Drivers/STM32F0xx_HAL_Driver/Src/stm32f0xx_hal_uart.c **** 
 4038              		.loc 1 2786 1 view .LVU1152
 4039              		@ sp needed
 4040 0030 10BD     		pop	{r4, pc}
 4041              	.LVL267:
 4042              	.L218:
2784:Drivers/STM32F0xx_HAL_Driver/Src/stm32f0xx_hal_uart.c ****   }
 4043              		.loc 1 2784 12 view .LVU1153
 4044 0032 0220     		movs	r0, #2
 4045              	.LVL268:
2784:Drivers/STM32F0xx_HAL_Driver/Src/stm32f0xx_hal_uart.c ****   }
 4046              		.loc 1 2784 12 view .LVU1154
 4047 0034 FCE7     		b	.L217
 4048              	.LVL269:
 4049              	.L219:
2768:Drivers/STM32F0xx_HAL_Driver/Src/stm32f0xx_hal_uart.c **** 
 4050              		.loc 1 2768 5 view .LVU1155
 4051 0036 0220     		movs	r0, #2
 4052              	.LVL270:
2768:Drivers/STM32F0xx_HAL_Driver/Src/stm32f0xx_hal_uart.c **** 
 4053              		.loc 1 2768 5 view .LVU1156
 4054 0038 FAE7     		b	.L217
 4055              		.cfi_endproc
 4056              	.LFE72:
 4058              		.section	.text.HAL_UART_DisableReceiverTimeout,"ax",%progbits
 4059              		.align	1
 4060              		.global	HAL_UART_DisableReceiverTimeout
 4061              		.syntax unified
 4062              		.code	16
 4063              		.thumb_func
 4064              		.fpu softvfp
 4066              	HAL_UART_DisableReceiverTimeout:
 4067              	.LVL271:
 4068              	.LFB73:
2795:Drivers/STM32F0xx_HAL_Driver/Src/stm32f0xx_hal_uart.c ****   if (huart->gState == HAL_UART_STATE_READY)
 4069              		.loc 1 2795 1 is_stmt 1 view -0
 4070              		.cfi_startproc
 4071              		@ args = 0, pretend = 0, frame = 0
 4072              		@ frame_needed = 0, uses_anonymous_args = 0
2795:Drivers/STM32F0xx_HAL_Driver/Src/stm32f0xx_hal_uart.c ****   if (huart->gState == HAL_UART_STATE_READY)
 4073              		.loc 1 2795 1 is_stmt 0 view .LVU1158
 4074 0000 10B5     		push	{r4, lr}
 4075              	.LCFI26:
 4076              		.cfi_def_cfa_offset 8
 4077              		.cfi_offset 4, -8
 4078              		.cfi_offset 14, -4
2796:Drivers/STM32F0xx_HAL_Driver/Src/stm32f0xx_hal_uart.c ****   {
 4079              		.loc 1 2796 3 is_stmt 1 view .LVU1159
2796:Drivers/STM32F0xx_HAL_Driver/Src/stm32f0xx_hal_uart.c ****   {
 4080              		.loc 1 2796 12 is_stmt 0 view .LVU1160
 4081 0002 836F     		ldr	r3, [r0, #120]
2796:Drivers/STM32F0xx_HAL_Driver/Src/stm32f0xx_hal_uart.c ****   {
ARM GAS  C:\Users\MINIGU~1\AppData\Local\Temp\cc3PAC1x.s 			page 162


 4082              		.loc 1 2796 6 view .LVU1161
 4083 0004 202B     		cmp	r3, #32
 4084 0006 13D1     		bne	.L222
2799:Drivers/STM32F0xx_HAL_Driver/Src/stm32f0xx_hal_uart.c **** 
 4085              		.loc 1 2799 5 is_stmt 1 view .LVU1162
2799:Drivers/STM32F0xx_HAL_Driver/Src/stm32f0xx_hal_uart.c **** 
 4086              		.loc 1 2799 5 view .LVU1163
 4087 0008 5433     		adds	r3, r3, #84
 4088 000a C35C     		ldrb	r3, [r0, r3]
 4089 000c 012B     		cmp	r3, #1
 4090 000e 11D0     		beq	.L223
2799:Drivers/STM32F0xx_HAL_Driver/Src/stm32f0xx_hal_uart.c **** 
 4091              		.loc 1 2799 5 discriminator 2 view .LVU1164
 4092 0010 7422     		movs	r2, #116
 4093 0012 0123     		movs	r3, #1
 4094 0014 8354     		strb	r3, [r0, r2]
2799:Drivers/STM32F0xx_HAL_Driver/Src/stm32f0xx_hal_uart.c **** 
 4095              		.loc 1 2799 5 discriminator 2 view .LVU1165
2801:Drivers/STM32F0xx_HAL_Driver/Src/stm32f0xx_hal_uart.c **** 
 4096              		.loc 1 2801 5 discriminator 2 view .LVU1166
2801:Drivers/STM32F0xx_HAL_Driver/Src/stm32f0xx_hal_uart.c **** 
 4097              		.loc 1 2801 19 is_stmt 0 discriminator 2 view .LVU1167
 4098 0016 2333     		adds	r3, r3, #35
 4099 0018 8367     		str	r3, [r0, #120]
2804:Drivers/STM32F0xx_HAL_Driver/Src/stm32f0xx_hal_uart.c **** 
 4100              		.loc 1 2804 5 is_stmt 1 discriminator 2 view .LVU1168
 4101 001a 0168     		ldr	r1, [r0]
 4102 001c 4B68     		ldr	r3, [r1, #4]
 4103 001e 064C     		ldr	r4, .L224
 4104 0020 2340     		ands	r3, r4
 4105 0022 4B60     		str	r3, [r1, #4]
2806:Drivers/STM32F0xx_HAL_Driver/Src/stm32f0xx_hal_uart.c **** 
 4106              		.loc 1 2806 5 discriminator 2 view .LVU1169
2806:Drivers/STM32F0xx_HAL_Driver/Src/stm32f0xx_hal_uart.c **** 
 4107              		.loc 1 2806 19 is_stmt 0 discriminator 2 view .LVU1170
 4108 0024 2023     		movs	r3, #32
 4109 0026 8367     		str	r3, [r0, #120]
2809:Drivers/STM32F0xx_HAL_Driver/Src/stm32f0xx_hal_uart.c **** 
 4110              		.loc 1 2809 5 is_stmt 1 discriminator 2 view .LVU1171
2809:Drivers/STM32F0xx_HAL_Driver/Src/stm32f0xx_hal_uart.c **** 
 4111              		.loc 1 2809 5 discriminator 2 view .LVU1172
 4112 0028 0023     		movs	r3, #0
 4113 002a 8354     		strb	r3, [r0, r2]
2809:Drivers/STM32F0xx_HAL_Driver/Src/stm32f0xx_hal_uart.c **** 
 4114              		.loc 1 2809 5 discriminator 2 view .LVU1173
2811:Drivers/STM32F0xx_HAL_Driver/Src/stm32f0xx_hal_uart.c ****   }
 4115              		.loc 1 2811 5 discriminator 2 view .LVU1174
2811:Drivers/STM32F0xx_HAL_Driver/Src/stm32f0xx_hal_uart.c ****   }
 4116              		.loc 1 2811 12 is_stmt 0 discriminator 2 view .LVU1175
 4117 002c 0020     		movs	r0, #0
 4118              	.LVL272:
 4119              	.L221:
2817:Drivers/STM32F0xx_HAL_Driver/Src/stm32f0xx_hal_uart.c **** 
 4120              		.loc 1 2817 1 view .LVU1176
 4121              		@ sp needed
 4122 002e 10BD     		pop	{r4, pc}
 4123              	.LVL273:
ARM GAS  C:\Users\MINIGU~1\AppData\Local\Temp\cc3PAC1x.s 			page 163


 4124              	.L222:
2815:Drivers/STM32F0xx_HAL_Driver/Src/stm32f0xx_hal_uart.c ****   }
 4125              		.loc 1 2815 12 view .LVU1177
 4126 0030 0220     		movs	r0, #2
 4127              	.LVL274:
2815:Drivers/STM32F0xx_HAL_Driver/Src/stm32f0xx_hal_uart.c ****   }
 4128              		.loc 1 2815 12 view .LVU1178
 4129 0032 FCE7     		b	.L221
 4130              	.LVL275:
 4131              	.L223:
2799:Drivers/STM32F0xx_HAL_Driver/Src/stm32f0xx_hal_uart.c **** 
 4132              		.loc 1 2799 5 view .LVU1179
 4133 0034 0220     		movs	r0, #2
 4134              	.LVL276:
2799:Drivers/STM32F0xx_HAL_Driver/Src/stm32f0xx_hal_uart.c **** 
 4135              		.loc 1 2799 5 view .LVU1180
 4136 0036 FAE7     		b	.L221
 4137              	.L225:
 4138              		.align	2
 4139              	.L224:
 4140 0038 FFFF7FFF 		.word	-8388609
 4141              		.cfi_endproc
 4142              	.LFE73:
 4144              		.section	.text.HAL_MultiProcessor_EnterMuteMode,"ax",%progbits
 4145              		.align	1
 4146              		.global	HAL_MultiProcessor_EnterMuteMode
 4147              		.syntax unified
 4148              		.code	16
 4149              		.thumb_func
 4150              		.fpu softvfp
 4152              	HAL_MultiProcessor_EnterMuteMode:
 4153              	.LVL277:
 4154              	.LFB76:
2866:Drivers/STM32F0xx_HAL_Driver/Src/stm32f0xx_hal_uart.c ****   __HAL_UART_SEND_REQ(huart, UART_MUTE_MODE_REQUEST);
 4155              		.loc 1 2866 1 is_stmt 1 view -0
 4156              		.cfi_startproc
 4157              		@ args = 0, pretend = 0, frame = 0
 4158              		@ frame_needed = 0, uses_anonymous_args = 0
 4159              		@ link register save eliminated.
2867:Drivers/STM32F0xx_HAL_Driver/Src/stm32f0xx_hal_uart.c **** }
 4160              		.loc 1 2867 3 view .LVU1182
 4161 0000 0268     		ldr	r2, [r0]
 4162 0002 9369     		ldr	r3, [r2, #24]
 4163 0004 0421     		movs	r1, #4
 4164 0006 0B43     		orrs	r3, r1
 4165 0008 9361     		str	r3, [r2, #24]
2868:Drivers/STM32F0xx_HAL_Driver/Src/stm32f0xx_hal_uart.c **** 
 4166              		.loc 1 2868 1 is_stmt 0 view .LVU1183
 4167              		@ sp needed
 4168 000a 7047     		bx	lr
 4169              		.cfi_endproc
 4170              	.LFE76:
 4172              		.section	.text.HAL_HalfDuplex_EnableTransmitter,"ax",%progbits
 4173              		.align	1
 4174              		.global	HAL_HalfDuplex_EnableTransmitter
 4175              		.syntax unified
 4176              		.code	16
ARM GAS  C:\Users\MINIGU~1\AppData\Local\Temp\cc3PAC1x.s 			page 164


 4177              		.thumb_func
 4178              		.fpu softvfp
 4180              	HAL_HalfDuplex_EnableTransmitter:
 4181              	.LVL278:
 4182              	.LFB77:
2876:Drivers/STM32F0xx_HAL_Driver/Src/stm32f0xx_hal_uart.c ****   __HAL_LOCK(huart);
 4183              		.loc 1 2876 1 is_stmt 1 view -0
 4184              		.cfi_startproc
 4185              		@ args = 0, pretend = 0, frame = 0
 4186              		@ frame_needed = 0, uses_anonymous_args = 0
2876:Drivers/STM32F0xx_HAL_Driver/Src/stm32f0xx_hal_uart.c ****   __HAL_LOCK(huart);
 4187              		.loc 1 2876 1 is_stmt 0 view .LVU1185
 4188 0000 10B5     		push	{r4, lr}
 4189              	.LCFI27:
 4190              		.cfi_def_cfa_offset 8
 4191              		.cfi_offset 4, -8
 4192              		.cfi_offset 14, -4
2877:Drivers/STM32F0xx_HAL_Driver/Src/stm32f0xx_hal_uart.c ****   huart->gState = HAL_UART_STATE_BUSY;
 4193              		.loc 1 2877 3 is_stmt 1 view .LVU1186
2877:Drivers/STM32F0xx_HAL_Driver/Src/stm32f0xx_hal_uart.c ****   huart->gState = HAL_UART_STATE_BUSY;
 4194              		.loc 1 2877 3 view .LVU1187
 4195 0002 7423     		movs	r3, #116
 4196 0004 C35C     		ldrb	r3, [r0, r3]
 4197 0006 012B     		cmp	r3, #1
 4198 0008 14D0     		beq	.L229
2877:Drivers/STM32F0xx_HAL_Driver/Src/stm32f0xx_hal_uart.c ****   huart->gState = HAL_UART_STATE_BUSY;
 4199              		.loc 1 2877 3 discriminator 2 view .LVU1188
 4200 000a 7422     		movs	r2, #116
 4201 000c 0123     		movs	r3, #1
 4202 000e 8354     		strb	r3, [r0, r2]
2877:Drivers/STM32F0xx_HAL_Driver/Src/stm32f0xx_hal_uart.c ****   huart->gState = HAL_UART_STATE_BUSY;
 4203              		.loc 1 2877 3 discriminator 2 view .LVU1189
2878:Drivers/STM32F0xx_HAL_Driver/Src/stm32f0xx_hal_uart.c **** 
 4204              		.loc 1 2878 3 discriminator 2 view .LVU1190
2878:Drivers/STM32F0xx_HAL_Driver/Src/stm32f0xx_hal_uart.c **** 
 4205              		.loc 1 2878 17 is_stmt 0 discriminator 2 view .LVU1191
 4206 0010 2333     		adds	r3, r3, #35
 4207 0012 8367     		str	r3, [r0, #120]
2881:Drivers/STM32F0xx_HAL_Driver/Src/stm32f0xx_hal_uart.c **** 
 4208              		.loc 1 2881 3 is_stmt 1 discriminator 2 view .LVU1192
 4209 0014 0168     		ldr	r1, [r0]
 4210 0016 0B68     		ldr	r3, [r1]
 4211 0018 0C24     		movs	r4, #12
 4212 001a A343     		bics	r3, r4
 4213 001c 0B60     		str	r3, [r1]
2884:Drivers/STM32F0xx_HAL_Driver/Src/stm32f0xx_hal_uart.c **** 
 4214              		.loc 1 2884 3 discriminator 2 view .LVU1193
 4215 001e 0168     		ldr	r1, [r0]
 4216 0020 0B68     		ldr	r3, [r1]
 4217 0022 043C     		subs	r4, r4, #4
 4218 0024 2343     		orrs	r3, r4
 4219 0026 0B60     		str	r3, [r1]
2886:Drivers/STM32F0xx_HAL_Driver/Src/stm32f0xx_hal_uart.c **** 
 4220              		.loc 1 2886 3 discriminator 2 view .LVU1194
2886:Drivers/STM32F0xx_HAL_Driver/Src/stm32f0xx_hal_uart.c **** 
 4221              		.loc 1 2886 17 is_stmt 0 discriminator 2 view .LVU1195
 4222 0028 2023     		movs	r3, #32
ARM GAS  C:\Users\MINIGU~1\AppData\Local\Temp\cc3PAC1x.s 			page 165


 4223 002a 8367     		str	r3, [r0, #120]
2888:Drivers/STM32F0xx_HAL_Driver/Src/stm32f0xx_hal_uart.c **** 
 4224              		.loc 1 2888 3 is_stmt 1 discriminator 2 view .LVU1196
2888:Drivers/STM32F0xx_HAL_Driver/Src/stm32f0xx_hal_uart.c **** 
 4225              		.loc 1 2888 3 discriminator 2 view .LVU1197
 4226 002c 0023     		movs	r3, #0
 4227 002e 8354     		strb	r3, [r0, r2]
2888:Drivers/STM32F0xx_HAL_Driver/Src/stm32f0xx_hal_uart.c **** 
 4228              		.loc 1 2888 3 discriminator 2 view .LVU1198
2890:Drivers/STM32F0xx_HAL_Driver/Src/stm32f0xx_hal_uart.c **** }
 4229              		.loc 1 2890 3 discriminator 2 view .LVU1199
2890:Drivers/STM32F0xx_HAL_Driver/Src/stm32f0xx_hal_uart.c **** }
 4230              		.loc 1 2890 10 is_stmt 0 discriminator 2 view .LVU1200
 4231 0030 0020     		movs	r0, #0
 4232              	.LVL279:
 4233              	.L228:
2891:Drivers/STM32F0xx_HAL_Driver/Src/stm32f0xx_hal_uart.c **** 
 4234              		.loc 1 2891 1 view .LVU1201
 4235              		@ sp needed
 4236 0032 10BD     		pop	{r4, pc}
 4237              	.LVL280:
 4238              	.L229:
2877:Drivers/STM32F0xx_HAL_Driver/Src/stm32f0xx_hal_uart.c ****   huart->gState = HAL_UART_STATE_BUSY;
 4239              		.loc 1 2877 3 view .LVU1202
 4240 0034 0220     		movs	r0, #2
 4241              	.LVL281:
2877:Drivers/STM32F0xx_HAL_Driver/Src/stm32f0xx_hal_uart.c ****   huart->gState = HAL_UART_STATE_BUSY;
 4242              		.loc 1 2877 3 view .LVU1203
 4243 0036 FCE7     		b	.L228
 4244              		.cfi_endproc
 4245              	.LFE77:
 4247              		.section	.text.HAL_HalfDuplex_EnableReceiver,"ax",%progbits
 4248              		.align	1
 4249              		.global	HAL_HalfDuplex_EnableReceiver
 4250              		.syntax unified
 4251              		.code	16
 4252              		.thumb_func
 4253              		.fpu softvfp
 4255              	HAL_HalfDuplex_EnableReceiver:
 4256              	.LVL282:
 4257              	.LFB78:
2899:Drivers/STM32F0xx_HAL_Driver/Src/stm32f0xx_hal_uart.c ****   __HAL_LOCK(huart);
 4258              		.loc 1 2899 1 is_stmt 1 view -0
 4259              		.cfi_startproc
 4260              		@ args = 0, pretend = 0, frame = 0
 4261              		@ frame_needed = 0, uses_anonymous_args = 0
2899:Drivers/STM32F0xx_HAL_Driver/Src/stm32f0xx_hal_uart.c ****   __HAL_LOCK(huart);
 4262              		.loc 1 2899 1 is_stmt 0 view .LVU1205
 4263 0000 10B5     		push	{r4, lr}
 4264              	.LCFI28:
 4265              		.cfi_def_cfa_offset 8
 4266              		.cfi_offset 4, -8
 4267              		.cfi_offset 14, -4
2900:Drivers/STM32F0xx_HAL_Driver/Src/stm32f0xx_hal_uart.c ****   huart->gState = HAL_UART_STATE_BUSY;
 4268              		.loc 1 2900 3 is_stmt 1 view .LVU1206
2900:Drivers/STM32F0xx_HAL_Driver/Src/stm32f0xx_hal_uart.c ****   huart->gState = HAL_UART_STATE_BUSY;
 4269              		.loc 1 2900 3 view .LVU1207
ARM GAS  C:\Users\MINIGU~1\AppData\Local\Temp\cc3PAC1x.s 			page 166


 4270 0002 7423     		movs	r3, #116
 4271 0004 C35C     		ldrb	r3, [r0, r3]
 4272 0006 012B     		cmp	r3, #1
 4273 0008 14D0     		beq	.L232
2900:Drivers/STM32F0xx_HAL_Driver/Src/stm32f0xx_hal_uart.c ****   huart->gState = HAL_UART_STATE_BUSY;
 4274              		.loc 1 2900 3 discriminator 2 view .LVU1208
 4275 000a 7422     		movs	r2, #116
 4276 000c 0123     		movs	r3, #1
 4277 000e 8354     		strb	r3, [r0, r2]
2900:Drivers/STM32F0xx_HAL_Driver/Src/stm32f0xx_hal_uart.c ****   huart->gState = HAL_UART_STATE_BUSY;
 4278              		.loc 1 2900 3 discriminator 2 view .LVU1209
2901:Drivers/STM32F0xx_HAL_Driver/Src/stm32f0xx_hal_uart.c **** 
 4279              		.loc 1 2901 3 discriminator 2 view .LVU1210
2901:Drivers/STM32F0xx_HAL_Driver/Src/stm32f0xx_hal_uart.c **** 
 4280              		.loc 1 2901 17 is_stmt 0 discriminator 2 view .LVU1211
 4281 0010 2333     		adds	r3, r3, #35
 4282 0012 8367     		str	r3, [r0, #120]
2904:Drivers/STM32F0xx_HAL_Driver/Src/stm32f0xx_hal_uart.c **** 
 4283              		.loc 1 2904 3 is_stmt 1 discriminator 2 view .LVU1212
 4284 0014 0168     		ldr	r1, [r0]
 4285 0016 0B68     		ldr	r3, [r1]
 4286 0018 0C24     		movs	r4, #12
 4287 001a A343     		bics	r3, r4
 4288 001c 0B60     		str	r3, [r1]
2907:Drivers/STM32F0xx_HAL_Driver/Src/stm32f0xx_hal_uart.c **** 
 4289              		.loc 1 2907 3 discriminator 2 view .LVU1213
 4290 001e 0168     		ldr	r1, [r0]
 4291 0020 0B68     		ldr	r3, [r1]
 4292 0022 083C     		subs	r4, r4, #8
 4293 0024 2343     		orrs	r3, r4
 4294 0026 0B60     		str	r3, [r1]
2909:Drivers/STM32F0xx_HAL_Driver/Src/stm32f0xx_hal_uart.c **** 
 4295              		.loc 1 2909 3 discriminator 2 view .LVU1214
2909:Drivers/STM32F0xx_HAL_Driver/Src/stm32f0xx_hal_uart.c **** 
 4296              		.loc 1 2909 17 is_stmt 0 discriminator 2 view .LVU1215
 4297 0028 2023     		movs	r3, #32
 4298 002a 8367     		str	r3, [r0, #120]
2911:Drivers/STM32F0xx_HAL_Driver/Src/stm32f0xx_hal_uart.c **** 
 4299              		.loc 1 2911 3 is_stmt 1 discriminator 2 view .LVU1216
2911:Drivers/STM32F0xx_HAL_Driver/Src/stm32f0xx_hal_uart.c **** 
 4300              		.loc 1 2911 3 discriminator 2 view .LVU1217
 4301 002c 0023     		movs	r3, #0
 4302 002e 8354     		strb	r3, [r0, r2]
2911:Drivers/STM32F0xx_HAL_Driver/Src/stm32f0xx_hal_uart.c **** 
 4303              		.loc 1 2911 3 discriminator 2 view .LVU1218
2913:Drivers/STM32F0xx_HAL_Driver/Src/stm32f0xx_hal_uart.c **** }
 4304              		.loc 1 2913 3 discriminator 2 view .LVU1219
2913:Drivers/STM32F0xx_HAL_Driver/Src/stm32f0xx_hal_uart.c **** }
 4305              		.loc 1 2913 10 is_stmt 0 discriminator 2 view .LVU1220
 4306 0030 0020     		movs	r0, #0
 4307              	.LVL283:
 4308              	.L231:
2914:Drivers/STM32F0xx_HAL_Driver/Src/stm32f0xx_hal_uart.c **** 
 4309              		.loc 1 2914 1 view .LVU1221
 4310              		@ sp needed
 4311 0032 10BD     		pop	{r4, pc}
 4312              	.LVL284:
ARM GAS  C:\Users\MINIGU~1\AppData\Local\Temp\cc3PAC1x.s 			page 167


 4313              	.L232:
2900:Drivers/STM32F0xx_HAL_Driver/Src/stm32f0xx_hal_uart.c ****   huart->gState = HAL_UART_STATE_BUSY;
 4314              		.loc 1 2900 3 view .LVU1222
 4315 0034 0220     		movs	r0, #2
 4316              	.LVL285:
2900:Drivers/STM32F0xx_HAL_Driver/Src/stm32f0xx_hal_uart.c ****   huart->gState = HAL_UART_STATE_BUSY;
 4317              		.loc 1 2900 3 view .LVU1223
 4318 0036 FCE7     		b	.L231
 4319              		.cfi_endproc
 4320              	.LFE78:
 4322              		.section	.text.HAL_UART_GetState,"ax",%progbits
 4323              		.align	1
 4324              		.global	HAL_UART_GetState
 4325              		.syntax unified
 4326              		.code	16
 4327              		.thumb_func
 4328              		.fpu softvfp
 4330              	HAL_UART_GetState:
 4331              	.LVL286:
 4332              	.LFB79:
2970:Drivers/STM32F0xx_HAL_Driver/Src/stm32f0xx_hal_uart.c ****   uint32_t temp1;
 4333              		.loc 1 2970 1 is_stmt 1 view -0
 4334              		.cfi_startproc
 4335              		@ args = 0, pretend = 0, frame = 0
 4336              		@ frame_needed = 0, uses_anonymous_args = 0
 4337              		@ link register save eliminated.
2971:Drivers/STM32F0xx_HAL_Driver/Src/stm32f0xx_hal_uart.c ****   uint32_t temp2;
 4338              		.loc 1 2971 3 view .LVU1225
2972:Drivers/STM32F0xx_HAL_Driver/Src/stm32f0xx_hal_uart.c ****   temp1 = huart->gState;
 4339              		.loc 1 2972 3 view .LVU1226
2973:Drivers/STM32F0xx_HAL_Driver/Src/stm32f0xx_hal_uart.c ****   temp2 = huart->RxState;
 4340              		.loc 1 2973 3 view .LVU1227
2973:Drivers/STM32F0xx_HAL_Driver/Src/stm32f0xx_hal_uart.c ****   temp2 = huart->RxState;
 4341              		.loc 1 2973 9 is_stmt 0 view .LVU1228
 4342 0000 836F     		ldr	r3, [r0, #120]
 4343              	.LVL287:
2974:Drivers/STM32F0xx_HAL_Driver/Src/stm32f0xx_hal_uart.c **** 
 4344              		.loc 1 2974 3 is_stmt 1 view .LVU1229
2974:Drivers/STM32F0xx_HAL_Driver/Src/stm32f0xx_hal_uart.c **** 
 4345              		.loc 1 2974 9 is_stmt 0 view .LVU1230
 4346 0002 C06F     		ldr	r0, [r0, #124]
 4347              	.LVL288:
2976:Drivers/STM32F0xx_HAL_Driver/Src/stm32f0xx_hal_uart.c **** }
 4348              		.loc 1 2976 3 is_stmt 1 view .LVU1231
2976:Drivers/STM32F0xx_HAL_Driver/Src/stm32f0xx_hal_uart.c **** }
 4349              		.loc 1 2976 10 is_stmt 0 view .LVU1232
 4350 0004 1843     		orrs	r0, r3
 4351              	.LVL289:
2977:Drivers/STM32F0xx_HAL_Driver/Src/stm32f0xx_hal_uart.c **** 
 4352              		.loc 1 2977 1 view .LVU1233
 4353              		@ sp needed
 4354 0006 7047     		bx	lr
 4355              		.cfi_endproc
 4356              	.LFE79:
 4358              		.section	.text.HAL_UART_GetError,"ax",%progbits
 4359              		.align	1
 4360              		.global	HAL_UART_GetError
ARM GAS  C:\Users\MINIGU~1\AppData\Local\Temp\cc3PAC1x.s 			page 168


 4361              		.syntax unified
 4362              		.code	16
 4363              		.thumb_func
 4364              		.fpu softvfp
 4366              	HAL_UART_GetError:
 4367              	.LVL290:
 4368              	.LFB80:
2986:Drivers/STM32F0xx_HAL_Driver/Src/stm32f0xx_hal_uart.c ****   return huart->ErrorCode;
 4369              		.loc 1 2986 1 is_stmt 1 view -0
 4370              		.cfi_startproc
 4371              		@ args = 0, pretend = 0, frame = 0
 4372              		@ frame_needed = 0, uses_anonymous_args = 0
 4373              		@ link register save eliminated.
2987:Drivers/STM32F0xx_HAL_Driver/Src/stm32f0xx_hal_uart.c **** }
 4374              		.loc 1 2987 3 view .LVU1235
2987:Drivers/STM32F0xx_HAL_Driver/Src/stm32f0xx_hal_uart.c **** }
 4375              		.loc 1 2987 15 is_stmt 0 view .LVU1236
 4376 0000 8023     		movs	r3, #128
 4377 0002 C058     		ldr	r0, [r0, r3]
 4378              	.LVL291:
2988:Drivers/STM32F0xx_HAL_Driver/Src/stm32f0xx_hal_uart.c **** /**
 4379              		.loc 1 2988 1 view .LVU1237
 4380              		@ sp needed
 4381 0004 7047     		bx	lr
 4382              		.cfi_endproc
 4383              	.LFE80:
 4385              		.global	__aeabi_uidiv
 4386              		.section	.text.UART_SetConfig,"ax",%progbits
 4387              		.align	1
 4388              		.global	UART_SetConfig
 4389              		.syntax unified
 4390              		.code	16
 4391              		.thumb_func
 4392              		.fpu softvfp
 4394              	UART_SetConfig:
 4395              	.LVL292:
 4396              	.LFB81:
3032:Drivers/STM32F0xx_HAL_Driver/Src/stm32f0xx_hal_uart.c ****   uint32_t tmpreg;
 4397              		.loc 1 3032 1 is_stmt 1 view -0
 4398              		.cfi_startproc
 4399              		@ args = 0, pretend = 0, frame = 0
 4400              		@ frame_needed = 0, uses_anonymous_args = 0
3032:Drivers/STM32F0xx_HAL_Driver/Src/stm32f0xx_hal_uart.c ****   uint32_t tmpreg;
 4401              		.loc 1 3032 1 is_stmt 0 view .LVU1239
 4402 0000 10B5     		push	{r4, lr}
 4403              	.LCFI29:
 4404              		.cfi_def_cfa_offset 8
 4405              		.cfi_offset 4, -8
 4406              		.cfi_offset 14, -4
 4407 0002 0400     		movs	r4, r0
3033:Drivers/STM32F0xx_HAL_Driver/Src/stm32f0xx_hal_uart.c ****   uint16_t brrtemp;
 4408              		.loc 1 3033 3 is_stmt 1 view .LVU1240
3034:Drivers/STM32F0xx_HAL_Driver/Src/stm32f0xx_hal_uart.c ****   UART_ClockSourceTypeDef clocksource;
 4409              		.loc 1 3034 3 view .LVU1241
3035:Drivers/STM32F0xx_HAL_Driver/Src/stm32f0xx_hal_uart.c ****   uint32_t usartdiv;
 4410              		.loc 1 3035 3 view .LVU1242
3036:Drivers/STM32F0xx_HAL_Driver/Src/stm32f0xx_hal_uart.c ****   HAL_StatusTypeDef ret               = HAL_OK;
ARM GAS  C:\Users\MINIGU~1\AppData\Local\Temp\cc3PAC1x.s 			page 169


 4411              		.loc 1 3036 3 view .LVU1243
3037:Drivers/STM32F0xx_HAL_Driver/Src/stm32f0xx_hal_uart.c ****   uint32_t pclk;
 4412              		.loc 1 3037 3 view .LVU1244
 4413              	.LVL293:
3038:Drivers/STM32F0xx_HAL_Driver/Src/stm32f0xx_hal_uart.c **** 
 4414              		.loc 1 3038 3 view .LVU1245
3041:Drivers/STM32F0xx_HAL_Driver/Src/stm32f0xx_hal_uart.c ****   assert_param(IS_UART_WORD_LENGTH(huart->Init.WordLength));
 4415              		.loc 1 3041 3 view .LVU1246
3042:Drivers/STM32F0xx_HAL_Driver/Src/stm32f0xx_hal_uart.c ****   assert_param(IS_UART_STOPBITS(huart->Init.StopBits));
 4416              		.loc 1 3042 3 view .LVU1247
3043:Drivers/STM32F0xx_HAL_Driver/Src/stm32f0xx_hal_uart.c ****   assert_param(IS_UART_ONE_BIT_SAMPLE(huart->Init.OneBitSampling));
 4417              		.loc 1 3043 3 view .LVU1248
3044:Drivers/STM32F0xx_HAL_Driver/Src/stm32f0xx_hal_uart.c **** 
 4418              		.loc 1 3044 3 view .LVU1249
3046:Drivers/STM32F0xx_HAL_Driver/Src/stm32f0xx_hal_uart.c ****   assert_param(IS_UART_MODE(huart->Init.Mode));
 4419              		.loc 1 3046 3 view .LVU1250
3047:Drivers/STM32F0xx_HAL_Driver/Src/stm32f0xx_hal_uart.c ****   assert_param(IS_UART_HARDWARE_FLOW_CONTROL(huart->Init.HwFlowCtl));
 4420              		.loc 1 3047 3 view .LVU1251
3048:Drivers/STM32F0xx_HAL_Driver/Src/stm32f0xx_hal_uart.c ****   assert_param(IS_UART_OVERSAMPLING(huart->Init.OverSampling));
 4421              		.loc 1 3048 3 view .LVU1252
3049:Drivers/STM32F0xx_HAL_Driver/Src/stm32f0xx_hal_uart.c **** 
 4422              		.loc 1 3049 3 view .LVU1253
3058:Drivers/STM32F0xx_HAL_Driver/Src/stm32f0xx_hal_uart.c ****   MODIFY_REG(huart->Instance->CR1, USART_CR1_FIELDS, tmpreg);
 4423              		.loc 1 3058 3 view .LVU1254
3058:Drivers/STM32F0xx_HAL_Driver/Src/stm32f0xx_hal_uart.c ****   MODIFY_REG(huart->Instance->CR1, USART_CR1_FIELDS, tmpreg);
 4424              		.loc 1 3058 45 is_stmt 0 view .LVU1255
 4425 0004 8368     		ldr	r3, [r0, #8]
 4426 0006 0269     		ldr	r2, [r0, #16]
 4427 0008 1343     		orrs	r3, r2
3058:Drivers/STM32F0xx_HAL_Driver/Src/stm32f0xx_hal_uart.c ****   MODIFY_REG(huart->Instance->CR1, USART_CR1_FIELDS, tmpreg);
 4428              		.loc 1 3058 66 view .LVU1256
 4429 000a 4269     		ldr	r2, [r0, #20]
 4430 000c 1343     		orrs	r3, r2
3058:Drivers/STM32F0xx_HAL_Driver/Src/stm32f0xx_hal_uart.c ****   MODIFY_REG(huart->Instance->CR1, USART_CR1_FIELDS, tmpreg);
 4431              		.loc 1 3058 10 view .LVU1257
 4432 000e C269     		ldr	r2, [r0, #28]
 4433 0010 1343     		orrs	r3, r2
 4434              	.LVL294:
3059:Drivers/STM32F0xx_HAL_Driver/Src/stm32f0xx_hal_uart.c **** 
 4435              		.loc 1 3059 3 is_stmt 1 view .LVU1258
 4436 0012 0168     		ldr	r1, [r0]
 4437 0014 0A68     		ldr	r2, [r1]
 4438 0016 5148     		ldr	r0, .L269
 4439              	.LVL295:
3059:Drivers/STM32F0xx_HAL_Driver/Src/stm32f0xx_hal_uart.c **** 
 4440              		.loc 1 3059 3 is_stmt 0 view .LVU1259
 4441 0018 0240     		ands	r2, r0
 4442 001a 1343     		orrs	r3, r2
 4443              	.LVL296:
3059:Drivers/STM32F0xx_HAL_Driver/Src/stm32f0xx_hal_uart.c **** 
 4444              		.loc 1 3059 3 view .LVU1260
 4445 001c 0B60     		str	r3, [r1]
 4446              	.LVL297:
3064:Drivers/STM32F0xx_HAL_Driver/Src/stm32f0xx_hal_uart.c **** 
 4447              		.loc 1 3064 3 is_stmt 1 view .LVU1261
 4448 001e 2268     		ldr	r2, [r4]
 4449 0020 5368     		ldr	r3, [r2, #4]
ARM GAS  C:\Users\MINIGU~1\AppData\Local\Temp\cc3PAC1x.s 			page 170


 4450 0022 4F49     		ldr	r1, .L269+4
 4451 0024 0B40     		ands	r3, r1
 4452 0026 E168     		ldr	r1, [r4, #12]
 4453 0028 0B43     		orrs	r3, r1
 4454 002a 5360     		str	r3, [r2, #4]
3072:Drivers/STM32F0xx_HAL_Driver/Src/stm32f0xx_hal_uart.c **** 
 4455              		.loc 1 3072 3 view .LVU1262
 4456              	.LVL298:
3074:Drivers/STM32F0xx_HAL_Driver/Src/stm32f0xx_hal_uart.c ****   MODIFY_REG(huart->Instance->CR3, USART_CR3_FIELDS, tmpreg);
 4457              		.loc 1 3074 3 view .LVU1263
3074:Drivers/STM32F0xx_HAL_Driver/Src/stm32f0xx_hal_uart.c ****   MODIFY_REG(huart->Instance->CR3, USART_CR3_FIELDS, tmpreg);
 4458              		.loc 1 3074 10 is_stmt 0 view .LVU1264
 4459 002c 226A     		ldr	r2, [r4, #32]
 4460 002e A369     		ldr	r3, [r4, #24]
 4461 0030 1A43     		orrs	r2, r3
 4462              	.LVL299:
3075:Drivers/STM32F0xx_HAL_Driver/Src/stm32f0xx_hal_uart.c **** 
 4463              		.loc 1 3075 3 is_stmt 1 view .LVU1265
 4464 0032 2168     		ldr	r1, [r4]
 4465 0034 8B68     		ldr	r3, [r1, #8]
 4466 0036 4B48     		ldr	r0, .L269+8
 4467 0038 0340     		ands	r3, r0
 4468 003a 1343     		orrs	r3, r2
 4469 003c 8B60     		str	r3, [r1, #8]
3079:Drivers/STM32F0xx_HAL_Driver/Src/stm32f0xx_hal_uart.c **** 
 4470              		.loc 1 3079 3 view .LVU1266
3079:Drivers/STM32F0xx_HAL_Driver/Src/stm32f0xx_hal_uart.c **** 
 4471              		.loc 1 3079 3 view .LVU1267
 4472 003e 2368     		ldr	r3, [r4]
 4473 0040 494A     		ldr	r2, .L269+12
 4474              	.LVL300:
3079:Drivers/STM32F0xx_HAL_Driver/Src/stm32f0xx_hal_uart.c **** 
 4475              		.loc 1 3079 3 is_stmt 0 view .LVU1268
 4476 0042 9342     		cmp	r3, r2
 4477 0044 23D0     		beq	.L263
3079:Drivers/STM32F0xx_HAL_Driver/Src/stm32f0xx_hal_uart.c **** 
 4478              		.loc 1 3079 3 is_stmt 1 discriminator 2 view .LVU1269
 4479 0046 494A     		ldr	r2, .L269+16
 4480 0048 9342     		cmp	r3, r2
 4481 004a 31D0     		beq	.L264
3079:Drivers/STM32F0xx_HAL_Driver/Src/stm32f0xx_hal_uart.c **** 
 4482              		.loc 1 3079 3 is_stmt 0 view .LVU1270
 4483 004c 1023     		movs	r3, #16
 4484              	.L237:
 4485              	.LVL301:
3079:Drivers/STM32F0xx_HAL_Driver/Src/stm32f0xx_hal_uart.c **** 
 4486              		.loc 1 3079 3 is_stmt 1 discriminator 17 view .LVU1271
3081:Drivers/STM32F0xx_HAL_Driver/Src/stm32f0xx_hal_uart.c ****   {
 4487              		.loc 1 3081 3 discriminator 17 view .LVU1272
3081:Drivers/STM32F0xx_HAL_Driver/Src/stm32f0xx_hal_uart.c ****   {
 4488              		.loc 1 3081 18 is_stmt 0 discriminator 17 view .LVU1273
 4489 004e E069     		ldr	r0, [r4, #28]
3081:Drivers/STM32F0xx_HAL_Driver/Src/stm32f0xx_hal_uart.c ****   {
 4490              		.loc 1 3081 6 discriminator 17 view .LVU1274
 4491 0050 8022     		movs	r2, #128
 4492 0052 1202     		lsls	r2, r2, #8
 4493 0054 9042     		cmp	r0, r2
ARM GAS  C:\Users\MINIGU~1\AppData\Local\Temp\cc3PAC1x.s 			page 171


 4494 0056 35D0     		beq	.L265
3121:Drivers/STM32F0xx_HAL_Driver/Src/stm32f0xx_hal_uart.c ****     {
 4495              		.loc 1 3121 5 is_stmt 1 view .LVU1275
 4496 0058 042B     		cmp	r3, #4
 4497 005a 00D1     		bne	.LCB3826
 4498 005c 76E0     		b	.L246	@long jump
 4499              	.LCB3826:
 4500 005e 64D8     		bhi	.L247
 4501 0060 002B     		cmp	r3, #0
 4502 0062 00D1     		bne	.LCB3830
 4503 0064 6BE0     		b	.L248	@long jump
 4504              	.LCB3830:
 4505 0066 022B     		cmp	r3, #2
 4506 0068 5DD1     		bne	.L266
 4507 006a 4148     		ldr	r0, .L269+20
 4508              	.LVL302:
 4509              	.L249:
3144:Drivers/STM32F0xx_HAL_Driver/Src/stm32f0xx_hal_uart.c ****       if ((usartdiv >= UART_BRR_MIN) && (usartdiv <= UART_BRR_MAX))
 4510              		.loc 1 3144 7 view .LVU1276
3144:Drivers/STM32F0xx_HAL_Driver/Src/stm32f0xx_hal_uart.c ****       if ((usartdiv >= UART_BRR_MIN) && (usartdiv <= UART_BRR_MAX))
 4511              		.loc 1 3144 29 is_stmt 0 view .LVU1277
 4512 006c 6368     		ldr	r3, [r4, #4]
 4513 006e 5B08     		lsrs	r3, r3, #1
 4514 0070 1818     		adds	r0, r3, r0
 4515 0072 6168     		ldr	r1, [r4, #4]
 4516 0074 FFF7FEFF 		bl	__aeabi_uidiv
 4517              	.LVL303:
 4518 0078 0004     		lsls	r0, r0, #16
 4519 007a 000C     		lsrs	r0, r0, #16
 4520              	.LVL304:
3145:Drivers/STM32F0xx_HAL_Driver/Src/stm32f0xx_hal_uart.c ****       {
 4521              		.loc 1 3145 7 is_stmt 1 view .LVU1278
3145:Drivers/STM32F0xx_HAL_Driver/Src/stm32f0xx_hal_uart.c ****       {
 4522              		.loc 1 3145 38 is_stmt 0 view .LVU1279
 4523 007c 0200     		movs	r2, r0
 4524 007e 103A     		subs	r2, r2, #16
3145:Drivers/STM32F0xx_HAL_Driver/Src/stm32f0xx_hal_uart.c ****       {
 4525              		.loc 1 3145 10 view .LVU1280
 4526 0080 3C4B     		ldr	r3, .L269+24
 4527 0082 9A42     		cmp	r2, r3
 4528 0084 67D8     		bhi	.L262
3147:Drivers/STM32F0xx_HAL_Driver/Src/stm32f0xx_hal_uart.c ****       }
 4529              		.loc 1 3147 9 is_stmt 1 view .LVU1281
3147:Drivers/STM32F0xx_HAL_Driver/Src/stm32f0xx_hal_uart.c ****       }
 4530              		.loc 1 3147 14 is_stmt 0 view .LVU1282
 4531 0086 2368     		ldr	r3, [r4]
3147:Drivers/STM32F0xx_HAL_Driver/Src/stm32f0xx_hal_uart.c ****       }
 4532              		.loc 1 3147 30 view .LVU1283
 4533 0088 D860     		str	r0, [r3, #12]
 4534 008a 0020     		movs	r0, #0
 4535              	.LVL305:
3147:Drivers/STM32F0xx_HAL_Driver/Src/stm32f0xx_hal_uart.c ****       }
 4536              		.loc 1 3147 30 view .LVU1284
 4537 008c 53E0     		b	.L244
 4538              	.LVL306:
 4539              	.L263:
3079:Drivers/STM32F0xx_HAL_Driver/Src/stm32f0xx_hal_uart.c **** 
ARM GAS  C:\Users\MINIGU~1\AppData\Local\Temp\cc3PAC1x.s 			page 172


 4540              		.loc 1 3079 3 is_stmt 1 discriminator 1 view .LVU1285
 4541 008e 3A4B     		ldr	r3, .L269+28
 4542 0090 1A6B     		ldr	r2, [r3, #48]
 4543 0092 0323     		movs	r3, #3
 4544 0094 1340     		ands	r3, r2
 4545 0096 022B     		cmp	r3, #2
 4546 0098 0CD0     		beq	.L251
3079:Drivers/STM32F0xx_HAL_Driver/Src/stm32f0xx_hal_uart.c **** 
 4547              		.loc 1 3079 3 is_stmt 0 view .LVU1286
 4548 009a 05D8     		bhi	.L238
 4549 009c 002B     		cmp	r3, #0
 4550 009e 0BD0     		beq	.L252
 4551 00a0 012B     		cmp	r3, #1
 4552 00a2 0BD1     		bne	.L253
 4553 00a4 0333     		adds	r3, r3, #3
 4554 00a6 D2E7     		b	.L237
 4555              	.L238:
 4556 00a8 032B     		cmp	r3, #3
 4557 00aa 09D1     		bne	.L254
 4558 00ac 013B     		subs	r3, r3, #1
 4559 00ae CEE7     		b	.L237
 4560              	.L264:
 4561 00b0 0023     		movs	r3, #0
 4562 00b2 CCE7     		b	.L237
 4563              	.L251:
 4564 00b4 0823     		movs	r3, #8
 4565 00b6 CAE7     		b	.L237
 4566              	.L252:
 4567 00b8 0023     		movs	r3, #0
 4568 00ba C8E7     		b	.L237
 4569              	.L253:
 4570 00bc 1023     		movs	r3, #16
 4571 00be C6E7     		b	.L237
 4572              	.L254:
 4573 00c0 1023     		movs	r3, #16
 4574 00c2 C4E7     		b	.L237
 4575              	.LVL307:
 4576              	.L265:
3083:Drivers/STM32F0xx_HAL_Driver/Src/stm32f0xx_hal_uart.c ****     {
 4577              		.loc 1 3083 5 is_stmt 1 view .LVU1287
 4578 00c4 042B     		cmp	r3, #4
 4579 00c6 2BD0     		beq	.L240
 4580 00c8 20D8     		bhi	.L241
 4581 00ca 002B     		cmp	r3, #0
 4582 00cc 22D0     		beq	.L242
 4583 00ce 022B     		cmp	r3, #2
 4584 00d0 1AD1     		bne	.L267
3089:Drivers/STM32F0xx_HAL_Driver/Src/stm32f0xx_hal_uart.c ****         break;
 4585              		.loc 1 3089 14 is_stmt 0 view .LVU1288
 4586 00d2 2748     		ldr	r0, .L269+20
 4587              	.LVL308:
 4588              	.L243:
3106:Drivers/STM32F0xx_HAL_Driver/Src/stm32f0xx_hal_uart.c ****       if ((usartdiv >= UART_BRR_MIN) && (usartdiv <= UART_BRR_MAX))
 4589              		.loc 1 3106 7 is_stmt 1 view .LVU1289
3106:Drivers/STM32F0xx_HAL_Driver/Src/stm32f0xx_hal_uart.c ****       if ((usartdiv >= UART_BRR_MIN) && (usartdiv <= UART_BRR_MAX))
 4590              		.loc 1 3106 29 is_stmt 0 view .LVU1290
 4591 00d4 4000     		lsls	r0, r0, #1
ARM GAS  C:\Users\MINIGU~1\AppData\Local\Temp\cc3PAC1x.s 			page 173


 4592 00d6 6368     		ldr	r3, [r4, #4]
 4593 00d8 5B08     		lsrs	r3, r3, #1
 4594 00da C018     		adds	r0, r0, r3
 4595 00dc 6168     		ldr	r1, [r4, #4]
 4596 00de FFF7FEFF 		bl	__aeabi_uidiv
 4597              	.LVL309:
3106:Drivers/STM32F0xx_HAL_Driver/Src/stm32f0xx_hal_uart.c ****       if ((usartdiv >= UART_BRR_MIN) && (usartdiv <= UART_BRR_MAX))
 4598              		.loc 1 3106 18 view .LVU1291
 4599 00e2 83B2     		uxth	r3, r0
 4600 00e4 0004     		lsls	r0, r0, #16
 4601 00e6 000C     		lsrs	r0, r0, #16
 4602              	.LVL310:
3107:Drivers/STM32F0xx_HAL_Driver/Src/stm32f0xx_hal_uart.c ****       {
 4603              		.loc 1 3107 7 is_stmt 1 view .LVU1292
3107:Drivers/STM32F0xx_HAL_Driver/Src/stm32f0xx_hal_uart.c ****       {
 4604              		.loc 1 3107 38 is_stmt 0 view .LVU1293
 4605 00e8 0100     		movs	r1, r0
 4606 00ea 1039     		subs	r1, r1, #16
3107:Drivers/STM32F0xx_HAL_Driver/Src/stm32f0xx_hal_uart.c ****       {
 4607              		.loc 1 3107 10 view .LVU1294
 4608 00ec 214A     		ldr	r2, .L269+24
 4609 00ee 9142     		cmp	r1, r2
 4610 00f0 2FD8     		bhi	.L258
3109:Drivers/STM32F0xx_HAL_Driver/Src/stm32f0xx_hal_uart.c ****         brrtemp |= (uint16_t)((usartdiv & (uint16_t)0x000FU) >> 1U);
 4611              		.loc 1 3109 9 is_stmt 1 view .LVU1295
3109:Drivers/STM32F0xx_HAL_Driver/Src/stm32f0xx_hal_uart.c ****         brrtemp |= (uint16_t)((usartdiv & (uint16_t)0x000FU) >> 1U);
 4612              		.loc 1 3109 17 is_stmt 0 view .LVU1296
 4613 00f2 0F22     		movs	r2, #15
 4614 00f4 9343     		bics	r3, r2
 4615 00f6 1A00     		movs	r2, r3
 4616              	.LVL311:
3110:Drivers/STM32F0xx_HAL_Driver/Src/stm32f0xx_hal_uart.c ****         huart->Instance->BRR = brrtemp;
 4617              		.loc 1 3110 9 is_stmt 1 view .LVU1297
3110:Drivers/STM32F0xx_HAL_Driver/Src/stm32f0xx_hal_uart.c ****         huart->Instance->BRR = brrtemp;
 4618              		.loc 1 3110 62 is_stmt 0 view .LVU1298
 4619 00f8 4008     		lsrs	r0, r0, #1
 4620              	.LVL312:
3110:Drivers/STM32F0xx_HAL_Driver/Src/stm32f0xx_hal_uart.c ****         huart->Instance->BRR = brrtemp;
 4621              		.loc 1 3110 20 view .LVU1299
 4622 00fa 0723     		movs	r3, #7
 4623 00fc 1840     		ands	r0, r3
3110:Drivers/STM32F0xx_HAL_Driver/Src/stm32f0xx_hal_uart.c ****         huart->Instance->BRR = brrtemp;
 4624              		.loc 1 3110 17 view .LVU1300
 4625 00fe 1043     		orrs	r0, r2
 4626              	.LVL313:
3111:Drivers/STM32F0xx_HAL_Driver/Src/stm32f0xx_hal_uart.c ****       }
 4627              		.loc 1 3111 9 is_stmt 1 view .LVU1301
3111:Drivers/STM32F0xx_HAL_Driver/Src/stm32f0xx_hal_uart.c ****       }
 4628              		.loc 1 3111 14 is_stmt 0 view .LVU1302
 4629 0100 2368     		ldr	r3, [r4]
3111:Drivers/STM32F0xx_HAL_Driver/Src/stm32f0xx_hal_uart.c ****       }
 4630              		.loc 1 3111 30 view .LVU1303
 4631 0102 D860     		str	r0, [r3, #12]
 4632 0104 0020     		movs	r0, #0
 4633              	.LVL314:
3111:Drivers/STM32F0xx_HAL_Driver/Src/stm32f0xx_hal_uart.c ****       }
 4634              		.loc 1 3111 30 view .LVU1304
ARM GAS  C:\Users\MINIGU~1\AppData\Local\Temp\cc3PAC1x.s 			page 174


 4635 0106 16E0     		b	.L244
 4636              	.LVL315:
 4637              	.L267:
3083:Drivers/STM32F0xx_HAL_Driver/Src/stm32f0xx_hal_uart.c ****     {
 4638              		.loc 1 3083 5 view .LVU1305
 4639 0108 0120     		movs	r0, #1
 4640 010a 14E0     		b	.L244
 4641              	.L241:
 4642 010c 082B     		cmp	r3, #8
 4643 010e E1D0     		beq	.L243
 4644 0110 0120     		movs	r0, #1
 4645 0112 10E0     		b	.L244
 4646              	.L242:
3086:Drivers/STM32F0xx_HAL_Driver/Src/stm32f0xx_hal_uart.c ****         break;
 4647              		.loc 1 3086 9 is_stmt 1 view .LVU1306
3086:Drivers/STM32F0xx_HAL_Driver/Src/stm32f0xx_hal_uart.c ****         break;
 4648              		.loc 1 3086 16 is_stmt 0 view .LVU1307
 4649 0114 FFF7FEFF 		bl	HAL_RCC_GetPCLK1Freq
 4650              	.LVL316:
3087:Drivers/STM32F0xx_HAL_Driver/Src/stm32f0xx_hal_uart.c ****       case UART_CLOCKSOURCE_HSI:
 4651              		.loc 1 3087 9 is_stmt 1 view .LVU1308
 4652              	.L245:
3104:Drivers/STM32F0xx_HAL_Driver/Src/stm32f0xx_hal_uart.c ****     {
 4653              		.loc 1 3104 5 view .LVU1309
3104:Drivers/STM32F0xx_HAL_Driver/Src/stm32f0xx_hal_uart.c ****     {
 4654              		.loc 1 3104 8 is_stmt 0 view .LVU1310
 4655 0118 0028     		cmp	r0, #0
 4656 011a DBD1     		bne	.L243
3104:Drivers/STM32F0xx_HAL_Driver/Src/stm32f0xx_hal_uart.c ****     {
 4657              		.loc 1 3104 8 view .LVU1311
 4658 011c 0020     		movs	r0, #0
 4659              	.LVL317:
3104:Drivers/STM32F0xx_HAL_Driver/Src/stm32f0xx_hal_uart.c ****     {
 4660              		.loc 1 3104 8 view .LVU1312
 4661 011e 0AE0     		b	.L244
 4662              	.LVL318:
 4663              	.L240:
3092:Drivers/STM32F0xx_HAL_Driver/Src/stm32f0xx_hal_uart.c ****         break;
 4664              		.loc 1 3092 9 is_stmt 1 view .LVU1313
3092:Drivers/STM32F0xx_HAL_Driver/Src/stm32f0xx_hal_uart.c ****         break;
 4665              		.loc 1 3092 16 is_stmt 0 view .LVU1314
 4666 0120 FFF7FEFF 		bl	HAL_RCC_GetSysClockFreq
 4667              	.LVL319:
3093:Drivers/STM32F0xx_HAL_Driver/Src/stm32f0xx_hal_uart.c ****       case UART_CLOCKSOURCE_LSE:
 4668              		.loc 1 3093 9 is_stmt 1 view .LVU1315
 4669 0124 F8E7     		b	.L245
 4670              	.LVL320:
 4671              	.L266:
3121:Drivers/STM32F0xx_HAL_Driver/Src/stm32f0xx_hal_uart.c ****     {
 4672              		.loc 1 3121 5 is_stmt 0 view .LVU1316
 4673 0126 0120     		movs	r0, #1
 4674 0128 05E0     		b	.L244
 4675              	.L247:
 4676 012a 082B     		cmp	r3, #8
 4677 012c 02D1     		bne	.L268
3133:Drivers/STM32F0xx_HAL_Driver/Src/stm32f0xx_hal_uart.c ****         break;
 4678              		.loc 1 3133 14 view .LVU1317
ARM GAS  C:\Users\MINIGU~1\AppData\Local\Temp\cc3PAC1x.s 			page 175


 4679 012e 8020     		movs	r0, #128
 4680 0130 0002     		lsls	r0, r0, #8
 4681 0132 9BE7     		b	.L249
 4682              	.L268:
3121:Drivers/STM32F0xx_HAL_Driver/Src/stm32f0xx_hal_uart.c ****     {
 4683              		.loc 1 3121 5 view .LVU1318
 4684 0134 0120     		movs	r0, #1
 4685              	.LVL321:
 4686              	.L244:
3158:Drivers/STM32F0xx_HAL_Driver/Src/stm32f0xx_hal_uart.c ****   huart->TxISR = NULL;
 4687              		.loc 1 3158 3 is_stmt 1 view .LVU1319
3158:Drivers/STM32F0xx_HAL_Driver/Src/stm32f0xx_hal_uart.c ****   huart->TxISR = NULL;
 4688              		.loc 1 3158 16 is_stmt 0 view .LVU1320
 4689 0136 0023     		movs	r3, #0
 4690 0138 6366     		str	r3, [r4, #100]
3159:Drivers/STM32F0xx_HAL_Driver/Src/stm32f0xx_hal_uart.c **** 
 4691              		.loc 1 3159 3 is_stmt 1 view .LVU1321
3159:Drivers/STM32F0xx_HAL_Driver/Src/stm32f0xx_hal_uart.c **** 
 4692              		.loc 1 3159 16 is_stmt 0 view .LVU1322
 4693 013a A366     		str	r3, [r4, #104]
3161:Drivers/STM32F0xx_HAL_Driver/Src/stm32f0xx_hal_uart.c **** }
 4694              		.loc 1 3161 3 is_stmt 1 view .LVU1323
3162:Drivers/STM32F0xx_HAL_Driver/Src/stm32f0xx_hal_uart.c **** 
 4695              		.loc 1 3162 1 is_stmt 0 view .LVU1324
 4696              		@ sp needed
 4697              	.LVL322:
3162:Drivers/STM32F0xx_HAL_Driver/Src/stm32f0xx_hal_uart.c **** 
 4698              		.loc 1 3162 1 view .LVU1325
 4699 013c 10BD     		pop	{r4, pc}
 4700              	.LVL323:
 4701              	.L248:
3124:Drivers/STM32F0xx_HAL_Driver/Src/stm32f0xx_hal_uart.c ****         break;
 4702              		.loc 1 3124 9 is_stmt 1 view .LVU1326
3124:Drivers/STM32F0xx_HAL_Driver/Src/stm32f0xx_hal_uart.c ****         break;
 4703              		.loc 1 3124 16 is_stmt 0 view .LVU1327
 4704 013e FFF7FEFF 		bl	HAL_RCC_GetPCLK1Freq
 4705              	.LVL324:
3125:Drivers/STM32F0xx_HAL_Driver/Src/stm32f0xx_hal_uart.c ****       case UART_CLOCKSOURCE_HSI:
 4706              		.loc 1 3125 9 is_stmt 1 view .LVU1328
 4707              	.L250:
3141:Drivers/STM32F0xx_HAL_Driver/Src/stm32f0xx_hal_uart.c ****     {
 4708              		.loc 1 3141 5 view .LVU1329
3141:Drivers/STM32F0xx_HAL_Driver/Src/stm32f0xx_hal_uart.c ****     {
 4709              		.loc 1 3141 8 is_stmt 0 view .LVU1330
 4710 0142 0028     		cmp	r0, #0
 4711 0144 00D0     		beq	.LCB4075
 4712 0146 91E7     		b	.L249	@long jump
 4713              	.LCB4075:
3141:Drivers/STM32F0xx_HAL_Driver/Src/stm32f0xx_hal_uart.c ****     {
 4714              		.loc 1 3141 8 view .LVU1331
 4715 0148 0020     		movs	r0, #0
 4716              	.LVL325:
3141:Drivers/STM32F0xx_HAL_Driver/Src/stm32f0xx_hal_uart.c ****     {
 4717              		.loc 1 3141 8 view .LVU1332
 4718 014a F4E7     		b	.L244
 4719              	.LVL326:
 4720              	.L246:
ARM GAS  C:\Users\MINIGU~1\AppData\Local\Temp\cc3PAC1x.s 			page 176


3130:Drivers/STM32F0xx_HAL_Driver/Src/stm32f0xx_hal_uart.c ****         break;
 4721              		.loc 1 3130 9 is_stmt 1 view .LVU1333
3130:Drivers/STM32F0xx_HAL_Driver/Src/stm32f0xx_hal_uart.c ****         break;
 4722              		.loc 1 3130 16 is_stmt 0 view .LVU1334
 4723 014c FFF7FEFF 		bl	HAL_RCC_GetSysClockFreq
 4724              	.LVL327:
3131:Drivers/STM32F0xx_HAL_Driver/Src/stm32f0xx_hal_uart.c ****       case UART_CLOCKSOURCE_LSE:
 4725              		.loc 1 3131 9 is_stmt 1 view .LVU1335
 4726 0150 F7E7     		b	.L250
 4727              	.LVL328:
 4728              	.L258:
3115:Drivers/STM32F0xx_HAL_Driver/Src/stm32f0xx_hal_uart.c ****       }
 4729              		.loc 1 3115 13 is_stmt 0 view .LVU1336
 4730 0152 0120     		movs	r0, #1
 4731              	.LVL329:
3115:Drivers/STM32F0xx_HAL_Driver/Src/stm32f0xx_hal_uart.c ****       }
 4732              		.loc 1 3115 13 view .LVU1337
 4733 0154 EFE7     		b	.L244
 4734              	.LVL330:
 4735              	.L262:
3151:Drivers/STM32F0xx_HAL_Driver/Src/stm32f0xx_hal_uart.c ****       }
 4736              		.loc 1 3151 13 view .LVU1338
 4737 0156 0120     		movs	r0, #1
 4738              	.LVL331:
3151:Drivers/STM32F0xx_HAL_Driver/Src/stm32f0xx_hal_uart.c ****       }
 4739              		.loc 1 3151 13 view .LVU1339
 4740 0158 EDE7     		b	.L244
 4741              	.L270:
 4742 015a C046     		.align	2
 4743              	.L269:
 4744 015c F369FFEF 		.word	-268473869
 4745 0160 FFCFFFFF 		.word	-12289
 4746 0164 FFF4FFFF 		.word	-2817
 4747 0168 00380140 		.word	1073821696
 4748 016c 00440040 		.word	1073759232
 4749 0170 00127A00 		.word	8000000
 4750 0174 EFFF0000 		.word	65519
 4751 0178 00100240 		.word	1073876992
 4752              		.cfi_endproc
 4753              	.LFE81:
 4755              		.section	.text.UART_AdvFeatureConfig,"ax",%progbits
 4756              		.align	1
 4757              		.global	UART_AdvFeatureConfig
 4758              		.syntax unified
 4759              		.code	16
 4760              		.thumb_func
 4761              		.fpu softvfp
 4763              	UART_AdvFeatureConfig:
 4764              	.LVL332:
 4765              	.LFB82:
3170:Drivers/STM32F0xx_HAL_Driver/Src/stm32f0xx_hal_uart.c ****   /* Check whether the set of advanced features to configure is properly set */
 4766              		.loc 1 3170 1 is_stmt 1 view -0
 4767              		.cfi_startproc
 4768              		@ args = 0, pretend = 0, frame = 0
 4769              		@ frame_needed = 0, uses_anonymous_args = 0
 4770              		@ link register save eliminated.
3172:Drivers/STM32F0xx_HAL_Driver/Src/stm32f0xx_hal_uart.c **** 
ARM GAS  C:\Users\MINIGU~1\AppData\Local\Temp\cc3PAC1x.s 			page 177


 4771              		.loc 1 3172 3 view .LVU1341
3175:Drivers/STM32F0xx_HAL_Driver/Src/stm32f0xx_hal_uart.c ****   {
 4772              		.loc 1 3175 3 view .LVU1342
3175:Drivers/STM32F0xx_HAL_Driver/Src/stm32f0xx_hal_uart.c ****   {
 4773              		.loc 1 3175 6 is_stmt 0 view .LVU1343
 4774 0000 436A     		ldr	r3, [r0, #36]
 4775 0002 DB07     		lsls	r3, r3, #31
 4776 0004 06D5     		bpl	.L272
3177:Drivers/STM32F0xx_HAL_Driver/Src/stm32f0xx_hal_uart.c ****     MODIFY_REG(huart->Instance->CR2, USART_CR2_TXINV, huart->AdvancedInit.TxPinLevelInvert);
 4777              		.loc 1 3177 5 is_stmt 1 view .LVU1344
3178:Drivers/STM32F0xx_HAL_Driver/Src/stm32f0xx_hal_uart.c ****   }
 4778              		.loc 1 3178 5 view .LVU1345
 4779 0006 0268     		ldr	r2, [r0]
 4780 0008 5368     		ldr	r3, [r2, #4]
 4781 000a 2C49     		ldr	r1, .L281
 4782 000c 0B40     		ands	r3, r1
 4783 000e 816A     		ldr	r1, [r0, #40]
 4784 0010 0B43     		orrs	r3, r1
 4785 0012 5360     		str	r3, [r2, #4]
 4786              	.L272:
3182:Drivers/STM32F0xx_HAL_Driver/Src/stm32f0xx_hal_uart.c ****   {
 4787              		.loc 1 3182 3 view .LVU1346
3182:Drivers/STM32F0xx_HAL_Driver/Src/stm32f0xx_hal_uart.c ****   {
 4788              		.loc 1 3182 6 is_stmt 0 view .LVU1347
 4789 0014 436A     		ldr	r3, [r0, #36]
 4790 0016 9B07     		lsls	r3, r3, #30
 4791 0018 06D5     		bpl	.L273
3184:Drivers/STM32F0xx_HAL_Driver/Src/stm32f0xx_hal_uart.c ****     MODIFY_REG(huart->Instance->CR2, USART_CR2_RXINV, huart->AdvancedInit.RxPinLevelInvert);
 4792              		.loc 1 3184 5 is_stmt 1 view .LVU1348
3185:Drivers/STM32F0xx_HAL_Driver/Src/stm32f0xx_hal_uart.c ****   }
 4793              		.loc 1 3185 5 view .LVU1349
 4794 001a 0268     		ldr	r2, [r0]
 4795 001c 5368     		ldr	r3, [r2, #4]
 4796 001e 2849     		ldr	r1, .L281+4
 4797 0020 0B40     		ands	r3, r1
 4798 0022 C16A     		ldr	r1, [r0, #44]
 4799 0024 0B43     		orrs	r3, r1
 4800 0026 5360     		str	r3, [r2, #4]
 4801              	.L273:
3189:Drivers/STM32F0xx_HAL_Driver/Src/stm32f0xx_hal_uart.c ****   {
 4802              		.loc 1 3189 3 view .LVU1350
3189:Drivers/STM32F0xx_HAL_Driver/Src/stm32f0xx_hal_uart.c ****   {
 4803              		.loc 1 3189 6 is_stmt 0 view .LVU1351
 4804 0028 436A     		ldr	r3, [r0, #36]
 4805 002a 5B07     		lsls	r3, r3, #29
 4806 002c 06D5     		bpl	.L274
3191:Drivers/STM32F0xx_HAL_Driver/Src/stm32f0xx_hal_uart.c ****     MODIFY_REG(huart->Instance->CR2, USART_CR2_DATAINV, huart->AdvancedInit.DataInvert);
 4807              		.loc 1 3191 5 is_stmt 1 view .LVU1352
3192:Drivers/STM32F0xx_HAL_Driver/Src/stm32f0xx_hal_uart.c ****   }
 4808              		.loc 1 3192 5 view .LVU1353
 4809 002e 0268     		ldr	r2, [r0]
 4810 0030 5368     		ldr	r3, [r2, #4]
 4811 0032 2449     		ldr	r1, .L281+8
 4812 0034 0B40     		ands	r3, r1
 4813 0036 016B     		ldr	r1, [r0, #48]
 4814 0038 0B43     		orrs	r3, r1
 4815 003a 5360     		str	r3, [r2, #4]
ARM GAS  C:\Users\MINIGU~1\AppData\Local\Temp\cc3PAC1x.s 			page 178


 4816              	.L274:
3196:Drivers/STM32F0xx_HAL_Driver/Src/stm32f0xx_hal_uart.c ****   {
 4817              		.loc 1 3196 3 view .LVU1354
3196:Drivers/STM32F0xx_HAL_Driver/Src/stm32f0xx_hal_uart.c ****   {
 4818              		.loc 1 3196 6 is_stmt 0 view .LVU1355
 4819 003c 436A     		ldr	r3, [r0, #36]
 4820 003e 1B07     		lsls	r3, r3, #28
 4821 0040 06D5     		bpl	.L275
3198:Drivers/STM32F0xx_HAL_Driver/Src/stm32f0xx_hal_uart.c ****     MODIFY_REG(huart->Instance->CR2, USART_CR2_SWAP, huart->AdvancedInit.Swap);
 4822              		.loc 1 3198 5 is_stmt 1 view .LVU1356
3199:Drivers/STM32F0xx_HAL_Driver/Src/stm32f0xx_hal_uart.c ****   }
 4823              		.loc 1 3199 5 view .LVU1357
 4824 0042 0268     		ldr	r2, [r0]
 4825 0044 5368     		ldr	r3, [r2, #4]
 4826 0046 2049     		ldr	r1, .L281+12
 4827 0048 0B40     		ands	r3, r1
 4828 004a 416B     		ldr	r1, [r0, #52]
 4829 004c 0B43     		orrs	r3, r1
 4830 004e 5360     		str	r3, [r2, #4]
 4831              	.L275:
3203:Drivers/STM32F0xx_HAL_Driver/Src/stm32f0xx_hal_uart.c ****   {
 4832              		.loc 1 3203 3 view .LVU1358
3203:Drivers/STM32F0xx_HAL_Driver/Src/stm32f0xx_hal_uart.c ****   {
 4833              		.loc 1 3203 6 is_stmt 0 view .LVU1359
 4834 0050 436A     		ldr	r3, [r0, #36]
 4835 0052 DB06     		lsls	r3, r3, #27
 4836 0054 06D5     		bpl	.L276
3205:Drivers/STM32F0xx_HAL_Driver/Src/stm32f0xx_hal_uart.c ****     MODIFY_REG(huart->Instance->CR3, USART_CR3_OVRDIS, huart->AdvancedInit.OverrunDisable);
 4837              		.loc 1 3205 5 is_stmt 1 view .LVU1360
3206:Drivers/STM32F0xx_HAL_Driver/Src/stm32f0xx_hal_uart.c ****   }
 4838              		.loc 1 3206 5 view .LVU1361
 4839 0056 0268     		ldr	r2, [r0]
 4840 0058 9368     		ldr	r3, [r2, #8]
 4841 005a 1C49     		ldr	r1, .L281+16
 4842 005c 0B40     		ands	r3, r1
 4843 005e 816B     		ldr	r1, [r0, #56]
 4844 0060 0B43     		orrs	r3, r1
 4845 0062 9360     		str	r3, [r2, #8]
 4846              	.L276:
3210:Drivers/STM32F0xx_HAL_Driver/Src/stm32f0xx_hal_uart.c ****   {
 4847              		.loc 1 3210 3 view .LVU1362
3210:Drivers/STM32F0xx_HAL_Driver/Src/stm32f0xx_hal_uart.c ****   {
 4848              		.loc 1 3210 6 is_stmt 0 view .LVU1363
 4849 0064 436A     		ldr	r3, [r0, #36]
 4850 0066 9B06     		lsls	r3, r3, #26
 4851 0068 06D5     		bpl	.L277
3212:Drivers/STM32F0xx_HAL_Driver/Src/stm32f0xx_hal_uart.c ****     MODIFY_REG(huart->Instance->CR3, USART_CR3_DDRE, huart->AdvancedInit.DMADisableonRxError);
 4852              		.loc 1 3212 5 is_stmt 1 view .LVU1364
3213:Drivers/STM32F0xx_HAL_Driver/Src/stm32f0xx_hal_uart.c ****   }
 4853              		.loc 1 3213 5 view .LVU1365
 4854 006a 0268     		ldr	r2, [r0]
 4855 006c 9368     		ldr	r3, [r2, #8]
 4856 006e 1849     		ldr	r1, .L281+20
 4857 0070 0B40     		ands	r3, r1
 4858 0072 C16B     		ldr	r1, [r0, #60]
 4859 0074 0B43     		orrs	r3, r1
 4860 0076 9360     		str	r3, [r2, #8]
ARM GAS  C:\Users\MINIGU~1\AppData\Local\Temp\cc3PAC1x.s 			page 179


 4861              	.L277:
3217:Drivers/STM32F0xx_HAL_Driver/Src/stm32f0xx_hal_uart.c ****   {
 4862              		.loc 1 3217 3 view .LVU1366
3217:Drivers/STM32F0xx_HAL_Driver/Src/stm32f0xx_hal_uart.c ****   {
 4863              		.loc 1 3217 6 is_stmt 0 view .LVU1367
 4864 0078 436A     		ldr	r3, [r0, #36]
 4865 007a 5B06     		lsls	r3, r3, #25
 4866 007c 0BD5     		bpl	.L278
3219:Drivers/STM32F0xx_HAL_Driver/Src/stm32f0xx_hal_uart.c ****     assert_param(IS_UART_ADVFEATURE_AUTOBAUDRATE(huart->AdvancedInit.AutoBaudRateEnable));
 4867              		.loc 1 3219 5 is_stmt 1 view .LVU1368
3220:Drivers/STM32F0xx_HAL_Driver/Src/stm32f0xx_hal_uart.c ****     MODIFY_REG(huart->Instance->CR2, USART_CR2_ABREN, huart->AdvancedInit.AutoBaudRateEnable);
 4868              		.loc 1 3220 5 view .LVU1369
3221:Drivers/STM32F0xx_HAL_Driver/Src/stm32f0xx_hal_uart.c ****     /* set auto Baudrate detection parameters if detection is enabled */
 4869              		.loc 1 3221 5 view .LVU1370
 4870 007e 0268     		ldr	r2, [r0]
 4871 0080 5368     		ldr	r3, [r2, #4]
 4872 0082 1449     		ldr	r1, .L281+24
 4873 0084 0B40     		ands	r3, r1
 4874 0086 016C     		ldr	r1, [r0, #64]
 4875 0088 0B43     		orrs	r3, r1
 4876 008a 5360     		str	r3, [r2, #4]
3223:Drivers/STM32F0xx_HAL_Driver/Src/stm32f0xx_hal_uart.c ****     {
 4877              		.loc 1 3223 5 view .LVU1371
3223:Drivers/STM32F0xx_HAL_Driver/Src/stm32f0xx_hal_uart.c ****     {
 4878              		.loc 1 3223 8 is_stmt 0 view .LVU1372
 4879 008c 8023     		movs	r3, #128
 4880 008e 5B03     		lsls	r3, r3, #13
 4881 0090 026C     		ldr	r2, [r0, #64]
 4882 0092 9A42     		cmp	r2, r3
 4883 0094 0AD0     		beq	.L280
 4884              	.L278:
3231:Drivers/STM32F0xx_HAL_Driver/Src/stm32f0xx_hal_uart.c ****   {
 4885              		.loc 1 3231 3 is_stmt 1 view .LVU1373
3231:Drivers/STM32F0xx_HAL_Driver/Src/stm32f0xx_hal_uart.c ****   {
 4886              		.loc 1 3231 6 is_stmt 0 view .LVU1374
 4887 0096 436A     		ldr	r3, [r0, #36]
 4888 0098 1B06     		lsls	r3, r3, #24
 4889 009a 06D5     		bpl	.L271
3233:Drivers/STM32F0xx_HAL_Driver/Src/stm32f0xx_hal_uart.c ****     MODIFY_REG(huart->Instance->CR2, USART_CR2_MSBFIRST, huart->AdvancedInit.MSBFirst);
 4890              		.loc 1 3233 5 is_stmt 1 view .LVU1375
3234:Drivers/STM32F0xx_HAL_Driver/Src/stm32f0xx_hal_uart.c ****   }
 4891              		.loc 1 3234 5 view .LVU1376
 4892 009c 0268     		ldr	r2, [r0]
 4893 009e 5368     		ldr	r3, [r2, #4]
 4894 00a0 0D49     		ldr	r1, .L281+28
 4895 00a2 0B40     		ands	r3, r1
 4896 00a4 816C     		ldr	r1, [r0, #72]
 4897 00a6 0B43     		orrs	r3, r1
 4898 00a8 5360     		str	r3, [r2, #4]
 4899              	.L271:
3236:Drivers/STM32F0xx_HAL_Driver/Src/stm32f0xx_hal_uart.c **** 
 4900              		.loc 1 3236 1 is_stmt 0 view .LVU1377
 4901              		@ sp needed
 4902 00aa 7047     		bx	lr
 4903              	.L280:
3225:Drivers/STM32F0xx_HAL_Driver/Src/stm32f0xx_hal_uart.c ****       MODIFY_REG(huart->Instance->CR2, USART_CR2_ABRMODE, huart->AdvancedInit.AutoBaudRateMode);
 4904              		.loc 1 3225 7 is_stmt 1 view .LVU1378
ARM GAS  C:\Users\MINIGU~1\AppData\Local\Temp\cc3PAC1x.s 			page 180


3226:Drivers/STM32F0xx_HAL_Driver/Src/stm32f0xx_hal_uart.c ****     }
 4905              		.loc 1 3226 7 view .LVU1379
 4906 00ac 0268     		ldr	r2, [r0]
 4907 00ae 5368     		ldr	r3, [r2, #4]
 4908 00b0 0A49     		ldr	r1, .L281+32
 4909 00b2 0B40     		ands	r3, r1
 4910 00b4 416C     		ldr	r1, [r0, #68]
 4911 00b6 0B43     		orrs	r3, r1
 4912 00b8 5360     		str	r3, [r2, #4]
 4913 00ba ECE7     		b	.L278
 4914              	.L282:
 4915              		.align	2
 4916              	.L281:
 4917 00bc FFFFFDFF 		.word	-131073
 4918 00c0 FFFFFEFF 		.word	-65537
 4919 00c4 FFFFFBFF 		.word	-262145
 4920 00c8 FF7FFFFF 		.word	-32769
 4921 00cc FFEFFFFF 		.word	-4097
 4922 00d0 FFDFFFFF 		.word	-8193
 4923 00d4 FFFFEFFF 		.word	-1048577
 4924 00d8 FFFFF7FF 		.word	-524289
 4925 00dc FFFF9FFF 		.word	-6291457
 4926              		.cfi_endproc
 4927              	.LFE82:
 4929              		.section	.text.UART_WaitOnFlagUntilTimeout,"ax",%progbits
 4930              		.align	1
 4931              		.global	UART_WaitOnFlagUntilTimeout
 4932              		.syntax unified
 4933              		.code	16
 4934              		.thumb_func
 4935              		.fpu softvfp
 4937              	UART_WaitOnFlagUntilTimeout:
 4938              	.LVL333:
 4939              	.LFB84:
3296:Drivers/STM32F0xx_HAL_Driver/Src/stm32f0xx_hal_uart.c ****   /* Wait until flag is set */
 4940              		.loc 1 3296 1 view -0
 4941              		.cfi_startproc
 4942              		@ args = 4, pretend = 0, frame = 0
 4943              		@ frame_needed = 0, uses_anonymous_args = 0
3296:Drivers/STM32F0xx_HAL_Driver/Src/stm32f0xx_hal_uart.c ****   /* Wait until flag is set */
 4944              		.loc 1 3296 1 is_stmt 0 view .LVU1381
 4945 0000 F8B5     		push	{r3, r4, r5, r6, r7, lr}
 4946              	.LCFI30:
 4947              		.cfi_def_cfa_offset 24
 4948              		.cfi_offset 3, -24
 4949              		.cfi_offset 4, -20
 4950              		.cfi_offset 5, -16
 4951              		.cfi_offset 6, -12
 4952              		.cfi_offset 7, -8
 4953              		.cfi_offset 14, -4
 4954 0002 CE46     		mov	lr, r9
 4955 0004 4746     		mov	r7, r8
 4956 0006 80B5     		push	{r7, lr}
 4957              	.LCFI31:
 4958              		.cfi_def_cfa_offset 32
 4959              		.cfi_offset 8, -32
 4960              		.cfi_offset 9, -28
ARM GAS  C:\Users\MINIGU~1\AppData\Local\Temp\cc3PAC1x.s 			page 181


 4961 0008 0600     		movs	r6, r0
 4962 000a 0D00     		movs	r5, r1
 4963 000c 1700     		movs	r7, r2
 4964 000e 9946     		mov	r9, r3
 4965 0010 089B     		ldr	r3, [sp, #32]
 4966              	.LVL334:
3296:Drivers/STM32F0xx_HAL_Driver/Src/stm32f0xx_hal_uart.c ****   /* Wait until flag is set */
 4967              		.loc 1 3296 1 view .LVU1382
 4968 0012 9846     		mov	r8, r3
3298:Drivers/STM32F0xx_HAL_Driver/Src/stm32f0xx_hal_uart.c ****   {
 4969              		.loc 1 3298 3 is_stmt 1 view .LVU1383
 4970              	.LVL335:
 4971              	.L285:
3298:Drivers/STM32F0xx_HAL_Driver/Src/stm32f0xx_hal_uart.c ****   {
 4972              		.loc 1 3298 9 view .LVU1384
3298:Drivers/STM32F0xx_HAL_Driver/Src/stm32f0xx_hal_uart.c ****   {
 4973              		.loc 1 3298 11 is_stmt 0 view .LVU1385
 4974 0014 3368     		ldr	r3, [r6]
 4975 0016 DC69     		ldr	r4, [r3, #28]
 4976 0018 2C40     		ands	r4, r5
3298:Drivers/STM32F0xx_HAL_Driver/Src/stm32f0xx_hal_uart.c ****   {
 4977              		.loc 1 3298 50 view .LVU1386
 4978 001a 641B     		subs	r4, r4, r5
 4979 001c 6342     		rsbs	r3, r4, #0
 4980 001e 5C41     		adcs	r4, r4, r3
3298:Drivers/STM32F0xx_HAL_Driver/Src/stm32f0xx_hal_uart.c ****   {
 4981              		.loc 1 3298 9 view .LVU1387
 4982 0020 BC42     		cmp	r4, r7
 4983 0022 3DD1     		bne	.L290
3301:Drivers/STM32F0xx_HAL_Driver/Src/stm32f0xx_hal_uart.c ****     {
 4984              		.loc 1 3301 5 is_stmt 1 view .LVU1388
3301:Drivers/STM32F0xx_HAL_Driver/Src/stm32f0xx_hal_uart.c ****     {
 4985              		.loc 1 3301 8 is_stmt 0 view .LVU1389
 4986 0024 4346     		mov	r3, r8
 4987 0026 0133     		adds	r3, r3, #1
 4988 0028 F4D0     		beq	.L285
3303:Drivers/STM32F0xx_HAL_Driver/Src/stm32f0xx_hal_uart.c ****       {
 4989              		.loc 1 3303 7 is_stmt 1 view .LVU1390
3303:Drivers/STM32F0xx_HAL_Driver/Src/stm32f0xx_hal_uart.c ****       {
 4990              		.loc 1 3303 13 is_stmt 0 view .LVU1391
 4991 002a FFF7FEFF 		bl	HAL_GetTick
 4992              	.LVL336:
3303:Drivers/STM32F0xx_HAL_Driver/Src/stm32f0xx_hal_uart.c ****       {
 4993              		.loc 1 3303 27 view .LVU1392
 4994 002e 4B46     		mov	r3, r9
 4995 0030 C01A     		subs	r0, r0, r3
3303:Drivers/STM32F0xx_HAL_Driver/Src/stm32f0xx_hal_uart.c ****       {
 4996              		.loc 1 3303 10 view .LVU1393
 4997 0032 4045     		cmp	r0, r8
 4998 0034 21D8     		bhi	.L286
 4999              	.LVL337:
3303:Drivers/STM32F0xx_HAL_Driver/Src/stm32f0xx_hal_uart.c ****       {
 5000              		.loc 1 3303 51 discriminator 1 view .LVU1394
 5001 0036 4346     		mov	r3, r8
 5002              	.LVL338:
3303:Drivers/STM32F0xx_HAL_Driver/Src/stm32f0xx_hal_uart.c ****       {
 5003              		.loc 1 3303 51 discriminator 1 view .LVU1395
ARM GAS  C:\Users\MINIGU~1\AppData\Local\Temp\cc3PAC1x.s 			page 182


 5004 0038 002B     		cmp	r3, #0
 5005 003a 1ED0     		beq	.L286
3318:Drivers/STM32F0xx_HAL_Driver/Src/stm32f0xx_hal_uart.c ****       {
 5006              		.loc 1 3318 7 is_stmt 1 view .LVU1396
3318:Drivers/STM32F0xx_HAL_Driver/Src/stm32f0xx_hal_uart.c ****       {
 5007              		.loc 1 3318 11 is_stmt 0 view .LVU1397
 5008 003c 3368     		ldr	r3, [r6]
 5009 003e 1A68     		ldr	r2, [r3]
3318:Drivers/STM32F0xx_HAL_Driver/Src/stm32f0xx_hal_uart.c ****       {
 5010              		.loc 1 3318 10 view .LVU1398
 5011 0040 5207     		lsls	r2, r2, #29
 5012 0042 E7D5     		bpl	.L285
3320:Drivers/STM32F0xx_HAL_Driver/Src/stm32f0xx_hal_uart.c ****         {
 5013              		.loc 1 3320 9 is_stmt 1 view .LVU1399
3320:Drivers/STM32F0xx_HAL_Driver/Src/stm32f0xx_hal_uart.c ****         {
 5014              		.loc 1 3320 13 is_stmt 0 view .LVU1400
 5015 0044 DA69     		ldr	r2, [r3, #28]
3320:Drivers/STM32F0xx_HAL_Driver/Src/stm32f0xx_hal_uart.c ****         {
 5016              		.loc 1 3320 12 view .LVU1401
 5017 0046 1205     		lsls	r2, r2, #20
 5018 0048 E4D5     		bpl	.L285
3323:Drivers/STM32F0xx_HAL_Driver/Src/stm32f0xx_hal_uart.c **** 
 5019              		.loc 1 3323 11 is_stmt 1 view .LVU1402
 5020 004a 8022     		movs	r2, #128
 5021 004c 1201     		lsls	r2, r2, #4
 5022 004e 1A62     		str	r2, [r3, #32]
3327:Drivers/STM32F0xx_HAL_Driver/Src/stm32f0xx_hal_uart.c ****           CLEAR_BIT(huart->Instance->CR3, USART_CR3_EIE);
 5023              		.loc 1 3327 11 view .LVU1403
 5024 0050 3268     		ldr	r2, [r6]
 5025 0052 1368     		ldr	r3, [r2]
 5026 0054 1549     		ldr	r1, .L291
 5027 0056 0B40     		ands	r3, r1
 5028 0058 1360     		str	r3, [r2]
3328:Drivers/STM32F0xx_HAL_Driver/Src/stm32f0xx_hal_uart.c **** 
 5029              		.loc 1 3328 11 view .LVU1404
 5030 005a 3268     		ldr	r2, [r6]
 5031 005c 9368     		ldr	r3, [r2, #8]
 5032 005e A331     		adds	r1, r1, #163
 5033 0060 FF31     		adds	r1, r1, #255
 5034 0062 8B43     		bics	r3, r1
 5035 0064 9360     		str	r3, [r2, #8]
3330:Drivers/STM32F0xx_HAL_Driver/Src/stm32f0xx_hal_uart.c ****           huart->RxState = HAL_UART_STATE_READY;
 5036              		.loc 1 3330 11 view .LVU1405
3330:Drivers/STM32F0xx_HAL_Driver/Src/stm32f0xx_hal_uart.c ****           huart->RxState = HAL_UART_STATE_READY;
 5037              		.loc 1 3330 25 is_stmt 0 view .LVU1406
 5038 0066 2023     		movs	r3, #32
 5039 0068 B367     		str	r3, [r6, #120]
3331:Drivers/STM32F0xx_HAL_Driver/Src/stm32f0xx_hal_uart.c ****           huart->ErrorCode = HAL_UART_ERROR_RTO;
 5040              		.loc 1 3331 11 is_stmt 1 view .LVU1407
3331:Drivers/STM32F0xx_HAL_Driver/Src/stm32f0xx_hal_uart.c ****           huart->ErrorCode = HAL_UART_ERROR_RTO;
 5041              		.loc 1 3331 26 is_stmt 0 view .LVU1408
 5042 006a F367     		str	r3, [r6, #124]
3332:Drivers/STM32F0xx_HAL_Driver/Src/stm32f0xx_hal_uart.c **** 
 5043              		.loc 1 3332 11 is_stmt 1 view .LVU1409
3332:Drivers/STM32F0xx_HAL_Driver/Src/stm32f0xx_hal_uart.c **** 
 5044              		.loc 1 3332 28 is_stmt 0 view .LVU1410
 5045 006c 8022     		movs	r2, #128
ARM GAS  C:\Users\MINIGU~1\AppData\Local\Temp\cc3PAC1x.s 			page 183


 5046 006e B350     		str	r3, [r6, r2]
3335:Drivers/STM32F0xx_HAL_Driver/Src/stm32f0xx_hal_uart.c **** 
 5047              		.loc 1 3335 11 is_stmt 1 view .LVU1411
3335:Drivers/STM32F0xx_HAL_Driver/Src/stm32f0xx_hal_uart.c **** 
 5048              		.loc 1 3335 11 view .LVU1412
 5049 0070 5433     		adds	r3, r3, #84
 5050 0072 0022     		movs	r2, #0
 5051 0074 F254     		strb	r2, [r6, r3]
3335:Drivers/STM32F0xx_HAL_Driver/Src/stm32f0xx_hal_uart.c **** 
 5052              		.loc 1 3335 11 view .LVU1413
3337:Drivers/STM32F0xx_HAL_Driver/Src/stm32f0xx_hal_uart.c ****         }
 5053              		.loc 1 3337 11 view .LVU1414
3337:Drivers/STM32F0xx_HAL_Driver/Src/stm32f0xx_hal_uart.c ****         }
 5054              		.loc 1 3337 18 is_stmt 0 view .LVU1415
 5055 0076 0320     		movs	r0, #3
 5056 0078 13E0     		b	.L288
 5057              	.L286:
3307:Drivers/STM32F0xx_HAL_Driver/Src/stm32f0xx_hal_uart.c ****         CLEAR_BIT(huart->Instance->CR3, USART_CR3_EIE);
 5058              		.loc 1 3307 9 is_stmt 1 view .LVU1416
 5059 007a 3268     		ldr	r2, [r6]
 5060 007c 1368     		ldr	r3, [r2]
 5061 007e 0B49     		ldr	r1, .L291
 5062 0080 0B40     		ands	r3, r1
 5063 0082 1360     		str	r3, [r2]
3308:Drivers/STM32F0xx_HAL_Driver/Src/stm32f0xx_hal_uart.c **** 
 5064              		.loc 1 3308 9 view .LVU1417
 5065 0084 3268     		ldr	r2, [r6]
 5066 0086 9368     		ldr	r3, [r2, #8]
 5067 0088 A331     		adds	r1, r1, #163
 5068 008a FF31     		adds	r1, r1, #255
 5069 008c 8B43     		bics	r3, r1
 5070 008e 9360     		str	r3, [r2, #8]
3310:Drivers/STM32F0xx_HAL_Driver/Src/stm32f0xx_hal_uart.c ****         huart->RxState = HAL_UART_STATE_READY;
 5071              		.loc 1 3310 9 view .LVU1418
3310:Drivers/STM32F0xx_HAL_Driver/Src/stm32f0xx_hal_uart.c ****         huart->RxState = HAL_UART_STATE_READY;
 5072              		.loc 1 3310 23 is_stmt 0 view .LVU1419
 5073 0090 2023     		movs	r3, #32
 5074 0092 B367     		str	r3, [r6, #120]
3311:Drivers/STM32F0xx_HAL_Driver/Src/stm32f0xx_hal_uart.c **** 
 5075              		.loc 1 3311 9 is_stmt 1 view .LVU1420
3311:Drivers/STM32F0xx_HAL_Driver/Src/stm32f0xx_hal_uart.c **** 
 5076              		.loc 1 3311 24 is_stmt 0 view .LVU1421
 5077 0094 F367     		str	r3, [r6, #124]
3313:Drivers/STM32F0xx_HAL_Driver/Src/stm32f0xx_hal_uart.c **** 
 5078              		.loc 1 3313 9 is_stmt 1 view .LVU1422
3313:Drivers/STM32F0xx_HAL_Driver/Src/stm32f0xx_hal_uart.c **** 
 5079              		.loc 1 3313 9 view .LVU1423
 5080 0096 5433     		adds	r3, r3, #84
 5081 0098 0022     		movs	r2, #0
 5082 009a F254     		strb	r2, [r6, r3]
3313:Drivers/STM32F0xx_HAL_Driver/Src/stm32f0xx_hal_uart.c **** 
 5083              		.loc 1 3313 9 view .LVU1424
3315:Drivers/STM32F0xx_HAL_Driver/Src/stm32f0xx_hal_uart.c ****       }
 5084              		.loc 1 3315 9 view .LVU1425
3315:Drivers/STM32F0xx_HAL_Driver/Src/stm32f0xx_hal_uart.c ****       }
 5085              		.loc 1 3315 16 is_stmt 0 view .LVU1426
 5086 009c 0320     		movs	r0, #3
ARM GAS  C:\Users\MINIGU~1\AppData\Local\Temp\cc3PAC1x.s 			page 184


 5087 009e 00E0     		b	.L288
 5088              	.L290:
3342:Drivers/STM32F0xx_HAL_Driver/Src/stm32f0xx_hal_uart.c **** }
 5089              		.loc 1 3342 10 view .LVU1427
 5090 00a0 0020     		movs	r0, #0
 5091              	.L288:
3343:Drivers/STM32F0xx_HAL_Driver/Src/stm32f0xx_hal_uart.c **** 
 5092              		.loc 1 3343 1 view .LVU1428
 5093              		@ sp needed
 5094              	.LVL339:
 5095              	.LVL340:
 5096              	.LVL341:
3343:Drivers/STM32F0xx_HAL_Driver/Src/stm32f0xx_hal_uart.c **** 
 5097              		.loc 1 3343 1 view .LVU1429
 5098 00a2 C0BC     		pop	{r6, r7}
 5099 00a4 B946     		mov	r9, r7
 5100 00a6 B046     		mov	r8, r6
 5101 00a8 F8BD     		pop	{r3, r4, r5, r6, r7, pc}
 5102              	.L292:
 5103 00aa C046     		.align	2
 5104              	.L291:
 5105 00ac 5FFEFFFF 		.word	-417
 5106              		.cfi_endproc
 5107              	.LFE84:
 5109              		.section	.text.HAL_UART_Transmit,"ax",%progbits
 5110              		.align	1
 5111              		.global	HAL_UART_Transmit
 5112              		.syntax unified
 5113              		.code	16
 5114              		.thumb_func
 5115              		.fpu softvfp
 5117              	HAL_UART_Transmit:
 5118              	.LVL342:
 5119              	.LFB46:
1146:Drivers/STM32F0xx_HAL_Driver/Src/stm32f0xx_hal_uart.c ****   uint8_t  *pdata8bits;
 5120              		.loc 1 1146 1 is_stmt 1 view -0
 5121              		.cfi_startproc
 5122              		@ args = 0, pretend = 0, frame = 0
 5123              		@ frame_needed = 0, uses_anonymous_args = 0
1146:Drivers/STM32F0xx_HAL_Driver/Src/stm32f0xx_hal_uart.c ****   uint8_t  *pdata8bits;
 5124              		.loc 1 1146 1 is_stmt 0 view .LVU1431
 5125 0000 F0B5     		push	{r4, r5, r6, r7, lr}
 5126              	.LCFI32:
 5127              		.cfi_def_cfa_offset 20
 5128              		.cfi_offset 4, -20
 5129              		.cfi_offset 5, -16
 5130              		.cfi_offset 6, -12
 5131              		.cfi_offset 7, -8
 5132              		.cfi_offset 14, -4
 5133 0002 C646     		mov	lr, r8
 5134 0004 00B5     		push	{lr}
 5135              	.LCFI33:
 5136              		.cfi_def_cfa_offset 24
 5137              		.cfi_offset 8, -24
 5138 0006 82B0     		sub	sp, sp, #8
 5139              	.LCFI34:
 5140              		.cfi_def_cfa_offset 32
ARM GAS  C:\Users\MINIGU~1\AppData\Local\Temp\cc3PAC1x.s 			page 185


 5141 0008 0400     		movs	r4, r0
 5142 000a 0D00     		movs	r5, r1
 5143 000c 9046     		mov	r8, r2
 5144 000e 1E00     		movs	r6, r3
1147:Drivers/STM32F0xx_HAL_Driver/Src/stm32f0xx_hal_uart.c ****   uint16_t *pdata16bits;
 5145              		.loc 1 1147 3 is_stmt 1 view .LVU1432
1148:Drivers/STM32F0xx_HAL_Driver/Src/stm32f0xx_hal_uart.c ****   uint32_t tickstart;
 5146              		.loc 1 1148 3 view .LVU1433
1149:Drivers/STM32F0xx_HAL_Driver/Src/stm32f0xx_hal_uart.c **** 
 5147              		.loc 1 1149 3 view .LVU1434
1152:Drivers/STM32F0xx_HAL_Driver/Src/stm32f0xx_hal_uart.c ****   {
 5148              		.loc 1 1152 3 view .LVU1435
1152:Drivers/STM32F0xx_HAL_Driver/Src/stm32f0xx_hal_uart.c ****   {
 5149              		.loc 1 1152 12 is_stmt 0 view .LVU1436
 5150 0010 836F     		ldr	r3, [r0, #120]
 5151              	.LVL343:
1152:Drivers/STM32F0xx_HAL_Driver/Src/stm32f0xx_hal_uart.c ****   {
 5152              		.loc 1 1152 6 view .LVU1437
 5153 0012 202B     		cmp	r3, #32
 5154 0014 66D1     		bne	.L301
1154:Drivers/STM32F0xx_HAL_Driver/Src/stm32f0xx_hal_uart.c ****     {
 5155              		.loc 1 1154 5 is_stmt 1 view .LVU1438
1154:Drivers/STM32F0xx_HAL_Driver/Src/stm32f0xx_hal_uart.c ****     {
 5156              		.loc 1 1154 8 is_stmt 0 view .LVU1439
 5157 0016 0029     		cmp	r1, #0
 5158 0018 69D0     		beq	.L302
1154:Drivers/STM32F0xx_HAL_Driver/Src/stm32f0xx_hal_uart.c ****     {
 5159              		.loc 1 1154 25 discriminator 1 view .LVU1440
 5160 001a 002A     		cmp	r2, #0
 5161 001c 69D0     		beq	.L303
1162:Drivers/STM32F0xx_HAL_Driver/Src/stm32f0xx_hal_uart.c ****     {
 5162              		.loc 1 1162 5 is_stmt 1 view .LVU1441
1162:Drivers/STM32F0xx_HAL_Driver/Src/stm32f0xx_hal_uart.c ****     {
 5163              		.loc 1 1162 8 is_stmt 0 view .LVU1442
 5164 001e 8023     		movs	r3, #128
 5165 0020 5B01     		lsls	r3, r3, #5
 5166 0022 8268     		ldr	r2, [r0, #8]
 5167              	.LVL344:
1162:Drivers/STM32F0xx_HAL_Driver/Src/stm32f0xx_hal_uart.c ****     {
 5168              		.loc 1 1162 8 view .LVU1443
 5169 0024 9A42     		cmp	r2, r3
 5170 0026 1ED0     		beq	.L310
 5171              	.L295:
1170:Drivers/STM32F0xx_HAL_Driver/Src/stm32f0xx_hal_uart.c **** 
 5172              		.loc 1 1170 5 is_stmt 1 view .LVU1444
1170:Drivers/STM32F0xx_HAL_Driver/Src/stm32f0xx_hal_uart.c **** 
 5173              		.loc 1 1170 5 view .LVU1445
 5174 0028 7423     		movs	r3, #116
 5175 002a E35C     		ldrb	r3, [r4, r3]
 5176 002c 012B     		cmp	r3, #1
 5177 002e 62D0     		beq	.L305
1170:Drivers/STM32F0xx_HAL_Driver/Src/stm32f0xx_hal_uart.c **** 
 5178              		.loc 1 1170 5 discriminator 2 view .LVU1446
 5179 0030 7423     		movs	r3, #116
 5180 0032 0122     		movs	r2, #1
 5181 0034 E254     		strb	r2, [r4, r3]
1170:Drivers/STM32F0xx_HAL_Driver/Src/stm32f0xx_hal_uart.c **** 
ARM GAS  C:\Users\MINIGU~1\AppData\Local\Temp\cc3PAC1x.s 			page 186


 5182              		.loc 1 1170 5 discriminator 2 view .LVU1447
1172:Drivers/STM32F0xx_HAL_Driver/Src/stm32f0xx_hal_uart.c ****     huart->gState = HAL_UART_STATE_BUSY_TX;
 5183              		.loc 1 1172 5 discriminator 2 view .LVU1448
1172:Drivers/STM32F0xx_HAL_Driver/Src/stm32f0xx_hal_uart.c ****     huart->gState = HAL_UART_STATE_BUSY_TX;
 5184              		.loc 1 1172 22 is_stmt 0 discriminator 2 view .LVU1449
 5185 0036 0C33     		adds	r3, r3, #12
 5186 0038 0022     		movs	r2, #0
 5187 003a E250     		str	r2, [r4, r3]
1173:Drivers/STM32F0xx_HAL_Driver/Src/stm32f0xx_hal_uart.c **** 
 5188              		.loc 1 1173 5 is_stmt 1 discriminator 2 view .LVU1450
1173:Drivers/STM32F0xx_HAL_Driver/Src/stm32f0xx_hal_uart.c **** 
 5189              		.loc 1 1173 19 is_stmt 0 discriminator 2 view .LVU1451
 5190 003c 5F3B     		subs	r3, r3, #95
 5191 003e A367     		str	r3, [r4, #120]
1176:Drivers/STM32F0xx_HAL_Driver/Src/stm32f0xx_hal_uart.c **** 
 5192              		.loc 1 1176 5 is_stmt 1 discriminator 2 view .LVU1452
1176:Drivers/STM32F0xx_HAL_Driver/Src/stm32f0xx_hal_uart.c **** 
 5193              		.loc 1 1176 17 is_stmt 0 discriminator 2 view .LVU1453
 5194 0040 FFF7FEFF 		bl	HAL_GetTick
 5195              	.LVL345:
1176:Drivers/STM32F0xx_HAL_Driver/Src/stm32f0xx_hal_uart.c **** 
 5196              		.loc 1 1176 17 discriminator 2 view .LVU1454
 5197 0044 0700     		movs	r7, r0
 5198              	.LVL346:
1178:Drivers/STM32F0xx_HAL_Driver/Src/stm32f0xx_hal_uart.c ****     huart->TxXferCount = Size;
 5199              		.loc 1 1178 5 is_stmt 1 discriminator 2 view .LVU1455
1178:Drivers/STM32F0xx_HAL_Driver/Src/stm32f0xx_hal_uart.c ****     huart->TxXferCount = Size;
 5200              		.loc 1 1178 24 is_stmt 0 discriminator 2 view .LVU1456
 5201 0046 5023     		movs	r3, #80
 5202 0048 4246     		mov	r2, r8
 5203 004a E252     		strh	r2, [r4, r3]
1179:Drivers/STM32F0xx_HAL_Driver/Src/stm32f0xx_hal_uart.c **** 
 5204              		.loc 1 1179 5 is_stmt 1 discriminator 2 view .LVU1457
1179:Drivers/STM32F0xx_HAL_Driver/Src/stm32f0xx_hal_uart.c **** 
 5205              		.loc 1 1179 24 is_stmt 0 discriminator 2 view .LVU1458
 5206 004c 0233     		adds	r3, r3, #2
 5207 004e E252     		strh	r2, [r4, r3]
1182:Drivers/STM32F0xx_HAL_Driver/Src/stm32f0xx_hal_uart.c ****     {
 5208              		.loc 1 1182 5 is_stmt 1 discriminator 2 view .LVU1459
1182:Drivers/STM32F0xx_HAL_Driver/Src/stm32f0xx_hal_uart.c ****     {
 5209              		.loc 1 1182 8 is_stmt 0 discriminator 2 view .LVU1460
 5210 0050 8023     		movs	r3, #128
 5211 0052 5B01     		lsls	r3, r3, #5
 5212 0054 A268     		ldr	r2, [r4, #8]
 5213 0056 9A42     		cmp	r2, r3
 5214 0058 0CD0     		beq	.L311
1190:Drivers/STM32F0xx_HAL_Driver/Src/stm32f0xx_hal_uart.c ****     }
 5215              		.loc 1 1190 19 view .LVU1461
 5216 005a 0023     		movs	r3, #0
 5217 005c 9846     		mov	r8, r3
 5218              	.LVL347:
 5219              	.L296:
1193:Drivers/STM32F0xx_HAL_Driver/Src/stm32f0xx_hal_uart.c **** 
 5220              		.loc 1 1193 5 is_stmt 1 view .LVU1462
1193:Drivers/STM32F0xx_HAL_Driver/Src/stm32f0xx_hal_uart.c **** 
 5221              		.loc 1 1193 5 view .LVU1463
 5222 005e 7423     		movs	r3, #116
ARM GAS  C:\Users\MINIGU~1\AppData\Local\Temp\cc3PAC1x.s 			page 187


 5223 0060 0022     		movs	r2, #0
 5224 0062 E254     		strb	r2, [r4, r3]
1193:Drivers/STM32F0xx_HAL_Driver/Src/stm32f0xx_hal_uart.c **** 
 5225              		.loc 1 1193 5 view .LVU1464
1195:Drivers/STM32F0xx_HAL_Driver/Src/stm32f0xx_hal_uart.c ****     {
 5226              		.loc 1 1195 5 view .LVU1465
1195:Drivers/STM32F0xx_HAL_Driver/Src/stm32f0xx_hal_uart.c ****     {
 5227              		.loc 1 1195 11 is_stmt 0 view .LVU1466
 5228 0064 1DE0     		b	.L297
 5229              	.LVL348:
 5230              	.L310:
1162:Drivers/STM32F0xx_HAL_Driver/Src/stm32f0xx_hal_uart.c ****     {
 5231              		.loc 1 1162 56 discriminator 1 view .LVU1467
 5232 0066 0369     		ldr	r3, [r0, #16]
 5233 0068 002B     		cmp	r3, #0
 5234 006a DDD1     		bne	.L295
1164:Drivers/STM32F0xx_HAL_Driver/Src/stm32f0xx_hal_uart.c ****       {
 5235              		.loc 1 1164 7 is_stmt 1 view .LVU1468
1164:Drivers/STM32F0xx_HAL_Driver/Src/stm32f0xx_hal_uart.c ****       {
 5236              		.loc 1 1164 10 is_stmt 0 view .LVU1469
 5237 006c CB07     		lsls	r3, r1, #31
 5238 006e DBD5     		bpl	.L295
1166:Drivers/STM32F0xx_HAL_Driver/Src/stm32f0xx_hal_uart.c ****       }
 5239              		.loc 1 1166 17 view .LVU1470
 5240 0070 0120     		movs	r0, #1
 5241              	.LVL349:
1166:Drivers/STM32F0xx_HAL_Driver/Src/stm32f0xx_hal_uart.c ****       }
 5242              		.loc 1 1166 17 view .LVU1471
 5243 0072 38E0     		b	.L294
 5244              	.LVL350:
 5245              	.L311:
1182:Drivers/STM32F0xx_HAL_Driver/Src/stm32f0xx_hal_uart.c ****     {
 5246              		.loc 1 1182 56 discriminator 1 view .LVU1472
 5247 0074 2369     		ldr	r3, [r4, #16]
 5248 0076 002B     		cmp	r3, #0
 5249 0078 02D0     		beq	.L307
1190:Drivers/STM32F0xx_HAL_Driver/Src/stm32f0xx_hal_uart.c ****     }
 5250              		.loc 1 1190 19 view .LVU1473
 5251 007a 0023     		movs	r3, #0
 5252 007c 9846     		mov	r8, r3
 5253 007e EEE7     		b	.L296
 5254              	.L307:
1185:Drivers/STM32F0xx_HAL_Driver/Src/stm32f0xx_hal_uart.c ****     }
 5255              		.loc 1 1185 19 view .LVU1474
 5256 0080 A846     		mov	r8, r5
1184:Drivers/STM32F0xx_HAL_Driver/Src/stm32f0xx_hal_uart.c ****       pdata16bits = (uint16_t *) pData;
 5257              		.loc 1 1184 19 view .LVU1475
 5258 0082 0025     		movs	r5, #0
 5259              	.LVL351:
1184:Drivers/STM32F0xx_HAL_Driver/Src/stm32f0xx_hal_uart.c ****       pdata16bits = (uint16_t *) pData;
 5260              		.loc 1 1184 19 view .LVU1476
 5261 0084 EBE7     		b	.L296
 5262              	.LVL352:
 5263              	.L313:
1203:Drivers/STM32F0xx_HAL_Driver/Src/stm32f0xx_hal_uart.c ****         pdata16bits++;
 5264              		.loc 1 1203 9 is_stmt 1 view .LVU1477
1203:Drivers/STM32F0xx_HAL_Driver/Src/stm32f0xx_hal_uart.c ****         pdata16bits++;
ARM GAS  C:\Users\MINIGU~1\AppData\Local\Temp\cc3PAC1x.s 			page 188


 5265              		.loc 1 1203 43 is_stmt 0 view .LVU1478
 5266 0086 4346     		mov	r3, r8
 5267 0088 1B88     		ldrh	r3, [r3]
1203:Drivers/STM32F0xx_HAL_Driver/Src/stm32f0xx_hal_uart.c ****         pdata16bits++;
 5268              		.loc 1 1203 32 view .LVU1479
 5269 008a DB05     		lsls	r3, r3, #23
 5270 008c DB0D     		lsrs	r3, r3, #23
1203:Drivers/STM32F0xx_HAL_Driver/Src/stm32f0xx_hal_uart.c ****         pdata16bits++;
 5271              		.loc 1 1203 30 view .LVU1480
 5272 008e 2268     		ldr	r2, [r4]
 5273 0090 1385     		strh	r3, [r2, #40]
1204:Drivers/STM32F0xx_HAL_Driver/Src/stm32f0xx_hal_uart.c ****       }
 5274              		.loc 1 1204 9 is_stmt 1 view .LVU1481
1204:Drivers/STM32F0xx_HAL_Driver/Src/stm32f0xx_hal_uart.c ****       }
 5275              		.loc 1 1204 20 is_stmt 0 view .LVU1482
 5276 0092 0223     		movs	r3, #2
 5277 0094 9C46     		mov	ip, r3
 5278 0096 E044     		add	r8, r8, ip
 5279              	.LVL353:
 5280              	.L299:
1211:Drivers/STM32F0xx_HAL_Driver/Src/stm32f0xx_hal_uart.c ****     }
 5281              		.loc 1 1211 7 is_stmt 1 view .LVU1483
1211:Drivers/STM32F0xx_HAL_Driver/Src/stm32f0xx_hal_uart.c ****     }
 5282              		.loc 1 1211 12 is_stmt 0 view .LVU1484
 5283 0098 5223     		movs	r3, #82
 5284 009a E25A     		ldrh	r2, [r4, r3]
1211:Drivers/STM32F0xx_HAL_Driver/Src/stm32f0xx_hal_uart.c ****     }
 5285              		.loc 1 1211 25 view .LVU1485
 5286 009c 013A     		subs	r2, r2, #1
 5287 009e 92B2     		uxth	r2, r2
 5288 00a0 E252     		strh	r2, [r4, r3]
 5289              	.L297:
1195:Drivers/STM32F0xx_HAL_Driver/Src/stm32f0xx_hal_uart.c ****     {
 5290              		.loc 1 1195 11 is_stmt 1 view .LVU1486
1195:Drivers/STM32F0xx_HAL_Driver/Src/stm32f0xx_hal_uart.c ****     {
 5291              		.loc 1 1195 17 is_stmt 0 view .LVU1487
 5292 00a2 5223     		movs	r3, #82
 5293 00a4 E35A     		ldrh	r3, [r4, r3]
 5294 00a6 9BB2     		uxth	r3, r3
1195:Drivers/STM32F0xx_HAL_Driver/Src/stm32f0xx_hal_uart.c ****     {
 5295              		.loc 1 1195 11 view .LVU1488
 5296 00a8 002B     		cmp	r3, #0
 5297 00aa 0FD0     		beq	.L312
1197:Drivers/STM32F0xx_HAL_Driver/Src/stm32f0xx_hal_uart.c ****       {
 5298              		.loc 1 1197 7 is_stmt 1 view .LVU1489
1197:Drivers/STM32F0xx_HAL_Driver/Src/stm32f0xx_hal_uart.c ****       {
 5299              		.loc 1 1197 11 is_stmt 0 view .LVU1490
 5300 00ac 0096     		str	r6, [sp]
 5301 00ae 3B00     		movs	r3, r7
 5302 00b0 0022     		movs	r2, #0
 5303 00b2 8021     		movs	r1, #128
 5304 00b4 2000     		movs	r0, r4
 5305 00b6 FFF7FEFF 		bl	UART_WaitOnFlagUntilTimeout
 5306              	.LVL354:
1197:Drivers/STM32F0xx_HAL_Driver/Src/stm32f0xx_hal_uart.c ****       {
 5307              		.loc 1 1197 10 view .LVU1491
 5308 00ba 0028     		cmp	r0, #0
ARM GAS  C:\Users\MINIGU~1\AppData\Local\Temp\cc3PAC1x.s 			page 189


 5309 00bc 1DD1     		bne	.L308
1201:Drivers/STM32F0xx_HAL_Driver/Src/stm32f0xx_hal_uart.c ****       {
 5310              		.loc 1 1201 7 is_stmt 1 view .LVU1492
1201:Drivers/STM32F0xx_HAL_Driver/Src/stm32f0xx_hal_uart.c ****       {
 5311              		.loc 1 1201 10 is_stmt 0 view .LVU1493
 5312 00be 002D     		cmp	r5, #0
 5313 00c0 E1D0     		beq	.L313
1208:Drivers/STM32F0xx_HAL_Driver/Src/stm32f0xx_hal_uart.c ****         pdata8bits++;
 5314              		.loc 1 1208 9 is_stmt 1 view .LVU1494
1208:Drivers/STM32F0xx_HAL_Driver/Src/stm32f0xx_hal_uart.c ****         pdata8bits++;
 5315              		.loc 1 1208 32 is_stmt 0 view .LVU1495
 5316 00c2 2B78     		ldrb	r3, [r5]
1208:Drivers/STM32F0xx_HAL_Driver/Src/stm32f0xx_hal_uart.c ****         pdata8bits++;
 5317              		.loc 1 1208 30 view .LVU1496
 5318 00c4 2268     		ldr	r2, [r4]
 5319 00c6 1385     		strh	r3, [r2, #40]
1209:Drivers/STM32F0xx_HAL_Driver/Src/stm32f0xx_hal_uart.c ****       }
 5320              		.loc 1 1209 9 is_stmt 1 view .LVU1497
1209:Drivers/STM32F0xx_HAL_Driver/Src/stm32f0xx_hal_uart.c ****       }
 5321              		.loc 1 1209 19 is_stmt 0 view .LVU1498
 5322 00c8 0135     		adds	r5, r5, #1
 5323              	.LVL355:
1209:Drivers/STM32F0xx_HAL_Driver/Src/stm32f0xx_hal_uart.c ****       }
 5324              		.loc 1 1209 19 view .LVU1499
 5325 00ca E5E7     		b	.L299
 5326              	.L312:
1214:Drivers/STM32F0xx_HAL_Driver/Src/stm32f0xx_hal_uart.c ****     {
 5327              		.loc 1 1214 5 is_stmt 1 view .LVU1500
1214:Drivers/STM32F0xx_HAL_Driver/Src/stm32f0xx_hal_uart.c ****     {
 5328              		.loc 1 1214 9 is_stmt 0 view .LVU1501
 5329 00cc 0096     		str	r6, [sp]
 5330 00ce 3B00     		movs	r3, r7
 5331 00d0 0022     		movs	r2, #0
 5332 00d2 4021     		movs	r1, #64
 5333 00d4 2000     		movs	r0, r4
 5334 00d6 FFF7FEFF 		bl	UART_WaitOnFlagUntilTimeout
 5335              	.LVL356:
1214:Drivers/STM32F0xx_HAL_Driver/Src/stm32f0xx_hal_uart.c ****     {
 5336              		.loc 1 1214 8 view .LVU1502
 5337 00da 0028     		cmp	r0, #0
 5338 00dc 0FD1     		bne	.L309
1220:Drivers/STM32F0xx_HAL_Driver/Src/stm32f0xx_hal_uart.c **** 
 5339              		.loc 1 1220 5 is_stmt 1 view .LVU1503
1220:Drivers/STM32F0xx_HAL_Driver/Src/stm32f0xx_hal_uart.c **** 
 5340              		.loc 1 1220 19 is_stmt 0 view .LVU1504
 5341 00de 2023     		movs	r3, #32
 5342 00e0 A367     		str	r3, [r4, #120]
1222:Drivers/STM32F0xx_HAL_Driver/Src/stm32f0xx_hal_uart.c ****   }
 5343              		.loc 1 1222 5 is_stmt 1 view .LVU1505
1222:Drivers/STM32F0xx_HAL_Driver/Src/stm32f0xx_hal_uart.c ****   }
 5344              		.loc 1 1222 12 is_stmt 0 view .LVU1506
 5345 00e2 00E0     		b	.L294
 5346              	.LVL357:
 5347              	.L301:
1226:Drivers/STM32F0xx_HAL_Driver/Src/stm32f0xx_hal_uart.c ****   }
 5348              		.loc 1 1226 12 view .LVU1507
 5349 00e4 0220     		movs	r0, #2
ARM GAS  C:\Users\MINIGU~1\AppData\Local\Temp\cc3PAC1x.s 			page 190


 5350              	.LVL358:
 5351              	.L294:
1228:Drivers/STM32F0xx_HAL_Driver/Src/stm32f0xx_hal_uart.c **** 
 5352              		.loc 1 1228 1 view .LVU1508
 5353 00e6 02B0     		add	sp, sp, #8
 5354              		@ sp needed
 5355              	.LVL359:
 5356              	.LVL360:
1228:Drivers/STM32F0xx_HAL_Driver/Src/stm32f0xx_hal_uart.c **** 
 5357              		.loc 1 1228 1 view .LVU1509
 5358 00e8 80BC     		pop	{r7}
 5359 00ea B846     		mov	r8, r7
 5360 00ec F0BD     		pop	{r4, r5, r6, r7, pc}
 5361              	.LVL361:
 5362              	.L302:
1156:Drivers/STM32F0xx_HAL_Driver/Src/stm32f0xx_hal_uart.c ****     }
 5363              		.loc 1 1156 15 view .LVU1510
 5364 00ee 0120     		movs	r0, #1
 5365              	.LVL362:
1156:Drivers/STM32F0xx_HAL_Driver/Src/stm32f0xx_hal_uart.c ****     }
 5366              		.loc 1 1156 15 view .LVU1511
 5367 00f0 F9E7     		b	.L294
 5368              	.LVL363:
 5369              	.L303:
1156:Drivers/STM32F0xx_HAL_Driver/Src/stm32f0xx_hal_uart.c ****     }
 5370              		.loc 1 1156 15 view .LVU1512
 5371 00f2 0120     		movs	r0, #1
 5372              	.LVL364:
1156:Drivers/STM32F0xx_HAL_Driver/Src/stm32f0xx_hal_uart.c ****     }
 5373              		.loc 1 1156 15 view .LVU1513
 5374 00f4 F7E7     		b	.L294
 5375              	.LVL365:
 5376              	.L305:
1170:Drivers/STM32F0xx_HAL_Driver/Src/stm32f0xx_hal_uart.c **** 
 5377              		.loc 1 1170 5 view .LVU1514
 5378 00f6 0220     		movs	r0, #2
 5379              	.LVL366:
1170:Drivers/STM32F0xx_HAL_Driver/Src/stm32f0xx_hal_uart.c **** 
 5380              		.loc 1 1170 5 view .LVU1515
 5381 00f8 F5E7     		b	.L294
 5382              	.LVL367:
 5383              	.L308:
1199:Drivers/STM32F0xx_HAL_Driver/Src/stm32f0xx_hal_uart.c ****       }
 5384              		.loc 1 1199 16 view .LVU1516
 5385 00fa 0320     		movs	r0, #3
 5386 00fc F3E7     		b	.L294
 5387              	.L309:
1216:Drivers/STM32F0xx_HAL_Driver/Src/stm32f0xx_hal_uart.c ****     }
 5388              		.loc 1 1216 14 view .LVU1517
 5389 00fe 0320     		movs	r0, #3
 5390 0100 F1E7     		b	.L294
 5391              		.cfi_endproc
 5392              	.LFE46:
 5394              		.section	.text.HAL_UART_Receive,"ax",%progbits
 5395              		.align	1
 5396              		.global	HAL_UART_Receive
 5397              		.syntax unified
ARM GAS  C:\Users\MINIGU~1\AppData\Local\Temp\cc3PAC1x.s 			page 191


 5398              		.code	16
 5399              		.thumb_func
 5400              		.fpu softvfp
 5402              	HAL_UART_Receive:
 5403              	.LVL368:
 5404              	.LFB47:
1247:Drivers/STM32F0xx_HAL_Driver/Src/stm32f0xx_hal_uart.c ****   uint8_t  *pdata8bits;
 5405              		.loc 1 1247 1 is_stmt 1 view -0
 5406              		.cfi_startproc
 5407              		@ args = 0, pretend = 0, frame = 8
 5408              		@ frame_needed = 0, uses_anonymous_args = 0
1247:Drivers/STM32F0xx_HAL_Driver/Src/stm32f0xx_hal_uart.c ****   uint8_t  *pdata8bits;
 5409              		.loc 1 1247 1 is_stmt 0 view .LVU1519
 5410 0000 F0B5     		push	{r4, r5, r6, r7, lr}
 5411              	.LCFI35:
 5412              		.cfi_def_cfa_offset 20
 5413              		.cfi_offset 4, -20
 5414              		.cfi_offset 5, -16
 5415              		.cfi_offset 6, -12
 5416              		.cfi_offset 7, -8
 5417              		.cfi_offset 14, -4
 5418 0002 C646     		mov	lr, r8
 5419 0004 00B5     		push	{lr}
 5420              	.LCFI36:
 5421              		.cfi_def_cfa_offset 24
 5422              		.cfi_offset 8, -24
 5423 0006 84B0     		sub	sp, sp, #16
 5424              	.LCFI37:
 5425              		.cfi_def_cfa_offset 40
 5426 0008 0400     		movs	r4, r0
 5427 000a 0E00     		movs	r6, r1
 5428 000c 1500     		movs	r5, r2
 5429 000e 1F00     		movs	r7, r3
1248:Drivers/STM32F0xx_HAL_Driver/Src/stm32f0xx_hal_uart.c ****   uint16_t *pdata16bits;
 5430              		.loc 1 1248 3 is_stmt 1 view .LVU1520
1249:Drivers/STM32F0xx_HAL_Driver/Src/stm32f0xx_hal_uart.c ****   uint16_t uhMask;
 5431              		.loc 1 1249 3 view .LVU1521
1250:Drivers/STM32F0xx_HAL_Driver/Src/stm32f0xx_hal_uart.c ****   uint32_t tickstart;
 5432              		.loc 1 1250 3 view .LVU1522
1251:Drivers/STM32F0xx_HAL_Driver/Src/stm32f0xx_hal_uart.c **** 
 5433              		.loc 1 1251 3 view .LVU1523
1254:Drivers/STM32F0xx_HAL_Driver/Src/stm32f0xx_hal_uart.c ****   {
 5434              		.loc 1 1254 3 view .LVU1524
1254:Drivers/STM32F0xx_HAL_Driver/Src/stm32f0xx_hal_uart.c ****   {
 5435              		.loc 1 1254 12 is_stmt 0 view .LVU1525
 5436 0010 C36F     		ldr	r3, [r0, #124]
 5437              	.LVL369:
1254:Drivers/STM32F0xx_HAL_Driver/Src/stm32f0xx_hal_uart.c ****   {
 5438              		.loc 1 1254 6 view .LVU1526
 5439 0012 202B     		cmp	r3, #32
 5440 0014 00D0     		beq	.LCB4847
 5441 0016 90E0     		b	.L329	@long jump
 5442              	.LCB4847:
1256:Drivers/STM32F0xx_HAL_Driver/Src/stm32f0xx_hal_uart.c ****     {
 5443              		.loc 1 1256 5 is_stmt 1 view .LVU1527
1256:Drivers/STM32F0xx_HAL_Driver/Src/stm32f0xx_hal_uart.c ****     {
 5444              		.loc 1 1256 8 is_stmt 0 view .LVU1528
ARM GAS  C:\Users\MINIGU~1\AppData\Local\Temp\cc3PAC1x.s 			page 192


 5445 0018 0029     		cmp	r1, #0
 5446 001a 00D1     		bne	.LCB4850
 5447 001c 92E0     		b	.L330	@long jump
 5448              	.LCB4850:
1256:Drivers/STM32F0xx_HAL_Driver/Src/stm32f0xx_hal_uart.c ****     {
 5449              		.loc 1 1256 25 discriminator 1 view .LVU1529
 5450 001e 002A     		cmp	r2, #0
 5451 0020 00D1     		bne	.LCB4852
 5452 0022 91E0     		b	.L331	@long jump
 5453              	.LCB4852:
1264:Drivers/STM32F0xx_HAL_Driver/Src/stm32f0xx_hal_uart.c ****     {
 5454              		.loc 1 1264 5 is_stmt 1 view .LVU1530
1264:Drivers/STM32F0xx_HAL_Driver/Src/stm32f0xx_hal_uart.c ****     {
 5455              		.loc 1 1264 8 is_stmt 0 view .LVU1531
 5456 0024 8023     		movs	r3, #128
 5457 0026 5B01     		lsls	r3, r3, #5
 5458 0028 8268     		ldr	r2, [r0, #8]
 5459              	.LVL370:
1264:Drivers/STM32F0xx_HAL_Driver/Src/stm32f0xx_hal_uart.c ****     {
 5460              		.loc 1 1264 8 view .LVU1532
 5461 002a 9A42     		cmp	r2, r3
 5462 002c 22D0     		beq	.L337
 5463              	.L316:
1272:Drivers/STM32F0xx_HAL_Driver/Src/stm32f0xx_hal_uart.c **** 
 5464              		.loc 1 1272 5 is_stmt 1 view .LVU1533
1272:Drivers/STM32F0xx_HAL_Driver/Src/stm32f0xx_hal_uart.c **** 
 5465              		.loc 1 1272 5 view .LVU1534
 5466 002e 7423     		movs	r3, #116
 5467 0030 E35C     		ldrb	r3, [r4, r3]
 5468 0032 012B     		cmp	r3, #1
 5469 0034 00D1     		bne	.LCB4867
 5470 0036 89E0     		b	.L333	@long jump
 5471              	.LCB4867:
1272:Drivers/STM32F0xx_HAL_Driver/Src/stm32f0xx_hal_uart.c **** 
 5472              		.loc 1 1272 5 discriminator 2 view .LVU1535
 5473 0038 7423     		movs	r3, #116
 5474 003a 0122     		movs	r2, #1
 5475 003c E254     		strb	r2, [r4, r3]
1272:Drivers/STM32F0xx_HAL_Driver/Src/stm32f0xx_hal_uart.c **** 
 5476              		.loc 1 1272 5 discriminator 2 view .LVU1536
1274:Drivers/STM32F0xx_HAL_Driver/Src/stm32f0xx_hal_uart.c ****     huart->RxState = HAL_UART_STATE_BUSY_RX;
 5477              		.loc 1 1274 5 discriminator 2 view .LVU1537
1274:Drivers/STM32F0xx_HAL_Driver/Src/stm32f0xx_hal_uart.c ****     huart->RxState = HAL_UART_STATE_BUSY_RX;
 5478              		.loc 1 1274 22 is_stmt 0 discriminator 2 view .LVU1538
 5479 003e 0023     		movs	r3, #0
 5480 0040 7F32     		adds	r2, r2, #127
 5481 0042 A350     		str	r3, [r4, r2]
1275:Drivers/STM32F0xx_HAL_Driver/Src/stm32f0xx_hal_uart.c ****     huart->ReceptionType = HAL_UART_RECEPTION_STANDARD;
 5482              		.loc 1 1275 5 is_stmt 1 discriminator 2 view .LVU1539
1275:Drivers/STM32F0xx_HAL_Driver/Src/stm32f0xx_hal_uart.c ****     huart->ReceptionType = HAL_UART_RECEPTION_STANDARD;
 5483              		.loc 1 1275 20 is_stmt 0 discriminator 2 view .LVU1540
 5484 0044 5E3A     		subs	r2, r2, #94
 5485 0046 E267     		str	r2, [r4, #124]
1276:Drivers/STM32F0xx_HAL_Driver/Src/stm32f0xx_hal_uart.c **** 
 5486              		.loc 1 1276 5 is_stmt 1 discriminator 2 view .LVU1541
1276:Drivers/STM32F0xx_HAL_Driver/Src/stm32f0xx_hal_uart.c **** 
 5487              		.loc 1 1276 26 is_stmt 0 discriminator 2 view .LVU1542
ARM GAS  C:\Users\MINIGU~1\AppData\Local\Temp\cc3PAC1x.s 			page 193


 5488 0048 2366     		str	r3, [r4, #96]
1279:Drivers/STM32F0xx_HAL_Driver/Src/stm32f0xx_hal_uart.c **** 
 5489              		.loc 1 1279 5 is_stmt 1 discriminator 2 view .LVU1543
1279:Drivers/STM32F0xx_HAL_Driver/Src/stm32f0xx_hal_uart.c **** 
 5490              		.loc 1 1279 17 is_stmt 0 discriminator 2 view .LVU1544
 5491 004a FFF7FEFF 		bl	HAL_GetTick
 5492              	.LVL371:
1279:Drivers/STM32F0xx_HAL_Driver/Src/stm32f0xx_hal_uart.c **** 
 5493              		.loc 1 1279 17 discriminator 2 view .LVU1545
 5494 004e 8046     		mov	r8, r0
 5495              	.LVL372:
1281:Drivers/STM32F0xx_HAL_Driver/Src/stm32f0xx_hal_uart.c ****     huart->RxXferCount = Size;
 5496              		.loc 1 1281 5 is_stmt 1 discriminator 2 view .LVU1546
1281:Drivers/STM32F0xx_HAL_Driver/Src/stm32f0xx_hal_uart.c ****     huart->RxXferCount = Size;
 5497              		.loc 1 1281 24 is_stmt 0 discriminator 2 view .LVU1547
 5498 0050 5823     		movs	r3, #88
 5499 0052 E552     		strh	r5, [r4, r3]
1282:Drivers/STM32F0xx_HAL_Driver/Src/stm32f0xx_hal_uart.c **** 
 5500              		.loc 1 1282 5 is_stmt 1 discriminator 2 view .LVU1548
1282:Drivers/STM32F0xx_HAL_Driver/Src/stm32f0xx_hal_uart.c **** 
 5501              		.loc 1 1282 24 is_stmt 0 discriminator 2 view .LVU1549
 5502 0054 0233     		adds	r3, r3, #2
 5503 0056 E552     		strh	r5, [r4, r3]
1285:Drivers/STM32F0xx_HAL_Driver/Src/stm32f0xx_hal_uart.c ****     uhMask = huart->Mask;
 5504              		.loc 1 1285 5 is_stmt 1 discriminator 2 view .LVU1550
1285:Drivers/STM32F0xx_HAL_Driver/Src/stm32f0xx_hal_uart.c ****     uhMask = huart->Mask;
 5505              		.loc 1 1285 5 discriminator 2 view .LVU1551
 5506 0058 A368     		ldr	r3, [r4, #8]
 5507 005a 8022     		movs	r2, #128
 5508 005c 5201     		lsls	r2, r2, #5
 5509 005e 9342     		cmp	r3, r2
 5510 0060 0FD0     		beq	.L338
1285:Drivers/STM32F0xx_HAL_Driver/Src/stm32f0xx_hal_uart.c ****     uhMask = huart->Mask;
 5511              		.loc 1 1285 5 discriminator 2 view .LVU1552
 5512 0062 002B     		cmp	r3, #0
 5513 0064 1CD1     		bne	.L320
1285:Drivers/STM32F0xx_HAL_Driver/Src/stm32f0xx_hal_uart.c ****     uhMask = huart->Mask;
 5514              		.loc 1 1285 5 discriminator 5 view .LVU1553
 5515 0066 2269     		ldr	r2, [r4, #16]
 5516 0068 002A     		cmp	r2, #0
 5517 006a 15D1     		bne	.L321
1285:Drivers/STM32F0xx_HAL_Driver/Src/stm32f0xx_hal_uart.c ****     uhMask = huart->Mask;
 5518              		.loc 1 1285 5 discriminator 7 view .LVU1554
 5519 006c 5C32     		adds	r2, r2, #92
 5520 006e FF21     		movs	r1, #255
 5521 0070 A152     		strh	r1, [r4, r2]
 5522 0072 1CE0     		b	.L319
 5523              	.LVL373:
 5524              	.L337:
1264:Drivers/STM32F0xx_HAL_Driver/Src/stm32f0xx_hal_uart.c ****     {
 5525              		.loc 1 1264 56 is_stmt 0 discriminator 1 view .LVU1555
 5526 0074 0369     		ldr	r3, [r0, #16]
 5527 0076 002B     		cmp	r3, #0
 5528 0078 D9D1     		bne	.L316
1266:Drivers/STM32F0xx_HAL_Driver/Src/stm32f0xx_hal_uart.c ****       {
 5529              		.loc 1 1266 7 is_stmt 1 view .LVU1556
1266:Drivers/STM32F0xx_HAL_Driver/Src/stm32f0xx_hal_uart.c ****       {
ARM GAS  C:\Users\MINIGU~1\AppData\Local\Temp\cc3PAC1x.s 			page 194


 5530              		.loc 1 1266 10 is_stmt 0 view .LVU1557
 5531 007a CB07     		lsls	r3, r1, #31
 5532 007c D7D5     		bpl	.L316
1268:Drivers/STM32F0xx_HAL_Driver/Src/stm32f0xx_hal_uart.c ****       }
 5533              		.loc 1 1268 17 view .LVU1558
 5534 007e 0120     		movs	r0, #1
 5535              	.LVL374:
1268:Drivers/STM32F0xx_HAL_Driver/Src/stm32f0xx_hal_uart.c ****       }
 5536              		.loc 1 1268 17 view .LVU1559
 5537 0080 5CE0     		b	.L315
 5538              	.LVL375:
 5539              	.L338:
1285:Drivers/STM32F0xx_HAL_Driver/Src/stm32f0xx_hal_uart.c ****     uhMask = huart->Mask;
 5540              		.loc 1 1285 5 is_stmt 1 discriminator 1 view .LVU1560
 5541 0082 2269     		ldr	r2, [r4, #16]
 5542 0084 002A     		cmp	r2, #0
 5543 0086 03D1     		bne	.L318
1285:Drivers/STM32F0xx_HAL_Driver/Src/stm32f0xx_hal_uart.c ****     uhMask = huart->Mask;
 5544              		.loc 1 1285 5 discriminator 3 view .LVU1561
 5545 0088 5C32     		adds	r2, r2, #92
 5546 008a 3249     		ldr	r1, .L343
 5547 008c A152     		strh	r1, [r4, r2]
 5548 008e 0EE0     		b	.L319
 5549              	.L318:
1285:Drivers/STM32F0xx_HAL_Driver/Src/stm32f0xx_hal_uart.c ****     uhMask = huart->Mask;
 5550              		.loc 1 1285 5 discriminator 4 view .LVU1562
 5551 0090 5C22     		movs	r2, #92
 5552 0092 FF21     		movs	r1, #255
 5553 0094 A152     		strh	r1, [r4, r2]
 5554 0096 0AE0     		b	.L319
 5555              	.L321:
1285:Drivers/STM32F0xx_HAL_Driver/Src/stm32f0xx_hal_uart.c ****     uhMask = huart->Mask;
 5556              		.loc 1 1285 5 discriminator 8 view .LVU1563
 5557 0098 5C22     		movs	r2, #92
 5558 009a 7F21     		movs	r1, #127
 5559 009c A152     		strh	r1, [r4, r2]
 5560 009e 06E0     		b	.L319
 5561              	.L320:
1285:Drivers/STM32F0xx_HAL_Driver/Src/stm32f0xx_hal_uart.c ****     uhMask = huart->Mask;
 5562              		.loc 1 1285 5 discriminator 6 view .LVU1564
 5563 00a0 8022     		movs	r2, #128
 5564 00a2 5205     		lsls	r2, r2, #21
 5565 00a4 9342     		cmp	r3, r2
 5566 00a6 0ED0     		beq	.L339
1285:Drivers/STM32F0xx_HAL_Driver/Src/stm32f0xx_hal_uart.c ****     uhMask = huart->Mask;
 5567              		.loc 1 1285 5 discriminator 10 view .LVU1565
 5568 00a8 5C22     		movs	r2, #92
 5569 00aa 0021     		movs	r1, #0
 5570 00ac A152     		strh	r1, [r4, r2]
 5571              	.L319:
1285:Drivers/STM32F0xx_HAL_Driver/Src/stm32f0xx_hal_uart.c ****     uhMask = huart->Mask;
 5572              		.loc 1 1285 5 discriminator 13 view .LVU1566
1286:Drivers/STM32F0xx_HAL_Driver/Src/stm32f0xx_hal_uart.c **** 
 5573              		.loc 1 1286 5 discriminator 13 view .LVU1567
1286:Drivers/STM32F0xx_HAL_Driver/Src/stm32f0xx_hal_uart.c **** 
 5574              		.loc 1 1286 12 is_stmt 0 discriminator 13 view .LVU1568
 5575 00ae 5C22     		movs	r2, #92
ARM GAS  C:\Users\MINIGU~1\AppData\Local\Temp\cc3PAC1x.s 			page 195


 5576 00b0 A25A     		ldrh	r2, [r4, r2]
 5577 00b2 0392     		str	r2, [sp, #12]
 5578              	.LVL376:
1289:Drivers/STM32F0xx_HAL_Driver/Src/stm32f0xx_hal_uart.c ****     {
 5579              		.loc 1 1289 5 is_stmt 1 discriminator 13 view .LVU1569
1289:Drivers/STM32F0xx_HAL_Driver/Src/stm32f0xx_hal_uart.c ****     {
 5580              		.loc 1 1289 8 is_stmt 0 discriminator 13 view .LVU1570
 5581 00b4 8022     		movs	r2, #128
 5582 00b6 5201     		lsls	r2, r2, #5
 5583 00b8 9342     		cmp	r3, r2
 5584 00ba 0FD0     		beq	.L340
1297:Drivers/STM32F0xx_HAL_Driver/Src/stm32f0xx_hal_uart.c ****     }
 5585              		.loc 1 1297 19 view .LVU1571
 5586 00bc 0025     		movs	r5, #0
 5587              	.LVL377:
 5588              	.L324:
1300:Drivers/STM32F0xx_HAL_Driver/Src/stm32f0xx_hal_uart.c **** 
 5589              		.loc 1 1300 5 is_stmt 1 view .LVU1572
1300:Drivers/STM32F0xx_HAL_Driver/Src/stm32f0xx_hal_uart.c **** 
 5590              		.loc 1 1300 5 view .LVU1573
 5591 00be 7423     		movs	r3, #116
 5592 00c0 0022     		movs	r2, #0
 5593 00c2 E254     		strb	r2, [r4, r3]
1300:Drivers/STM32F0xx_HAL_Driver/Src/stm32f0xx_hal_uart.c **** 
 5594              		.loc 1 1300 5 view .LVU1574
1303:Drivers/STM32F0xx_HAL_Driver/Src/stm32f0xx_hal_uart.c ****     {
 5595              		.loc 1 1303 5 view .LVU1575
1303:Drivers/STM32F0xx_HAL_Driver/Src/stm32f0xx_hal_uart.c ****     {
 5596              		.loc 1 1303 11 is_stmt 0 view .LVU1576
 5597 00c4 1DE0     		b	.L325
 5598              	.LVL378:
 5599              	.L339:
1285:Drivers/STM32F0xx_HAL_Driver/Src/stm32f0xx_hal_uart.c ****     uhMask = huart->Mask;
 5600              		.loc 1 1285 5 is_stmt 1 discriminator 9 view .LVU1577
 5601 00c6 2269     		ldr	r2, [r4, #16]
 5602 00c8 002A     		cmp	r2, #0
 5603 00ca 03D1     		bne	.L323
1285:Drivers/STM32F0xx_HAL_Driver/Src/stm32f0xx_hal_uart.c ****     uhMask = huart->Mask;
 5604              		.loc 1 1285 5 discriminator 11 view .LVU1578
 5605 00cc 5C32     		adds	r2, r2, #92
 5606 00ce 7F21     		movs	r1, #127
 5607 00d0 A152     		strh	r1, [r4, r2]
 5608 00d2 ECE7     		b	.L319
 5609              	.L323:
1285:Drivers/STM32F0xx_HAL_Driver/Src/stm32f0xx_hal_uart.c ****     uhMask = huart->Mask;
 5610              		.loc 1 1285 5 discriminator 12 view .LVU1579
 5611 00d4 5C22     		movs	r2, #92
 5612 00d6 3F21     		movs	r1, #63
 5613 00d8 A152     		strh	r1, [r4, r2]
 5614 00da E8E7     		b	.L319
 5615              	.LVL379:
 5616              	.L340:
1289:Drivers/STM32F0xx_HAL_Driver/Src/stm32f0xx_hal_uart.c ****     {
 5617              		.loc 1 1289 56 is_stmt 0 discriminator 1 view .LVU1580
 5618 00dc 2369     		ldr	r3, [r4, #16]
 5619 00de 002B     		cmp	r3, #0
 5620 00e0 01D0     		beq	.L335
ARM GAS  C:\Users\MINIGU~1\AppData\Local\Temp\cc3PAC1x.s 			page 196


1297:Drivers/STM32F0xx_HAL_Driver/Src/stm32f0xx_hal_uart.c ****     }
 5621              		.loc 1 1297 19 view .LVU1581
 5622 00e2 0025     		movs	r5, #0
 5623 00e4 EBE7     		b	.L324
 5624              	.L335:
1292:Drivers/STM32F0xx_HAL_Driver/Src/stm32f0xx_hal_uart.c ****     }
 5625              		.loc 1 1292 19 view .LVU1582
 5626 00e6 3500     		movs	r5, r6
1291:Drivers/STM32F0xx_HAL_Driver/Src/stm32f0xx_hal_uart.c ****       pdata16bits = (uint16_t *) pData;
 5627              		.loc 1 1291 19 view .LVU1583
 5628 00e8 0026     		movs	r6, #0
 5629              	.LVL380:
1291:Drivers/STM32F0xx_HAL_Driver/Src/stm32f0xx_hal_uart.c ****       pdata16bits = (uint16_t *) pData;
 5630              		.loc 1 1291 19 view .LVU1584
 5631 00ea E8E7     		b	.L324
 5632              	.LVL381:
 5633              	.L342:
1311:Drivers/STM32F0xx_HAL_Driver/Src/stm32f0xx_hal_uart.c ****         pdata16bits++;
 5634              		.loc 1 1311 9 is_stmt 1 view .LVU1585
1311:Drivers/STM32F0xx_HAL_Driver/Src/stm32f0xx_hal_uart.c ****         pdata16bits++;
 5635              		.loc 1 1311 50 is_stmt 0 view .LVU1586
 5636 00ec 2368     		ldr	r3, [r4]
 5637 00ee 9B8C     		ldrh	r3, [r3, #36]
1311:Drivers/STM32F0xx_HAL_Driver/Src/stm32f0xx_hal_uart.c ****         pdata16bits++;
 5638              		.loc 1 1311 24 view .LVU1587
 5639 00f0 039A     		ldr	r2, [sp, #12]
 5640 00f2 1340     		ands	r3, r2
1311:Drivers/STM32F0xx_HAL_Driver/Src/stm32f0xx_hal_uart.c ****         pdata16bits++;
 5641              		.loc 1 1311 22 view .LVU1588
 5642 00f4 2B80     		strh	r3, [r5]
1312:Drivers/STM32F0xx_HAL_Driver/Src/stm32f0xx_hal_uart.c ****       }
 5643              		.loc 1 1312 9 is_stmt 1 view .LVU1589
1312:Drivers/STM32F0xx_HAL_Driver/Src/stm32f0xx_hal_uart.c ****       }
 5644              		.loc 1 1312 20 is_stmt 0 view .LVU1590
 5645 00f6 0235     		adds	r5, r5, #2
 5646              	.LVL382:
 5647              	.L327:
1319:Drivers/STM32F0xx_HAL_Driver/Src/stm32f0xx_hal_uart.c ****     }
 5648              		.loc 1 1319 7 is_stmt 1 view .LVU1591
1319:Drivers/STM32F0xx_HAL_Driver/Src/stm32f0xx_hal_uart.c ****     }
 5649              		.loc 1 1319 12 is_stmt 0 view .LVU1592
 5650 00f8 5A23     		movs	r3, #90
 5651 00fa E25A     		ldrh	r2, [r4, r3]
1319:Drivers/STM32F0xx_HAL_Driver/Src/stm32f0xx_hal_uart.c ****     }
 5652              		.loc 1 1319 25 view .LVU1593
 5653 00fc 013A     		subs	r2, r2, #1
 5654 00fe 92B2     		uxth	r2, r2
 5655 0100 E252     		strh	r2, [r4, r3]
 5656              	.L325:
1303:Drivers/STM32F0xx_HAL_Driver/Src/stm32f0xx_hal_uart.c ****     {
 5657              		.loc 1 1303 11 is_stmt 1 view .LVU1594
1303:Drivers/STM32F0xx_HAL_Driver/Src/stm32f0xx_hal_uart.c ****     {
 5658              		.loc 1 1303 17 is_stmt 0 view .LVU1595
 5659 0102 5A23     		movs	r3, #90
 5660 0104 E35A     		ldrh	r3, [r4, r3]
 5661 0106 9BB2     		uxth	r3, r3
1303:Drivers/STM32F0xx_HAL_Driver/Src/stm32f0xx_hal_uart.c ****     {
ARM GAS  C:\Users\MINIGU~1\AppData\Local\Temp\cc3PAC1x.s 			page 197


 5662              		.loc 1 1303 11 view .LVU1596
 5663 0108 002B     		cmp	r3, #0
 5664 010a 12D0     		beq	.L341
1305:Drivers/STM32F0xx_HAL_Driver/Src/stm32f0xx_hal_uart.c ****       {
 5665              		.loc 1 1305 7 is_stmt 1 view .LVU1597
1305:Drivers/STM32F0xx_HAL_Driver/Src/stm32f0xx_hal_uart.c ****       {
 5666              		.loc 1 1305 11 is_stmt 0 view .LVU1598
 5667 010c 0097     		str	r7, [sp]
 5668 010e 4346     		mov	r3, r8
 5669 0110 0022     		movs	r2, #0
 5670 0112 2021     		movs	r1, #32
 5671 0114 2000     		movs	r0, r4
 5672 0116 FFF7FEFF 		bl	UART_WaitOnFlagUntilTimeout
 5673              	.LVL383:
1305:Drivers/STM32F0xx_HAL_Driver/Src/stm32f0xx_hal_uart.c ****       {
 5674              		.loc 1 1305 10 view .LVU1599
 5675 011a 0028     		cmp	r0, #0
 5676 011c 18D1     		bne	.L336
1309:Drivers/STM32F0xx_HAL_Driver/Src/stm32f0xx_hal_uart.c ****       {
 5677              		.loc 1 1309 7 is_stmt 1 view .LVU1600
1309:Drivers/STM32F0xx_HAL_Driver/Src/stm32f0xx_hal_uart.c ****       {
 5678              		.loc 1 1309 10 is_stmt 0 view .LVU1601
 5679 011e 002E     		cmp	r6, #0
 5680 0120 E4D0     		beq	.L342
1316:Drivers/STM32F0xx_HAL_Driver/Src/stm32f0xx_hal_uart.c ****         pdata8bits++;
 5681              		.loc 1 1316 9 is_stmt 1 view .LVU1602
1316:Drivers/STM32F0xx_HAL_Driver/Src/stm32f0xx_hal_uart.c ****         pdata8bits++;
 5682              		.loc 1 1316 48 is_stmt 0 view .LVU1603
 5683 0122 2368     		ldr	r3, [r4]
 5684 0124 9B8C     		ldrh	r3, [r3, #36]
1316:Drivers/STM32F0xx_HAL_Driver/Src/stm32f0xx_hal_uart.c ****         pdata8bits++;
 5685              		.loc 1 1316 56 view .LVU1604
 5686 0126 6A46     		mov	r2, sp
 5687 0128 127B     		ldrb	r2, [r2, #12]
1316:Drivers/STM32F0xx_HAL_Driver/Src/stm32f0xx_hal_uart.c ****         pdata8bits++;
 5688              		.loc 1 1316 23 view .LVU1605
 5689 012a 1340     		ands	r3, r2
1316:Drivers/STM32F0xx_HAL_Driver/Src/stm32f0xx_hal_uart.c ****         pdata8bits++;
 5690              		.loc 1 1316 21 view .LVU1606
 5691 012c 3370     		strb	r3, [r6]
1317:Drivers/STM32F0xx_HAL_Driver/Src/stm32f0xx_hal_uart.c ****       }
 5692              		.loc 1 1317 9 is_stmt 1 view .LVU1607
1317:Drivers/STM32F0xx_HAL_Driver/Src/stm32f0xx_hal_uart.c ****       }
 5693              		.loc 1 1317 19 is_stmt 0 view .LVU1608
 5694 012e 0136     		adds	r6, r6, #1
 5695              	.LVL384:
1317:Drivers/STM32F0xx_HAL_Driver/Src/stm32f0xx_hal_uart.c ****       }
 5696              		.loc 1 1317 19 view .LVU1609
 5697 0130 E2E7     		b	.L327
 5698              	.L341:
1323:Drivers/STM32F0xx_HAL_Driver/Src/stm32f0xx_hal_uart.c **** 
 5699              		.loc 1 1323 5 is_stmt 1 view .LVU1610
1323:Drivers/STM32F0xx_HAL_Driver/Src/stm32f0xx_hal_uart.c **** 
 5700              		.loc 1 1323 20 is_stmt 0 view .LVU1611
 5701 0132 2033     		adds	r3, r3, #32
 5702 0134 E367     		str	r3, [r4, #124]
1325:Drivers/STM32F0xx_HAL_Driver/Src/stm32f0xx_hal_uart.c ****   }
ARM GAS  C:\Users\MINIGU~1\AppData\Local\Temp\cc3PAC1x.s 			page 198


 5703              		.loc 1 1325 5 is_stmt 1 view .LVU1612
1325:Drivers/STM32F0xx_HAL_Driver/Src/stm32f0xx_hal_uart.c ****   }
 5704              		.loc 1 1325 12 is_stmt 0 view .LVU1613
 5705 0136 0020     		movs	r0, #0
 5706 0138 00E0     		b	.L315
 5707              	.LVL385:
 5708              	.L329:
1329:Drivers/STM32F0xx_HAL_Driver/Src/stm32f0xx_hal_uart.c ****   }
 5709              		.loc 1 1329 12 view .LVU1614
 5710 013a 0220     		movs	r0, #2
 5711              	.LVL386:
 5712              	.L315:
1331:Drivers/STM32F0xx_HAL_Driver/Src/stm32f0xx_hal_uart.c **** 
 5713              		.loc 1 1331 1 view .LVU1615
 5714 013c 04B0     		add	sp, sp, #16
 5715              		@ sp needed
 5716              	.LVL387:
 5717              	.LVL388:
1331:Drivers/STM32F0xx_HAL_Driver/Src/stm32f0xx_hal_uart.c **** 
 5718              		.loc 1 1331 1 view .LVU1616
 5719 013e 80BC     		pop	{r7}
 5720 0140 B846     		mov	r8, r7
 5721 0142 F0BD     		pop	{r4, r5, r6, r7, pc}
 5722              	.LVL389:
 5723              	.L330:
1258:Drivers/STM32F0xx_HAL_Driver/Src/stm32f0xx_hal_uart.c ****     }
 5724              		.loc 1 1258 15 view .LVU1617
 5725 0144 0120     		movs	r0, #1
 5726              	.LVL390:
1258:Drivers/STM32F0xx_HAL_Driver/Src/stm32f0xx_hal_uart.c ****     }
 5727              		.loc 1 1258 15 view .LVU1618
 5728 0146 F9E7     		b	.L315
 5729              	.LVL391:
 5730              	.L331:
1258:Drivers/STM32F0xx_HAL_Driver/Src/stm32f0xx_hal_uart.c ****     }
 5731              		.loc 1 1258 15 view .LVU1619
 5732 0148 0120     		movs	r0, #1
 5733              	.LVL392:
1258:Drivers/STM32F0xx_HAL_Driver/Src/stm32f0xx_hal_uart.c ****     }
 5734              		.loc 1 1258 15 view .LVU1620
 5735 014a F7E7     		b	.L315
 5736              	.LVL393:
 5737              	.L333:
1272:Drivers/STM32F0xx_HAL_Driver/Src/stm32f0xx_hal_uart.c **** 
 5738              		.loc 1 1272 5 view .LVU1621
 5739 014c 0220     		movs	r0, #2
 5740              	.LVL394:
1272:Drivers/STM32F0xx_HAL_Driver/Src/stm32f0xx_hal_uart.c **** 
 5741              		.loc 1 1272 5 view .LVU1622
 5742 014e F5E7     		b	.L315
 5743              	.LVL395:
 5744              	.L336:
1307:Drivers/STM32F0xx_HAL_Driver/Src/stm32f0xx_hal_uart.c ****       }
 5745              		.loc 1 1307 16 view .LVU1623
 5746 0150 0320     		movs	r0, #3
 5747 0152 F3E7     		b	.L315
 5748              	.L344:
ARM GAS  C:\Users\MINIGU~1\AppData\Local\Temp\cc3PAC1x.s 			page 199


 5749              		.align	2
 5750              	.L343:
 5751 0154 FF010000 		.word	511
 5752              		.cfi_endproc
 5753              	.LFE47:
 5755              		.section	.text.UART_CheckIdleState,"ax",%progbits
 5756              		.align	1
 5757              		.global	UART_CheckIdleState
 5758              		.syntax unified
 5759              		.code	16
 5760              		.thumb_func
 5761              		.fpu softvfp
 5763              	UART_CheckIdleState:
 5764              	.LVL396:
 5765              	.LFB83:
3244:Drivers/STM32F0xx_HAL_Driver/Src/stm32f0xx_hal_uart.c ****   uint32_t tickstart;
 5766              		.loc 1 3244 1 is_stmt 1 view -0
 5767              		.cfi_startproc
 5768              		@ args = 0, pretend = 0, frame = 0
 5769              		@ frame_needed = 0, uses_anonymous_args = 0
3244:Drivers/STM32F0xx_HAL_Driver/Src/stm32f0xx_hal_uart.c ****   uint32_t tickstart;
 5770              		.loc 1 3244 1 is_stmt 0 view .LVU1625
 5771 0000 30B5     		push	{r4, r5, lr}
 5772              	.LCFI38:
 5773              		.cfi_def_cfa_offset 12
 5774              		.cfi_offset 4, -12
 5775              		.cfi_offset 5, -8
 5776              		.cfi_offset 14, -4
 5777 0002 83B0     		sub	sp, sp, #12
 5778              	.LCFI39:
 5779              		.cfi_def_cfa_offset 24
 5780 0004 0400     		movs	r4, r0
3245:Drivers/STM32F0xx_HAL_Driver/Src/stm32f0xx_hal_uart.c **** 
 5781              		.loc 1 3245 3 is_stmt 1 view .LVU1626
3248:Drivers/STM32F0xx_HAL_Driver/Src/stm32f0xx_hal_uart.c **** 
 5782              		.loc 1 3248 3 view .LVU1627
3248:Drivers/STM32F0xx_HAL_Driver/Src/stm32f0xx_hal_uart.c **** 
 5783              		.loc 1 3248 20 is_stmt 0 view .LVU1628
 5784 0006 8023     		movs	r3, #128
 5785 0008 0022     		movs	r2, #0
 5786 000a C250     		str	r2, [r0, r3]
3251:Drivers/STM32F0xx_HAL_Driver/Src/stm32f0xx_hal_uart.c **** 
 5787              		.loc 1 3251 3 is_stmt 1 view .LVU1629
3251:Drivers/STM32F0xx_HAL_Driver/Src/stm32f0xx_hal_uart.c **** 
 5788              		.loc 1 3251 15 is_stmt 0 view .LVU1630
 5789 000c FFF7FEFF 		bl	HAL_GetTick
 5790              	.LVL397:
3251:Drivers/STM32F0xx_HAL_Driver/Src/stm32f0xx_hal_uart.c **** 
 5791              		.loc 1 3251 15 view .LVU1631
 5792 0010 0500     		movs	r5, r0
 5793              	.LVL398:
3254:Drivers/STM32F0xx_HAL_Driver/Src/stm32f0xx_hal_uart.c ****   {
 5794              		.loc 1 3254 3 is_stmt 1 view .LVU1632
3254:Drivers/STM32F0xx_HAL_Driver/Src/stm32f0xx_hal_uart.c ****   {
 5795              		.loc 1 3254 13 is_stmt 0 view .LVU1633
 5796 0012 2268     		ldr	r2, [r4]
3254:Drivers/STM32F0xx_HAL_Driver/Src/stm32f0xx_hal_uart.c ****   {
ARM GAS  C:\Users\MINIGU~1\AppData\Local\Temp\cc3PAC1x.s 			page 200


 5797              		.loc 1 3254 23 view .LVU1634
 5798 0014 1268     		ldr	r2, [r2]
3254:Drivers/STM32F0xx_HAL_Driver/Src/stm32f0xx_hal_uart.c ****   {
 5799              		.loc 1 3254 6 view .LVU1635
 5800 0016 1307     		lsls	r3, r2, #28
 5801 0018 0DD4     		bmi	.L351
 5802              	.LVL399:
 5803              	.L346:
3265:Drivers/STM32F0xx_HAL_Driver/Src/stm32f0xx_hal_uart.c ****   {
 5804              		.loc 1 3265 3 is_stmt 1 view .LVU1636
3265:Drivers/STM32F0xx_HAL_Driver/Src/stm32f0xx_hal_uart.c ****   {
 5805              		.loc 1 3265 13 is_stmt 0 view .LVU1637
 5806 001a 2368     		ldr	r3, [r4]
3265:Drivers/STM32F0xx_HAL_Driver/Src/stm32f0xx_hal_uart.c ****   {
 5807              		.loc 1 3265 23 view .LVU1638
 5808 001c 1B68     		ldr	r3, [r3]
3265:Drivers/STM32F0xx_HAL_Driver/Src/stm32f0xx_hal_uart.c ****   {
 5809              		.loc 1 3265 6 view .LVU1639
 5810 001e 5B07     		lsls	r3, r3, #29
 5811 0020 16D4     		bmi	.L352
 5812              	.L348:
3276:Drivers/STM32F0xx_HAL_Driver/Src/stm32f0xx_hal_uart.c ****   huart->RxState = HAL_UART_STATE_READY;
 5813              		.loc 1 3276 3 is_stmt 1 view .LVU1640
3276:Drivers/STM32F0xx_HAL_Driver/Src/stm32f0xx_hal_uart.c ****   huart->RxState = HAL_UART_STATE_READY;
 5814              		.loc 1 3276 17 is_stmt 0 view .LVU1641
 5815 0022 2023     		movs	r3, #32
 5816 0024 A367     		str	r3, [r4, #120]
3277:Drivers/STM32F0xx_HAL_Driver/Src/stm32f0xx_hal_uart.c ****   huart->ReceptionType = HAL_UART_RECEPTION_STANDARD;
 5817              		.loc 1 3277 3 is_stmt 1 view .LVU1642
3277:Drivers/STM32F0xx_HAL_Driver/Src/stm32f0xx_hal_uart.c ****   huart->ReceptionType = HAL_UART_RECEPTION_STANDARD;
 5818              		.loc 1 3277 18 is_stmt 0 view .LVU1643
 5819 0026 E367     		str	r3, [r4, #124]
3278:Drivers/STM32F0xx_HAL_Driver/Src/stm32f0xx_hal_uart.c **** 
 5820              		.loc 1 3278 3 is_stmt 1 view .LVU1644
3278:Drivers/STM32F0xx_HAL_Driver/Src/stm32f0xx_hal_uart.c **** 
 5821              		.loc 1 3278 24 is_stmt 0 view .LVU1645
 5822 0028 0023     		movs	r3, #0
 5823 002a 2366     		str	r3, [r4, #96]
3280:Drivers/STM32F0xx_HAL_Driver/Src/stm32f0xx_hal_uart.c **** 
 5824              		.loc 1 3280 3 is_stmt 1 view .LVU1646
3280:Drivers/STM32F0xx_HAL_Driver/Src/stm32f0xx_hal_uart.c **** 
 5825              		.loc 1 3280 3 view .LVU1647
 5826 002c 7422     		movs	r2, #116
 5827 002e A354     		strb	r3, [r4, r2]
3280:Drivers/STM32F0xx_HAL_Driver/Src/stm32f0xx_hal_uart.c **** 
 5828              		.loc 1 3280 3 view .LVU1648
3282:Drivers/STM32F0xx_HAL_Driver/Src/stm32f0xx_hal_uart.c **** }
 5829              		.loc 1 3282 3 view .LVU1649
3282:Drivers/STM32F0xx_HAL_Driver/Src/stm32f0xx_hal_uart.c **** }
 5830              		.loc 1 3282 10 is_stmt 0 view .LVU1650
 5831 0030 0020     		movs	r0, #0
 5832              	.L347:
3283:Drivers/STM32F0xx_HAL_Driver/Src/stm32f0xx_hal_uart.c **** 
 5833              		.loc 1 3283 1 view .LVU1651
 5834 0032 03B0     		add	sp, sp, #12
 5835              		@ sp needed
 5836              	.LVL400:
ARM GAS  C:\Users\MINIGU~1\AppData\Local\Temp\cc3PAC1x.s 			page 201


 5837              	.LVL401:
3283:Drivers/STM32F0xx_HAL_Driver/Src/stm32f0xx_hal_uart.c **** 
 5838              		.loc 1 3283 1 view .LVU1652
 5839 0034 30BD     		pop	{r4, r5, pc}
 5840              	.LVL402:
 5841              	.L351:
3257:Drivers/STM32F0xx_HAL_Driver/Src/stm32f0xx_hal_uart.c ****     {
 5842              		.loc 1 3257 5 is_stmt 1 view .LVU1653
3257:Drivers/STM32F0xx_HAL_Driver/Src/stm32f0xx_hal_uart.c ****     {
 5843              		.loc 1 3257 9 is_stmt 0 view .LVU1654
 5844 0036 8021     		movs	r1, #128
 5845 0038 0C4B     		ldr	r3, .L353
 5846 003a 0093     		str	r3, [sp]
 5847 003c 0300     		movs	r3, r0
 5848 003e 0022     		movs	r2, #0
 5849 0040 8903     		lsls	r1, r1, #14
 5850 0042 2000     		movs	r0, r4
 5851              	.LVL403:
3257:Drivers/STM32F0xx_HAL_Driver/Src/stm32f0xx_hal_uart.c ****     {
 5852              		.loc 1 3257 9 view .LVU1655
 5853 0044 FFF7FEFF 		bl	UART_WaitOnFlagUntilTimeout
 5854              	.LVL404:
3257:Drivers/STM32F0xx_HAL_Driver/Src/stm32f0xx_hal_uart.c ****     {
 5855              		.loc 1 3257 8 view .LVU1656
 5856 0048 0028     		cmp	r0, #0
 5857 004a E6D0     		beq	.L346
3260:Drivers/STM32F0xx_HAL_Driver/Src/stm32f0xx_hal_uart.c ****     }
 5858              		.loc 1 3260 14 view .LVU1657
 5859 004c 0320     		movs	r0, #3
 5860 004e F0E7     		b	.L347
 5861              	.L352:
3268:Drivers/STM32F0xx_HAL_Driver/Src/stm32f0xx_hal_uart.c ****     {
 5862              		.loc 1 3268 5 is_stmt 1 view .LVU1658
3268:Drivers/STM32F0xx_HAL_Driver/Src/stm32f0xx_hal_uart.c ****     {
 5863              		.loc 1 3268 9 is_stmt 0 view .LVU1659
 5864 0050 8021     		movs	r1, #128
 5865 0052 064B     		ldr	r3, .L353
 5866 0054 0093     		str	r3, [sp]
 5867 0056 2B00     		movs	r3, r5
 5868 0058 0022     		movs	r2, #0
 5869 005a C903     		lsls	r1, r1, #15
 5870 005c 2000     		movs	r0, r4
 5871 005e FFF7FEFF 		bl	UART_WaitOnFlagUntilTimeout
 5872              	.LVL405:
3268:Drivers/STM32F0xx_HAL_Driver/Src/stm32f0xx_hal_uart.c ****     {
 5873              		.loc 1 3268 8 view .LVU1660
 5874 0062 0028     		cmp	r0, #0
 5875 0064 DDD0     		beq	.L348
3271:Drivers/STM32F0xx_HAL_Driver/Src/stm32f0xx_hal_uart.c ****     }
 5876              		.loc 1 3271 14 view .LVU1661
 5877 0066 0320     		movs	r0, #3
 5878 0068 E3E7     		b	.L347
 5879              	.L354:
 5880 006a C046     		.align	2
 5881              	.L353:
 5882 006c FFFFFF01 		.word	33554431
 5883              		.cfi_endproc
ARM GAS  C:\Users\MINIGU~1\AppData\Local\Temp\cc3PAC1x.s 			page 202


 5884              	.LFE83:
 5886              		.section	.text.HAL_UART_Init,"ax",%progbits
 5887              		.align	1
 5888              		.global	HAL_UART_Init
 5889              		.syntax unified
 5890              		.code	16
 5891              		.thumb_func
 5892              		.fpu softvfp
 5894              	HAL_UART_Init:
 5895              	.LVL406:
 5896              	.LFB40:
 289:Drivers/STM32F0xx_HAL_Driver/Src/stm32f0xx_hal_uart.c ****   /* Check the UART handle allocation */
 5897              		.loc 1 289 1 is_stmt 1 view -0
 5898              		.cfi_startproc
 5899              		@ args = 0, pretend = 0, frame = 0
 5900              		@ frame_needed = 0, uses_anonymous_args = 0
 289:Drivers/STM32F0xx_HAL_Driver/Src/stm32f0xx_hal_uart.c ****   /* Check the UART handle allocation */
 5901              		.loc 1 289 1 is_stmt 0 view .LVU1663
 5902 0000 10B5     		push	{r4, lr}
 5903              	.LCFI40:
 5904              		.cfi_def_cfa_offset 8
 5905              		.cfi_offset 4, -8
 5906              		.cfi_offset 14, -4
 5907 0002 041E     		subs	r4, r0, #0
 291:Drivers/STM32F0xx_HAL_Driver/Src/stm32f0xx_hal_uart.c ****   {
 5908              		.loc 1 291 3 is_stmt 1 view .LVU1664
 291:Drivers/STM32F0xx_HAL_Driver/Src/stm32f0xx_hal_uart.c ****   {
 5909              		.loc 1 291 6 is_stmt 0 view .LVU1665
 5910 0004 2ED0     		beq	.L359
 296:Drivers/STM32F0xx_HAL_Driver/Src/stm32f0xx_hal_uart.c ****   {
 5911              		.loc 1 296 3 is_stmt 1 view .LVU1666
 304:Drivers/STM32F0xx_HAL_Driver/Src/stm32f0xx_hal_uart.c ****   }
 5912              		.loc 1 304 5 view .LVU1667
 307:Drivers/STM32F0xx_HAL_Driver/Src/stm32f0xx_hal_uart.c ****   {
 5913              		.loc 1 307 3 view .LVU1668
 307:Drivers/STM32F0xx_HAL_Driver/Src/stm32f0xx_hal_uart.c ****   {
 5914              		.loc 1 307 12 is_stmt 0 view .LVU1669
 5915 0006 836F     		ldr	r3, [r0, #120]
 307:Drivers/STM32F0xx_HAL_Driver/Src/stm32f0xx_hal_uart.c ****   {
 5916              		.loc 1 307 6 view .LVU1670
 5917 0008 002B     		cmp	r3, #0
 5918 000a 21D0     		beq	.L360
 5919              	.LVL407:
 5920              	.L357:
 328:Drivers/STM32F0xx_HAL_Driver/Src/stm32f0xx_hal_uart.c **** 
 5921              		.loc 1 328 3 is_stmt 1 view .LVU1671
 328:Drivers/STM32F0xx_HAL_Driver/Src/stm32f0xx_hal_uart.c **** 
 5922              		.loc 1 328 17 is_stmt 0 view .LVU1672
 5923 000c 2423     		movs	r3, #36
 5924 000e A367     		str	r3, [r4, #120]
 330:Drivers/STM32F0xx_HAL_Driver/Src/stm32f0xx_hal_uart.c **** 
 5925              		.loc 1 330 3 is_stmt 1 view .LVU1673
 5926 0010 2268     		ldr	r2, [r4]
 5927 0012 1368     		ldr	r3, [r2]
 5928 0014 0121     		movs	r1, #1
 5929 0016 8B43     		bics	r3, r1
 5930 0018 1360     		str	r3, [r2]
ARM GAS  C:\Users\MINIGU~1\AppData\Local\Temp\cc3PAC1x.s 			page 203


 333:Drivers/STM32F0xx_HAL_Driver/Src/stm32f0xx_hal_uart.c ****   {
 5931              		.loc 1 333 3 view .LVU1674
 333:Drivers/STM32F0xx_HAL_Driver/Src/stm32f0xx_hal_uart.c ****   {
 5932              		.loc 1 333 7 is_stmt 0 view .LVU1675
 5933 001a 2000     		movs	r0, r4
 5934 001c FFF7FEFF 		bl	UART_SetConfig
 5935              	.LVL408:
 333:Drivers/STM32F0xx_HAL_Driver/Src/stm32f0xx_hal_uart.c ****   {
 5936              		.loc 1 333 6 view .LVU1676
 5937 0020 0128     		cmp	r0, #1
 5938 0022 14D0     		beq	.L356
 338:Drivers/STM32F0xx_HAL_Driver/Src/stm32f0xx_hal_uart.c ****   {
 5939              		.loc 1 338 3 is_stmt 1 view .LVU1677
 338:Drivers/STM32F0xx_HAL_Driver/Src/stm32f0xx_hal_uart.c ****   {
 5940              		.loc 1 338 6 is_stmt 0 view .LVU1678
 5941 0024 636A     		ldr	r3, [r4, #36]
 5942 0026 002B     		cmp	r3, #0
 5943 0028 18D1     		bne	.L361
 5944              	.L358:
 349:Drivers/STM32F0xx_HAL_Driver/Src/stm32f0xx_hal_uart.c **** #endif /* USART_CR2_LINEN */
 5945              		.loc 1 349 3 is_stmt 1 view .LVU1679
 5946 002a 2268     		ldr	r2, [r4]
 5947 002c 5368     		ldr	r3, [r2, #4]
 5948 002e 0E49     		ldr	r1, .L362
 5949 0030 0B40     		ands	r3, r1
 5950 0032 5360     		str	r3, [r2, #4]
 361:Drivers/STM32F0xx_HAL_Driver/Src/stm32f0xx_hal_uart.c **** #endif /* USART_CR3_IREN*/
 5951              		.loc 1 361 3 view .LVU1680
 5952 0034 2268     		ldr	r2, [r4]
 5953 0036 9368     		ldr	r3, [r2, #8]
 5954 0038 0821     		movs	r1, #8
 5955 003a 8B43     		bics	r3, r1
 5956 003c 9360     		str	r3, [r2, #8]
 365:Drivers/STM32F0xx_HAL_Driver/Src/stm32f0xx_hal_uart.c **** 
 5957              		.loc 1 365 3 view .LVU1681
 5958 003e 2268     		ldr	r2, [r4]
 5959 0040 1368     		ldr	r3, [r2]
 5960 0042 0739     		subs	r1, r1, #7
 5961 0044 0B43     		orrs	r3, r1
 5962 0046 1360     		str	r3, [r2]
 368:Drivers/STM32F0xx_HAL_Driver/Src/stm32f0xx_hal_uart.c **** }
 5963              		.loc 1 368 3 view .LVU1682
 368:Drivers/STM32F0xx_HAL_Driver/Src/stm32f0xx_hal_uart.c **** }
 5964              		.loc 1 368 11 is_stmt 0 view .LVU1683
 5965 0048 2000     		movs	r0, r4
 5966 004a FFF7FEFF 		bl	UART_CheckIdleState
 5967              	.LVL409:
 5968              	.L356:
 369:Drivers/STM32F0xx_HAL_Driver/Src/stm32f0xx_hal_uart.c **** 
 5969              		.loc 1 369 1 view .LVU1684
 5970              		@ sp needed
 5971              	.LVL410:
 369:Drivers/STM32F0xx_HAL_Driver/Src/stm32f0xx_hal_uart.c **** 
 5972              		.loc 1 369 1 view .LVU1685
 5973 004e 10BD     		pop	{r4, pc}
 5974              	.LVL411:
 5975              	.L360:
ARM GAS  C:\Users\MINIGU~1\AppData\Local\Temp\cc3PAC1x.s 			page 204


 310:Drivers/STM32F0xx_HAL_Driver/Src/stm32f0xx_hal_uart.c **** 
 5976              		.loc 1 310 5 is_stmt 1 view .LVU1686
 310:Drivers/STM32F0xx_HAL_Driver/Src/stm32f0xx_hal_uart.c **** 
 5977              		.loc 1 310 17 is_stmt 0 view .LVU1687
 5978 0050 7433     		adds	r3, r3, #116
 5979 0052 0022     		movs	r2, #0
 5980 0054 C254     		strb	r2, [r0, r3]
 324:Drivers/STM32F0xx_HAL_Driver/Src/stm32f0xx_hal_uart.c **** #endif /* (USE_HAL_UART_REGISTER_CALLBACKS) */
 5981              		.loc 1 324 5 is_stmt 1 view .LVU1688
 5982 0056 FFF7FEFF 		bl	HAL_UART_MspInit
 5983              	.LVL412:
 324:Drivers/STM32F0xx_HAL_Driver/Src/stm32f0xx_hal_uart.c **** #endif /* (USE_HAL_UART_REGISTER_CALLBACKS) */
 5984              		.loc 1 324 5 is_stmt 0 view .LVU1689
 5985 005a D7E7     		b	.L357
 5986              	.L361:
 340:Drivers/STM32F0xx_HAL_Driver/Src/stm32f0xx_hal_uart.c ****   }
 5987              		.loc 1 340 5 is_stmt 1 view .LVU1690
 5988 005c 2000     		movs	r0, r4
 5989 005e FFF7FEFF 		bl	UART_AdvFeatureConfig
 5990              	.LVL413:
 5991 0062 E2E7     		b	.L358
 5992              	.LVL414:
 5993              	.L359:
 293:Drivers/STM32F0xx_HAL_Driver/Src/stm32f0xx_hal_uart.c ****   }
 5994              		.loc 1 293 12 is_stmt 0 view .LVU1691
 5995 0064 0120     		movs	r0, #1
 5996              	.LVL415:
 293:Drivers/STM32F0xx_HAL_Driver/Src/stm32f0xx_hal_uart.c ****   }
 5997              		.loc 1 293 12 view .LVU1692
 5998 0066 F2E7     		b	.L356
 5999              	.L363:
 6000              		.align	2
 6001              	.L362:
 6002 0068 FFF7FFFF 		.word	-2049
 6003              		.cfi_endproc
 6004              	.LFE40:
 6006              		.section	.text.HAL_HalfDuplex_Init,"ax",%progbits
 6007              		.align	1
 6008              		.global	HAL_HalfDuplex_Init
 6009              		.syntax unified
 6010              		.code	16
 6011              		.thumb_func
 6012              		.fpu softvfp
 6014              	HAL_HalfDuplex_Init:
 6015              	.LVL416:
 6016              	.LFB41:
 378:Drivers/STM32F0xx_HAL_Driver/Src/stm32f0xx_hal_uart.c ****   /* Check the UART handle allocation */
 6017              		.loc 1 378 1 is_stmt 1 view -0
 6018              		.cfi_startproc
 6019              		@ args = 0, pretend = 0, frame = 0
 6020              		@ frame_needed = 0, uses_anonymous_args = 0
 378:Drivers/STM32F0xx_HAL_Driver/Src/stm32f0xx_hal_uart.c ****   /* Check the UART handle allocation */
 6021              		.loc 1 378 1 is_stmt 0 view .LVU1694
 6022 0000 10B5     		push	{r4, lr}
 6023              	.LCFI41:
 6024              		.cfi_def_cfa_offset 8
 6025              		.cfi_offset 4, -8
ARM GAS  C:\Users\MINIGU~1\AppData\Local\Temp\cc3PAC1x.s 			page 205


 6026              		.cfi_offset 14, -4
 6027 0002 041E     		subs	r4, r0, #0
 380:Drivers/STM32F0xx_HAL_Driver/Src/stm32f0xx_hal_uart.c ****   {
 6028              		.loc 1 380 3 is_stmt 1 view .LVU1695
 380:Drivers/STM32F0xx_HAL_Driver/Src/stm32f0xx_hal_uart.c ****   {
 6029              		.loc 1 380 6 is_stmt 0 view .LVU1696
 6030 0004 2ED0     		beq	.L368
 386:Drivers/STM32F0xx_HAL_Driver/Src/stm32f0xx_hal_uart.c **** 
 6031              		.loc 1 386 3 is_stmt 1 view .LVU1697
 388:Drivers/STM32F0xx_HAL_Driver/Src/stm32f0xx_hal_uart.c ****   {
 6032              		.loc 1 388 3 view .LVU1698
 388:Drivers/STM32F0xx_HAL_Driver/Src/stm32f0xx_hal_uart.c ****   {
 6033              		.loc 1 388 12 is_stmt 0 view .LVU1699
 6034 0006 836F     		ldr	r3, [r0, #120]
 388:Drivers/STM32F0xx_HAL_Driver/Src/stm32f0xx_hal_uart.c ****   {
 6035              		.loc 1 388 6 view .LVU1700
 6036 0008 002B     		cmp	r3, #0
 6037 000a 21D0     		beq	.L369
 6038              	.LVL417:
 6039              	.L366:
 409:Drivers/STM32F0xx_HAL_Driver/Src/stm32f0xx_hal_uart.c **** 
 6040              		.loc 1 409 3 is_stmt 1 view .LVU1701
 409:Drivers/STM32F0xx_HAL_Driver/Src/stm32f0xx_hal_uart.c **** 
 6041              		.loc 1 409 17 is_stmt 0 view .LVU1702
 6042 000c 2423     		movs	r3, #36
 6043 000e A367     		str	r3, [r4, #120]
 411:Drivers/STM32F0xx_HAL_Driver/Src/stm32f0xx_hal_uart.c **** 
 6044              		.loc 1 411 3 is_stmt 1 view .LVU1703
 6045 0010 2268     		ldr	r2, [r4]
 6046 0012 1368     		ldr	r3, [r2]
 6047 0014 0121     		movs	r1, #1
 6048 0016 8B43     		bics	r3, r1
 6049 0018 1360     		str	r3, [r2]
 414:Drivers/STM32F0xx_HAL_Driver/Src/stm32f0xx_hal_uart.c ****   {
 6050              		.loc 1 414 3 view .LVU1704
 414:Drivers/STM32F0xx_HAL_Driver/Src/stm32f0xx_hal_uart.c ****   {
 6051              		.loc 1 414 7 is_stmt 0 view .LVU1705
 6052 001a 2000     		movs	r0, r4
 6053 001c FFF7FEFF 		bl	UART_SetConfig
 6054              	.LVL418:
 414:Drivers/STM32F0xx_HAL_Driver/Src/stm32f0xx_hal_uart.c ****   {
 6055              		.loc 1 414 6 view .LVU1706
 6056 0020 0128     		cmp	r0, #1
 6057 0022 14D0     		beq	.L365
 419:Drivers/STM32F0xx_HAL_Driver/Src/stm32f0xx_hal_uart.c ****   {
 6058              		.loc 1 419 3 is_stmt 1 view .LVU1707
 419:Drivers/STM32F0xx_HAL_Driver/Src/stm32f0xx_hal_uart.c ****   {
 6059              		.loc 1 419 6 is_stmt 0 view .LVU1708
 6060 0024 636A     		ldr	r3, [r4, #36]
 6061 0026 002B     		cmp	r3, #0
 6062 0028 18D1     		bne	.L370
 6063              	.L367:
 430:Drivers/STM32F0xx_HAL_Driver/Src/stm32f0xx_hal_uart.c **** #endif /* USART_CR2_LINEN */
 6064              		.loc 1 430 3 is_stmt 1 view .LVU1709
 6065 002a 2268     		ldr	r2, [r4]
 6066 002c 5368     		ldr	r3, [r2, #4]
 6067 002e 0E49     		ldr	r1, .L371
ARM GAS  C:\Users\MINIGU~1\AppData\Local\Temp\cc3PAC1x.s 			page 206


 6068 0030 0B40     		ands	r3, r1
 6069 0032 5360     		str	r3, [r2, #4]
 445:Drivers/STM32F0xx_HAL_Driver/Src/stm32f0xx_hal_uart.c **** 
 6070              		.loc 1 445 3 view .LVU1710
 6071 0034 2268     		ldr	r2, [r4]
 6072 0036 9368     		ldr	r3, [r2, #8]
 6073 0038 0821     		movs	r1, #8
 6074 003a 0B43     		orrs	r3, r1
 6075 003c 9360     		str	r3, [r2, #8]
 447:Drivers/STM32F0xx_HAL_Driver/Src/stm32f0xx_hal_uart.c **** 
 6076              		.loc 1 447 3 view .LVU1711
 6077 003e 2268     		ldr	r2, [r4]
 6078 0040 1368     		ldr	r3, [r2]
 6079 0042 0739     		subs	r1, r1, #7
 6080 0044 0B43     		orrs	r3, r1
 6081 0046 1360     		str	r3, [r2]
 450:Drivers/STM32F0xx_HAL_Driver/Src/stm32f0xx_hal_uart.c **** }
 6082              		.loc 1 450 3 view .LVU1712
 450:Drivers/STM32F0xx_HAL_Driver/Src/stm32f0xx_hal_uart.c **** }
 6083              		.loc 1 450 11 is_stmt 0 view .LVU1713
 6084 0048 2000     		movs	r0, r4
 6085 004a FFF7FEFF 		bl	UART_CheckIdleState
 6086              	.LVL419:
 6087              	.L365:
 451:Drivers/STM32F0xx_HAL_Driver/Src/stm32f0xx_hal_uart.c **** 
 6088              		.loc 1 451 1 view .LVU1714
 6089              		@ sp needed
 6090              	.LVL420:
 451:Drivers/STM32F0xx_HAL_Driver/Src/stm32f0xx_hal_uart.c **** 
 6091              		.loc 1 451 1 view .LVU1715
 6092 004e 10BD     		pop	{r4, pc}
 6093              	.LVL421:
 6094              	.L369:
 391:Drivers/STM32F0xx_HAL_Driver/Src/stm32f0xx_hal_uart.c **** 
 6095              		.loc 1 391 5 is_stmt 1 view .LVU1716
 391:Drivers/STM32F0xx_HAL_Driver/Src/stm32f0xx_hal_uart.c **** 
 6096              		.loc 1 391 17 is_stmt 0 view .LVU1717
 6097 0050 7433     		adds	r3, r3, #116
 6098 0052 0022     		movs	r2, #0
 6099 0054 C254     		strb	r2, [r0, r3]
 405:Drivers/STM32F0xx_HAL_Driver/Src/stm32f0xx_hal_uart.c **** #endif /* (USE_HAL_UART_REGISTER_CALLBACKS) */
 6100              		.loc 1 405 5 is_stmt 1 view .LVU1718
 6101 0056 FFF7FEFF 		bl	HAL_UART_MspInit
 6102              	.LVL422:
 405:Drivers/STM32F0xx_HAL_Driver/Src/stm32f0xx_hal_uart.c **** #endif /* (USE_HAL_UART_REGISTER_CALLBACKS) */
 6103              		.loc 1 405 5 is_stmt 0 view .LVU1719
 6104 005a D7E7     		b	.L366
 6105              	.L370:
 421:Drivers/STM32F0xx_HAL_Driver/Src/stm32f0xx_hal_uart.c ****   }
 6106              		.loc 1 421 5 is_stmt 1 view .LVU1720
 6107 005c 2000     		movs	r0, r4
 6108 005e FFF7FEFF 		bl	UART_AdvFeatureConfig
 6109              	.LVL423:
 6110 0062 E2E7     		b	.L367
 6111              	.LVL424:
 6112              	.L368:
 382:Drivers/STM32F0xx_HAL_Driver/Src/stm32f0xx_hal_uart.c ****   }
ARM GAS  C:\Users\MINIGU~1\AppData\Local\Temp\cc3PAC1x.s 			page 207


 6113              		.loc 1 382 12 is_stmt 0 view .LVU1721
 6114 0064 0120     		movs	r0, #1
 6115              	.LVL425:
 382:Drivers/STM32F0xx_HAL_Driver/Src/stm32f0xx_hal_uart.c ****   }
 6116              		.loc 1 382 12 view .LVU1722
 6117 0066 F2E7     		b	.L365
 6118              	.L372:
 6119              		.align	2
 6120              	.L371:
 6121 0068 FFF7FFFF 		.word	-2049
 6122              		.cfi_endproc
 6123              	.LFE41:
 6125              		.section	.text.HAL_MultiProcessor_Init,"ax",%progbits
 6126              		.align	1
 6127              		.global	HAL_MultiProcessor_Init
 6128              		.syntax unified
 6129              		.code	16
 6130              		.thumb_func
 6131              		.fpu softvfp
 6133              	HAL_MultiProcessor_Init:
 6134              	.LVL426:
 6135              	.LFB42:
 576:Drivers/STM32F0xx_HAL_Driver/Src/stm32f0xx_hal_uart.c ****   /* Check the UART handle allocation */
 6136              		.loc 1 576 1 is_stmt 1 view -0
 6137              		.cfi_startproc
 6138              		@ args = 0, pretend = 0, frame = 0
 6139              		@ frame_needed = 0, uses_anonymous_args = 0
 576:Drivers/STM32F0xx_HAL_Driver/Src/stm32f0xx_hal_uart.c ****   /* Check the UART handle allocation */
 6140              		.loc 1 576 1 is_stmt 0 view .LVU1724
 6141 0000 70B5     		push	{r4, r5, r6, lr}
 6142              	.LCFI42:
 6143              		.cfi_def_cfa_offset 16
 6144              		.cfi_offset 4, -16
 6145              		.cfi_offset 5, -12
 6146              		.cfi_offset 6, -8
 6147              		.cfi_offset 14, -4
 6148 0002 0400     		movs	r4, r0
 6149 0004 0D00     		movs	r5, r1
 6150 0006 1600     		movs	r6, r2
 578:Drivers/STM32F0xx_HAL_Driver/Src/stm32f0xx_hal_uart.c ****   {
 6151              		.loc 1 578 3 is_stmt 1 view .LVU1725
 578:Drivers/STM32F0xx_HAL_Driver/Src/stm32f0xx_hal_uart.c ****   {
 6152              		.loc 1 578 6 is_stmt 0 view .LVU1726
 6153 0008 0028     		cmp	r0, #0
 6154 000a 40D0     		beq	.L378
 584:Drivers/STM32F0xx_HAL_Driver/Src/stm32f0xx_hal_uart.c **** 
 6155              		.loc 1 584 3 is_stmt 1 view .LVU1727
 586:Drivers/STM32F0xx_HAL_Driver/Src/stm32f0xx_hal_uart.c ****   {
 6156              		.loc 1 586 3 view .LVU1728
 586:Drivers/STM32F0xx_HAL_Driver/Src/stm32f0xx_hal_uart.c ****   {
 6157              		.loc 1 586 12 is_stmt 0 view .LVU1729
 6158 000c 836F     		ldr	r3, [r0, #120]
 586:Drivers/STM32F0xx_HAL_Driver/Src/stm32f0xx_hal_uart.c ****   {
 6159              		.loc 1 586 6 view .LVU1730
 6160 000e 002B     		cmp	r3, #0
 6161 0010 2BD0     		beq	.L379
 6162              	.LVL427:
ARM GAS  C:\Users\MINIGU~1\AppData\Local\Temp\cc3PAC1x.s 			page 208


 6163              	.L375:
 607:Drivers/STM32F0xx_HAL_Driver/Src/stm32f0xx_hal_uart.c **** 
 6164              		.loc 1 607 3 is_stmt 1 view .LVU1731
 607:Drivers/STM32F0xx_HAL_Driver/Src/stm32f0xx_hal_uart.c **** 
 6165              		.loc 1 607 17 is_stmt 0 view .LVU1732
 6166 0012 2423     		movs	r3, #36
 6167 0014 A367     		str	r3, [r4, #120]
 609:Drivers/STM32F0xx_HAL_Driver/Src/stm32f0xx_hal_uart.c **** 
 6168              		.loc 1 609 3 is_stmt 1 view .LVU1733
 6169 0016 2268     		ldr	r2, [r4]
 6170 0018 1368     		ldr	r3, [r2]
 6171 001a 0121     		movs	r1, #1
 6172 001c 8B43     		bics	r3, r1
 6173 001e 1360     		str	r3, [r2]
 612:Drivers/STM32F0xx_HAL_Driver/Src/stm32f0xx_hal_uart.c ****   {
 6174              		.loc 1 612 3 view .LVU1734
 612:Drivers/STM32F0xx_HAL_Driver/Src/stm32f0xx_hal_uart.c ****   {
 6175              		.loc 1 612 7 is_stmt 0 view .LVU1735
 6176 0020 2000     		movs	r0, r4
 6177 0022 FFF7FEFF 		bl	UART_SetConfig
 6178              	.LVL428:
 612:Drivers/STM32F0xx_HAL_Driver/Src/stm32f0xx_hal_uart.c ****   {
 6179              		.loc 1 612 6 view .LVU1736
 6180 0026 0128     		cmp	r0, #1
 6181 0028 1ED0     		beq	.L374
 617:Drivers/STM32F0xx_HAL_Driver/Src/stm32f0xx_hal_uart.c ****   {
 6182              		.loc 1 617 3 is_stmt 1 view .LVU1737
 617:Drivers/STM32F0xx_HAL_Driver/Src/stm32f0xx_hal_uart.c ****   {
 6183              		.loc 1 617 6 is_stmt 0 view .LVU1738
 6184 002a 636A     		ldr	r3, [r4, #36]
 6185 002c 002B     		cmp	r3, #0
 6186 002e 22D1     		bne	.L380
 6187              	.L376:
 628:Drivers/STM32F0xx_HAL_Driver/Src/stm32f0xx_hal_uart.c **** #endif /* USART_CR2_LINEN */
 6188              		.loc 1 628 3 is_stmt 1 view .LVU1739
 6189 0030 2268     		ldr	r2, [r4]
 6190 0032 5368     		ldr	r3, [r2, #4]
 6191 0034 1749     		ldr	r1, .L382
 6192 0036 0B40     		ands	r3, r1
 6193 0038 5360     		str	r3, [r2, #4]
 640:Drivers/STM32F0xx_HAL_Driver/Src/stm32f0xx_hal_uart.c **** #endif /* USART_CR3_IREN */
 6194              		.loc 1 640 3 view .LVU1740
 6195 003a 2268     		ldr	r2, [r4]
 6196 003c 9368     		ldr	r3, [r2, #8]
 6197 003e 0821     		movs	r1, #8
 6198 0040 8B43     		bics	r3, r1
 6199 0042 9360     		str	r3, [r2, #8]
 644:Drivers/STM32F0xx_HAL_Driver/Src/stm32f0xx_hal_uart.c ****   {
 6200              		.loc 1 644 3 view .LVU1741
 644:Drivers/STM32F0xx_HAL_Driver/Src/stm32f0xx_hal_uart.c ****   {
 6201              		.loc 1 644 6 is_stmt 0 view .LVU1742
 6202 0044 8023     		movs	r3, #128
 6203 0046 1B01     		lsls	r3, r3, #4
 6204 0048 9E42     		cmp	r6, r3
 6205 004a 18D0     		beq	.L381
 6206              	.L377:
 651:Drivers/STM32F0xx_HAL_Driver/Src/stm32f0xx_hal_uart.c **** 
ARM GAS  C:\Users\MINIGU~1\AppData\Local\Temp\cc3PAC1x.s 			page 209


 6207              		.loc 1 651 3 is_stmt 1 view .LVU1743
 6208 004c 2368     		ldr	r3, [r4]
 6209 004e 1A68     		ldr	r2, [r3]
 6210 0050 1049     		ldr	r1, .L382
 6211 0052 0A40     		ands	r2, r1
 6212 0054 1643     		orrs	r6, r2
 6213              	.LVL429:
 651:Drivers/STM32F0xx_HAL_Driver/Src/stm32f0xx_hal_uart.c **** 
 6214              		.loc 1 651 3 is_stmt 0 view .LVU1744
 6215 0056 1E60     		str	r6, [r3]
 653:Drivers/STM32F0xx_HAL_Driver/Src/stm32f0xx_hal_uart.c **** 
 6216              		.loc 1 653 3 is_stmt 1 view .LVU1745
 6217 0058 2268     		ldr	r2, [r4]
 6218 005a 1368     		ldr	r3, [r2]
 6219 005c 0121     		movs	r1, #1
 6220 005e 0B43     		orrs	r3, r1
 6221 0060 1360     		str	r3, [r2]
 656:Drivers/STM32F0xx_HAL_Driver/Src/stm32f0xx_hal_uart.c **** }
 6222              		.loc 1 656 3 view .LVU1746
 656:Drivers/STM32F0xx_HAL_Driver/Src/stm32f0xx_hal_uart.c **** }
 6223              		.loc 1 656 11 is_stmt 0 view .LVU1747
 6224 0062 2000     		movs	r0, r4
 6225 0064 FFF7FEFF 		bl	UART_CheckIdleState
 6226              	.LVL430:
 6227              	.L374:
 657:Drivers/STM32F0xx_HAL_Driver/Src/stm32f0xx_hal_uart.c **** 
 6228              		.loc 1 657 1 view .LVU1748
 6229              		@ sp needed
 6230              	.LVL431:
 657:Drivers/STM32F0xx_HAL_Driver/Src/stm32f0xx_hal_uart.c **** 
 6231              		.loc 1 657 1 view .LVU1749
 6232 0068 70BD     		pop	{r4, r5, r6, pc}
 6233              	.LVL432:
 6234              	.L379:
 589:Drivers/STM32F0xx_HAL_Driver/Src/stm32f0xx_hal_uart.c **** 
 6235              		.loc 1 589 5 is_stmt 1 view .LVU1750
 589:Drivers/STM32F0xx_HAL_Driver/Src/stm32f0xx_hal_uart.c **** 
 6236              		.loc 1 589 17 is_stmt 0 view .LVU1751
 6237 006a 7433     		adds	r3, r3, #116
 6238 006c 0022     		movs	r2, #0
 6239              	.LVL433:
 589:Drivers/STM32F0xx_HAL_Driver/Src/stm32f0xx_hal_uart.c **** 
 6240              		.loc 1 589 17 view .LVU1752
 6241 006e C254     		strb	r2, [r0, r3]
 603:Drivers/STM32F0xx_HAL_Driver/Src/stm32f0xx_hal_uart.c **** #endif /* (USE_HAL_UART_REGISTER_CALLBACKS) */
 6242              		.loc 1 603 5 is_stmt 1 view .LVU1753
 6243 0070 FFF7FEFF 		bl	HAL_UART_MspInit
 6244              	.LVL434:
 603:Drivers/STM32F0xx_HAL_Driver/Src/stm32f0xx_hal_uart.c **** #endif /* (USE_HAL_UART_REGISTER_CALLBACKS) */
 6245              		.loc 1 603 5 is_stmt 0 view .LVU1754
 6246 0074 CDE7     		b	.L375
 6247              	.L380:
 619:Drivers/STM32F0xx_HAL_Driver/Src/stm32f0xx_hal_uart.c ****   }
 6248              		.loc 1 619 5 is_stmt 1 view .LVU1755
 6249 0076 2000     		movs	r0, r4
 6250 0078 FFF7FEFF 		bl	UART_AdvFeatureConfig
 6251              	.LVL435:
ARM GAS  C:\Users\MINIGU~1\AppData\Local\Temp\cc3PAC1x.s 			page 210


 6252 007c D8E7     		b	.L376
 6253              	.L381:
 647:Drivers/STM32F0xx_HAL_Driver/Src/stm32f0xx_hal_uart.c ****   }
 6254              		.loc 1 647 5 view .LVU1756
 6255 007e 2268     		ldr	r2, [r4]
 6256 0080 5368     		ldr	r3, [r2, #4]
 6257 0082 1B02     		lsls	r3, r3, #8
 6258 0084 1B0A     		lsrs	r3, r3, #8
 6259 0086 2D06     		lsls	r5, r5, #24
 6260 0088 1D43     		orrs	r5, r3
 6261 008a 5560     		str	r5, [r2, #4]
 6262 008c DEE7     		b	.L377
 6263              	.LVL436:
 6264              	.L378:
 580:Drivers/STM32F0xx_HAL_Driver/Src/stm32f0xx_hal_uart.c ****   }
 6265              		.loc 1 580 12 is_stmt 0 view .LVU1757
 6266 008e 0120     		movs	r0, #1
 6267              	.LVL437:
 580:Drivers/STM32F0xx_HAL_Driver/Src/stm32f0xx_hal_uart.c ****   }
 6268              		.loc 1 580 12 view .LVU1758
 6269 0090 EAE7     		b	.L374
 6270              	.L383:
 6271 0092 C046     		.align	2
 6272              	.L382:
 6273 0094 FFF7FFFF 		.word	-2049
 6274              		.cfi_endproc
 6275              	.LFE42:
 6277              		.section	.text.HAL_MultiProcessor_EnableMuteMode,"ax",%progbits
 6278              		.align	1
 6279              		.global	HAL_MultiProcessor_EnableMuteMode
 6280              		.syntax unified
 6281              		.code	16
 6282              		.thumb_func
 6283              		.fpu softvfp
 6285              	HAL_MultiProcessor_EnableMuteMode:
 6286              	.LVL438:
 6287              	.LFB74:
2826:Drivers/STM32F0xx_HAL_Driver/Src/stm32f0xx_hal_uart.c ****   __HAL_LOCK(huart);
 6288              		.loc 1 2826 1 is_stmt 1 view -0
 6289              		.cfi_startproc
 6290              		@ args = 0, pretend = 0, frame = 0
 6291              		@ frame_needed = 0, uses_anonymous_args = 0
2826:Drivers/STM32F0xx_HAL_Driver/Src/stm32f0xx_hal_uart.c ****   __HAL_LOCK(huart);
 6292              		.loc 1 2826 1 is_stmt 0 view .LVU1760
 6293 0000 10B5     		push	{r4, lr}
 6294              	.LCFI43:
 6295              		.cfi_def_cfa_offset 8
 6296              		.cfi_offset 4, -8
 6297              		.cfi_offset 14, -4
2827:Drivers/STM32F0xx_HAL_Driver/Src/stm32f0xx_hal_uart.c **** 
 6298              		.loc 1 2827 3 is_stmt 1 view .LVU1761
2827:Drivers/STM32F0xx_HAL_Driver/Src/stm32f0xx_hal_uart.c **** 
 6299              		.loc 1 2827 3 view .LVU1762
 6300 0002 7423     		movs	r3, #116
 6301 0004 C35C     		ldrb	r3, [r0, r3]
 6302 0006 012B     		cmp	r3, #1
 6303 0008 0FD0     		beq	.L386
ARM GAS  C:\Users\MINIGU~1\AppData\Local\Temp\cc3PAC1x.s 			page 211


2827:Drivers/STM32F0xx_HAL_Driver/Src/stm32f0xx_hal_uart.c **** 
 6304              		.loc 1 2827 3 discriminator 2 view .LVU1763
 6305 000a 7423     		movs	r3, #116
 6306 000c 0122     		movs	r2, #1
 6307 000e C254     		strb	r2, [r0, r3]
2827:Drivers/STM32F0xx_HAL_Driver/Src/stm32f0xx_hal_uart.c **** 
 6308              		.loc 1 2827 3 discriminator 2 view .LVU1764
2829:Drivers/STM32F0xx_HAL_Driver/Src/stm32f0xx_hal_uart.c **** 
 6309              		.loc 1 2829 3 discriminator 2 view .LVU1765
2829:Drivers/STM32F0xx_HAL_Driver/Src/stm32f0xx_hal_uart.c **** 
 6310              		.loc 1 2829 17 is_stmt 0 discriminator 2 view .LVU1766
 6311 0010 503B     		subs	r3, r3, #80
 6312 0012 8367     		str	r3, [r0, #120]
2832:Drivers/STM32F0xx_HAL_Driver/Src/stm32f0xx_hal_uart.c **** 
 6313              		.loc 1 2832 3 is_stmt 1 discriminator 2 view .LVU1767
 6314 0014 0268     		ldr	r2, [r0]
 6315 0016 1168     		ldr	r1, [r2]
 6316 0018 8023     		movs	r3, #128
 6317 001a 9B01     		lsls	r3, r3, #6
 6318 001c 0B43     		orrs	r3, r1
 6319 001e 1360     		str	r3, [r2]
2834:Drivers/STM32F0xx_HAL_Driver/Src/stm32f0xx_hal_uart.c **** 
 6320              		.loc 1 2834 3 discriminator 2 view .LVU1768
2834:Drivers/STM32F0xx_HAL_Driver/Src/stm32f0xx_hal_uart.c **** 
 6321              		.loc 1 2834 17 is_stmt 0 discriminator 2 view .LVU1769
 6322 0020 2023     		movs	r3, #32
 6323 0022 8367     		str	r3, [r0, #120]
2836:Drivers/STM32F0xx_HAL_Driver/Src/stm32f0xx_hal_uart.c **** }
 6324              		.loc 1 2836 3 is_stmt 1 discriminator 2 view .LVU1770
2836:Drivers/STM32F0xx_HAL_Driver/Src/stm32f0xx_hal_uart.c **** }
 6325              		.loc 1 2836 11 is_stmt 0 discriminator 2 view .LVU1771
 6326 0024 FFF7FEFF 		bl	UART_CheckIdleState
 6327              	.LVL439:
 6328              	.L385:
2837:Drivers/STM32F0xx_HAL_Driver/Src/stm32f0xx_hal_uart.c **** 
 6329              		.loc 1 2837 1 view .LVU1772
 6330              		@ sp needed
 6331 0028 10BD     		pop	{r4, pc}
 6332              	.LVL440:
 6333              	.L386:
2827:Drivers/STM32F0xx_HAL_Driver/Src/stm32f0xx_hal_uart.c **** 
 6334              		.loc 1 2827 3 view .LVU1773
 6335 002a 0220     		movs	r0, #2
 6336              	.LVL441:
2827:Drivers/STM32F0xx_HAL_Driver/Src/stm32f0xx_hal_uart.c **** 
 6337              		.loc 1 2827 3 view .LVU1774
 6338 002c FCE7     		b	.L385
 6339              		.cfi_endproc
 6340              	.LFE74:
 6342              		.section	.text.HAL_MultiProcessor_DisableMuteMode,"ax",%progbits
 6343              		.align	1
 6344              		.global	HAL_MultiProcessor_DisableMuteMode
 6345              		.syntax unified
 6346              		.code	16
 6347              		.thumb_func
 6348              		.fpu softvfp
 6350              	HAL_MultiProcessor_DisableMuteMode:
ARM GAS  C:\Users\MINIGU~1\AppData\Local\Temp\cc3PAC1x.s 			page 212


 6351              	.LVL442:
 6352              	.LFB75:
2846:Drivers/STM32F0xx_HAL_Driver/Src/stm32f0xx_hal_uart.c ****   __HAL_LOCK(huart);
 6353              		.loc 1 2846 1 is_stmt 1 view -0
 6354              		.cfi_startproc
 6355              		@ args = 0, pretend = 0, frame = 0
 6356              		@ frame_needed = 0, uses_anonymous_args = 0
2846:Drivers/STM32F0xx_HAL_Driver/Src/stm32f0xx_hal_uart.c ****   __HAL_LOCK(huart);
 6357              		.loc 1 2846 1 is_stmt 0 view .LVU1776
 6358 0000 10B5     		push	{r4, lr}
 6359              	.LCFI44:
 6360              		.cfi_def_cfa_offset 8
 6361              		.cfi_offset 4, -8
 6362              		.cfi_offset 14, -4
2847:Drivers/STM32F0xx_HAL_Driver/Src/stm32f0xx_hal_uart.c **** 
 6363              		.loc 1 2847 3 is_stmt 1 view .LVU1777
2847:Drivers/STM32F0xx_HAL_Driver/Src/stm32f0xx_hal_uart.c **** 
 6364              		.loc 1 2847 3 view .LVU1778
 6365 0002 7423     		movs	r3, #116
 6366 0004 C35C     		ldrb	r3, [r0, r3]
 6367 0006 012B     		cmp	r3, #1
 6368 0008 0ED0     		beq	.L389
2847:Drivers/STM32F0xx_HAL_Driver/Src/stm32f0xx_hal_uart.c **** 
 6369              		.loc 1 2847 3 discriminator 2 view .LVU1779
 6370 000a 7423     		movs	r3, #116
 6371 000c 0122     		movs	r2, #1
 6372 000e C254     		strb	r2, [r0, r3]
2847:Drivers/STM32F0xx_HAL_Driver/Src/stm32f0xx_hal_uart.c **** 
 6373              		.loc 1 2847 3 discriminator 2 view .LVU1780
2849:Drivers/STM32F0xx_HAL_Driver/Src/stm32f0xx_hal_uart.c **** 
 6374              		.loc 1 2849 3 discriminator 2 view .LVU1781
2849:Drivers/STM32F0xx_HAL_Driver/Src/stm32f0xx_hal_uart.c **** 
 6375              		.loc 1 2849 17 is_stmt 0 discriminator 2 view .LVU1782
 6376 0010 503B     		subs	r3, r3, #80
 6377 0012 8367     		str	r3, [r0, #120]
2852:Drivers/STM32F0xx_HAL_Driver/Src/stm32f0xx_hal_uart.c **** 
 6378              		.loc 1 2852 3 is_stmt 1 discriminator 2 view .LVU1783
 6379 0014 0268     		ldr	r2, [r0]
 6380 0016 1368     		ldr	r3, [r2]
 6381 0018 0449     		ldr	r1, .L390
 6382 001a 0B40     		ands	r3, r1
 6383 001c 1360     		str	r3, [r2]
2854:Drivers/STM32F0xx_HAL_Driver/Src/stm32f0xx_hal_uart.c **** 
 6384              		.loc 1 2854 3 discriminator 2 view .LVU1784
2854:Drivers/STM32F0xx_HAL_Driver/Src/stm32f0xx_hal_uart.c **** 
 6385              		.loc 1 2854 17 is_stmt 0 discriminator 2 view .LVU1785
 6386 001e 2023     		movs	r3, #32
 6387 0020 8367     		str	r3, [r0, #120]
2856:Drivers/STM32F0xx_HAL_Driver/Src/stm32f0xx_hal_uart.c **** }
 6388              		.loc 1 2856 3 is_stmt 1 discriminator 2 view .LVU1786
2856:Drivers/STM32F0xx_HAL_Driver/Src/stm32f0xx_hal_uart.c **** }
 6389              		.loc 1 2856 11 is_stmt 0 discriminator 2 view .LVU1787
 6390 0022 FFF7FEFF 		bl	UART_CheckIdleState
 6391              	.LVL443:
 6392              	.L388:
2857:Drivers/STM32F0xx_HAL_Driver/Src/stm32f0xx_hal_uart.c **** 
 6393              		.loc 1 2857 1 view .LVU1788
ARM GAS  C:\Users\MINIGU~1\AppData\Local\Temp\cc3PAC1x.s 			page 213


 6394              		@ sp needed
 6395 0026 10BD     		pop	{r4, pc}
 6396              	.LVL444:
 6397              	.L389:
2847:Drivers/STM32F0xx_HAL_Driver/Src/stm32f0xx_hal_uart.c **** 
 6398              		.loc 1 2847 3 view .LVU1789
 6399 0028 0220     		movs	r0, #2
 6400              	.LVL445:
2847:Drivers/STM32F0xx_HAL_Driver/Src/stm32f0xx_hal_uart.c **** 
 6401              		.loc 1 2847 3 view .LVU1790
 6402 002a FCE7     		b	.L388
 6403              	.L391:
 6404              		.align	2
 6405              	.L390:
 6406 002c FFDFFFFF 		.word	-8193
 6407              		.cfi_endproc
 6408              	.LFE75:
 6410              		.section	.text.UART_Start_Receive_IT,"ax",%progbits
 6411              		.align	1
 6412              		.global	UART_Start_Receive_IT
 6413              		.syntax unified
 6414              		.code	16
 6415              		.thumb_func
 6416              		.fpu softvfp
 6418              	UART_Start_Receive_IT:
 6419              	.LVL446:
 6420              	.LFB85:
3357:Drivers/STM32F0xx_HAL_Driver/Src/stm32f0xx_hal_uart.c ****   huart->pRxBuffPtr  = pData;
 6421              		.loc 1 3357 1 is_stmt 1 view -0
 6422              		.cfi_startproc
 6423              		@ args = 0, pretend = 0, frame = 0
 6424              		@ frame_needed = 0, uses_anonymous_args = 0
 6425              		@ link register save eliminated.
3358:Drivers/STM32F0xx_HAL_Driver/Src/stm32f0xx_hal_uart.c ****   huart->RxXferSize  = Size;
 6426              		.loc 1 3358 3 view .LVU1792
3358:Drivers/STM32F0xx_HAL_Driver/Src/stm32f0xx_hal_uart.c ****   huart->RxXferSize  = Size;
 6427              		.loc 1 3358 22 is_stmt 0 view .LVU1793
 6428 0000 4165     		str	r1, [r0, #84]
3359:Drivers/STM32F0xx_HAL_Driver/Src/stm32f0xx_hal_uart.c ****   huart->RxXferCount = Size;
 6429              		.loc 1 3359 3 is_stmt 1 view .LVU1794
3359:Drivers/STM32F0xx_HAL_Driver/Src/stm32f0xx_hal_uart.c ****   huart->RxXferCount = Size;
 6430              		.loc 1 3359 22 is_stmt 0 view .LVU1795
 6431 0002 5823     		movs	r3, #88
 6432 0004 C252     		strh	r2, [r0, r3]
3360:Drivers/STM32F0xx_HAL_Driver/Src/stm32f0xx_hal_uart.c ****   huart->RxISR       = NULL;
 6433              		.loc 1 3360 3 is_stmt 1 view .LVU1796
3360:Drivers/STM32F0xx_HAL_Driver/Src/stm32f0xx_hal_uart.c ****   huart->RxISR       = NULL;
 6434              		.loc 1 3360 22 is_stmt 0 view .LVU1797
 6435 0006 0233     		adds	r3, r3, #2
 6436 0008 C252     		strh	r2, [r0, r3]
3361:Drivers/STM32F0xx_HAL_Driver/Src/stm32f0xx_hal_uart.c **** 
 6437              		.loc 1 3361 3 is_stmt 1 view .LVU1798
3361:Drivers/STM32F0xx_HAL_Driver/Src/stm32f0xx_hal_uart.c **** 
 6438              		.loc 1 3361 22 is_stmt 0 view .LVU1799
 6439 000a 0023     		movs	r3, #0
 6440 000c 4366     		str	r3, [r0, #100]
3364:Drivers/STM32F0xx_HAL_Driver/Src/stm32f0xx_hal_uart.c **** 
ARM GAS  C:\Users\MINIGU~1\AppData\Local\Temp\cc3PAC1x.s 			page 214


 6441              		.loc 1 3364 3 is_stmt 1 view .LVU1800
3364:Drivers/STM32F0xx_HAL_Driver/Src/stm32f0xx_hal_uart.c **** 
 6442              		.loc 1 3364 3 view .LVU1801
 6443 000e 8368     		ldr	r3, [r0, #8]
 6444 0010 8022     		movs	r2, #128
 6445              	.LVL447:
3364:Drivers/STM32F0xx_HAL_Driver/Src/stm32f0xx_hal_uart.c **** 
 6446              		.loc 1 3364 3 is_stmt 0 view .LVU1802
 6447 0012 5201     		lsls	r2, r2, #5
 6448 0014 9342     		cmp	r3, r2
 6449 0016 08D0     		beq	.L402
3364:Drivers/STM32F0xx_HAL_Driver/Src/stm32f0xx_hal_uart.c **** 
 6450              		.loc 1 3364 3 is_stmt 1 discriminator 2 view .LVU1803
 6451 0018 002B     		cmp	r3, #0
 6452 001a 15D1     		bne	.L396
3364:Drivers/STM32F0xx_HAL_Driver/Src/stm32f0xx_hal_uart.c **** 
 6453              		.loc 1 3364 3 discriminator 5 view .LVU1804
 6454 001c 0369     		ldr	r3, [r0, #16]
 6455 001e 002B     		cmp	r3, #0
 6456 0020 0ED1     		bne	.L397
3364:Drivers/STM32F0xx_HAL_Driver/Src/stm32f0xx_hal_uart.c **** 
 6457              		.loc 1 3364 3 discriminator 7 view .LVU1805
 6458 0022 5C33     		adds	r3, r3, #92
 6459 0024 FF22     		movs	r2, #255
 6460 0026 C252     		strh	r2, [r0, r3]
 6461 0028 15E0     		b	.L395
 6462              	.L402:
3364:Drivers/STM32F0xx_HAL_Driver/Src/stm32f0xx_hal_uart.c **** 
 6463              		.loc 1 3364 3 discriminator 1 view .LVU1806
 6464 002a 0369     		ldr	r3, [r0, #16]
 6465 002c 002B     		cmp	r3, #0
 6466 002e 03D1     		bne	.L394
3364:Drivers/STM32F0xx_HAL_Driver/Src/stm32f0xx_hal_uart.c **** 
 6467              		.loc 1 3364 3 discriminator 3 view .LVU1807
 6468 0030 5C33     		adds	r3, r3, #92
 6469 0032 1F4A     		ldr	r2, .L405
 6470 0034 C252     		strh	r2, [r0, r3]
 6471 0036 0EE0     		b	.L395
 6472              	.L394:
3364:Drivers/STM32F0xx_HAL_Driver/Src/stm32f0xx_hal_uart.c **** 
 6473              		.loc 1 3364 3 discriminator 4 view .LVU1808
 6474 0038 5C23     		movs	r3, #92
 6475 003a FF22     		movs	r2, #255
 6476 003c C252     		strh	r2, [r0, r3]
 6477 003e 0AE0     		b	.L395
 6478              	.L397:
3364:Drivers/STM32F0xx_HAL_Driver/Src/stm32f0xx_hal_uart.c **** 
 6479              		.loc 1 3364 3 discriminator 8 view .LVU1809
 6480 0040 5C23     		movs	r3, #92
 6481 0042 7F22     		movs	r2, #127
 6482 0044 C252     		strh	r2, [r0, r3]
 6483 0046 06E0     		b	.L395
 6484              	.L396:
3364:Drivers/STM32F0xx_HAL_Driver/Src/stm32f0xx_hal_uart.c **** 
 6485              		.loc 1 3364 3 discriminator 6 view .LVU1810
 6486 0048 8022     		movs	r2, #128
 6487 004a 5205     		lsls	r2, r2, #21
ARM GAS  C:\Users\MINIGU~1\AppData\Local\Temp\cc3PAC1x.s 			page 215


 6488 004c 9342     		cmp	r3, r2
 6489 004e 1DD0     		beq	.L403
3364:Drivers/STM32F0xx_HAL_Driver/Src/stm32f0xx_hal_uart.c **** 
 6490              		.loc 1 3364 3 discriminator 10 view .LVU1811
 6491 0050 5C23     		movs	r3, #92
 6492 0052 0022     		movs	r2, #0
 6493 0054 C252     		strh	r2, [r0, r3]
 6494              	.L395:
3364:Drivers/STM32F0xx_HAL_Driver/Src/stm32f0xx_hal_uart.c **** 
 6495              		.loc 1 3364 3 discriminator 13 view .LVU1812
3366:Drivers/STM32F0xx_HAL_Driver/Src/stm32f0xx_hal_uart.c ****   huart->RxState = HAL_UART_STATE_BUSY_RX;
 6496              		.loc 1 3366 3 discriminator 13 view .LVU1813
3366:Drivers/STM32F0xx_HAL_Driver/Src/stm32f0xx_hal_uart.c ****   huart->RxState = HAL_UART_STATE_BUSY_RX;
 6497              		.loc 1 3366 20 is_stmt 0 discriminator 13 view .LVU1814
 6498 0056 8023     		movs	r3, #128
 6499 0058 0022     		movs	r2, #0
 6500 005a C250     		str	r2, [r0, r3]
3367:Drivers/STM32F0xx_HAL_Driver/Src/stm32f0xx_hal_uart.c **** 
 6501              		.loc 1 3367 3 is_stmt 1 discriminator 13 view .LVU1815
3367:Drivers/STM32F0xx_HAL_Driver/Src/stm32f0xx_hal_uart.c **** 
 6502              		.loc 1 3367 18 is_stmt 0 discriminator 13 view .LVU1816
 6503 005c 5E3B     		subs	r3, r3, #94
 6504 005e C367     		str	r3, [r0, #124]
3370:Drivers/STM32F0xx_HAL_Driver/Src/stm32f0xx_hal_uart.c **** 
 6505              		.loc 1 3370 3 is_stmt 1 discriminator 13 view .LVU1817
 6506 0060 0268     		ldr	r2, [r0]
 6507 0062 9368     		ldr	r3, [r2, #8]
 6508 0064 0121     		movs	r1, #1
 6509              	.LVL448:
3370:Drivers/STM32F0xx_HAL_Driver/Src/stm32f0xx_hal_uart.c **** 
 6510              		.loc 1 3370 3 is_stmt 0 discriminator 13 view .LVU1818
 6511 0066 0B43     		orrs	r3, r1
 6512 0068 9360     		str	r3, [r2, #8]
3373:Drivers/STM32F0xx_HAL_Driver/Src/stm32f0xx_hal_uart.c ****   {
 6513              		.loc 1 3373 3 is_stmt 1 discriminator 13 view .LVU1819
3373:Drivers/STM32F0xx_HAL_Driver/Src/stm32f0xx_hal_uart.c ****   {
 6514              		.loc 1 3373 6 is_stmt 0 discriminator 13 view .LVU1820
 6515 006a 8023     		movs	r3, #128
 6516 006c 5B01     		lsls	r3, r3, #5
 6517 006e 8268     		ldr	r2, [r0, #8]
 6518 0070 9A42     		cmp	r2, r3
 6519 0072 16D0     		beq	.L404
 6520              	.L400:
3379:Drivers/STM32F0xx_HAL_Driver/Src/stm32f0xx_hal_uart.c ****   }
 6521              		.loc 1 3379 5 is_stmt 1 view .LVU1821
3379:Drivers/STM32F0xx_HAL_Driver/Src/stm32f0xx_hal_uart.c ****   }
 6522              		.loc 1 3379 18 is_stmt 0 view .LVU1822
 6523 0074 0F4B     		ldr	r3, .L405+4
 6524 0076 4366     		str	r3, [r0, #100]
 6525              	.L401:
3382:Drivers/STM32F0xx_HAL_Driver/Src/stm32f0xx_hal_uart.c **** 
 6526              		.loc 1 3382 3 is_stmt 1 view .LVU1823
3382:Drivers/STM32F0xx_HAL_Driver/Src/stm32f0xx_hal_uart.c **** 
 6527              		.loc 1 3382 3 view .LVU1824
 6528 0078 7423     		movs	r3, #116
 6529 007a 0022     		movs	r2, #0
 6530 007c C254     		strb	r2, [r0, r3]
ARM GAS  C:\Users\MINIGU~1\AppData\Local\Temp\cc3PAC1x.s 			page 216


3382:Drivers/STM32F0xx_HAL_Driver/Src/stm32f0xx_hal_uart.c **** 
 6531              		.loc 1 3382 3 view .LVU1825
3385:Drivers/STM32F0xx_HAL_Driver/Src/stm32f0xx_hal_uart.c ****   return HAL_OK;
 6532              		.loc 1 3385 3 view .LVU1826
 6533 007e 0268     		ldr	r2, [r0]
 6534 0080 1168     		ldr	r1, [r2]
 6535 0082 AC33     		adds	r3, r3, #172
 6536 0084 0B43     		orrs	r3, r1
 6537 0086 1360     		str	r3, [r2]
3386:Drivers/STM32F0xx_HAL_Driver/Src/stm32f0xx_hal_uart.c **** }
 6538              		.loc 1 3386 3 view .LVU1827
3387:Drivers/STM32F0xx_HAL_Driver/Src/stm32f0xx_hal_uart.c **** 
 6539              		.loc 1 3387 1 is_stmt 0 view .LVU1828
 6540 0088 0020     		movs	r0, #0
 6541              	.LVL449:
3387:Drivers/STM32F0xx_HAL_Driver/Src/stm32f0xx_hal_uart.c **** 
 6542              		.loc 1 3387 1 view .LVU1829
 6543              		@ sp needed
 6544 008a 7047     		bx	lr
 6545              	.LVL450:
 6546              	.L403:
3364:Drivers/STM32F0xx_HAL_Driver/Src/stm32f0xx_hal_uart.c **** 
 6547              		.loc 1 3364 3 is_stmt 1 discriminator 9 view .LVU1830
 6548 008c 0369     		ldr	r3, [r0, #16]
 6549 008e 002B     		cmp	r3, #0
 6550 0090 03D1     		bne	.L399
3364:Drivers/STM32F0xx_HAL_Driver/Src/stm32f0xx_hal_uart.c **** 
 6551              		.loc 1 3364 3 discriminator 11 view .LVU1831
 6552 0092 5C33     		adds	r3, r3, #92
 6553 0094 7F22     		movs	r2, #127
 6554 0096 C252     		strh	r2, [r0, r3]
 6555 0098 DDE7     		b	.L395
 6556              	.L399:
3364:Drivers/STM32F0xx_HAL_Driver/Src/stm32f0xx_hal_uart.c **** 
 6557              		.loc 1 3364 3 discriminator 12 view .LVU1832
 6558 009a 5C23     		movs	r3, #92
 6559 009c 3F22     		movs	r2, #63
 6560 009e C252     		strh	r2, [r0, r3]
 6561 00a0 D9E7     		b	.L395
 6562              	.LVL451:
 6563              	.L404:
3373:Drivers/STM32F0xx_HAL_Driver/Src/stm32f0xx_hal_uart.c ****   {
 6564              		.loc 1 3373 54 is_stmt 0 discriminator 1 view .LVU1833
 6565 00a2 0369     		ldr	r3, [r0, #16]
 6566 00a4 002B     		cmp	r3, #0
 6567 00a6 E5D1     		bne	.L400
3375:Drivers/STM32F0xx_HAL_Driver/Src/stm32f0xx_hal_uart.c ****   }
 6568              		.loc 1 3375 5 is_stmt 1 view .LVU1834
3375:Drivers/STM32F0xx_HAL_Driver/Src/stm32f0xx_hal_uart.c ****   }
 6569              		.loc 1 3375 18 is_stmt 0 view .LVU1835
 6570 00a8 034B     		ldr	r3, .L405+8
 6571 00aa 4366     		str	r3, [r0, #100]
 6572 00ac E4E7     		b	.L401
 6573              	.L406:
 6574 00ae C046     		.align	2
 6575              	.L405:
 6576 00b0 FF010000 		.word	511
ARM GAS  C:\Users\MINIGU~1\AppData\Local\Temp\cc3PAC1x.s 			page 217


 6577 00b4 00000000 		.word	UART_RxISR_8BIT
 6578 00b8 00000000 		.word	UART_RxISR_16BIT
 6579              		.cfi_endproc
 6580              	.LFE85:
 6582              		.section	.text.HAL_UART_Receive_IT,"ax",%progbits
 6583              		.align	1
 6584              		.global	HAL_UART_Receive_IT
 6585              		.syntax unified
 6586              		.code	16
 6587              		.thumb_func
 6588              		.fpu softvfp
 6590              	HAL_UART_Receive_IT:
 6591              	.LVL452:
 6592              	.LFB49:
1418:Drivers/STM32F0xx_HAL_Driver/Src/stm32f0xx_hal_uart.c ****   /* Check that a Rx process is not already ongoing */
 6593              		.loc 1 1418 1 is_stmt 1 view -0
 6594              		.cfi_startproc
 6595              		@ args = 0, pretend = 0, frame = 0
 6596              		@ frame_needed = 0, uses_anonymous_args = 0
1418:Drivers/STM32F0xx_HAL_Driver/Src/stm32f0xx_hal_uart.c ****   /* Check that a Rx process is not already ongoing */
 6597              		.loc 1 1418 1 is_stmt 0 view .LVU1837
 6598 0000 70B5     		push	{r4, r5, r6, lr}
 6599              	.LCFI45:
 6600              		.cfi_def_cfa_offset 16
 6601              		.cfi_offset 4, -16
 6602              		.cfi_offset 5, -12
 6603              		.cfi_offset 6, -8
 6604              		.cfi_offset 14, -4
1420:Drivers/STM32F0xx_HAL_Driver/Src/stm32f0xx_hal_uart.c ****   {
 6605              		.loc 1 1420 3 is_stmt 1 view .LVU1838
1420:Drivers/STM32F0xx_HAL_Driver/Src/stm32f0xx_hal_uart.c ****   {
 6606              		.loc 1 1420 12 is_stmt 0 view .LVU1839
 6607 0002 C36F     		ldr	r3, [r0, #124]
1420:Drivers/STM32F0xx_HAL_Driver/Src/stm32f0xx_hal_uart.c ****   {
 6608              		.loc 1 1420 6 view .LVU1840
 6609 0004 202B     		cmp	r3, #32
 6610 0006 24D1     		bne	.L411
1422:Drivers/STM32F0xx_HAL_Driver/Src/stm32f0xx_hal_uart.c ****     {
 6611              		.loc 1 1422 5 is_stmt 1 view .LVU1841
1422:Drivers/STM32F0xx_HAL_Driver/Src/stm32f0xx_hal_uart.c ****     {
 6612              		.loc 1 1422 8 is_stmt 0 view .LVU1842
 6613 0008 0029     		cmp	r1, #0
 6614 000a 24D0     		beq	.L412
1422:Drivers/STM32F0xx_HAL_Driver/Src/stm32f0xx_hal_uart.c ****     {
 6615              		.loc 1 1422 25 discriminator 1 view .LVU1843
 6616 000c 002A     		cmp	r2, #0
 6617 000e 24D0     		beq	.L413
1430:Drivers/STM32F0xx_HAL_Driver/Src/stm32f0xx_hal_uart.c ****     {
 6618              		.loc 1 1430 5 is_stmt 1 view .LVU1844
1430:Drivers/STM32F0xx_HAL_Driver/Src/stm32f0xx_hal_uart.c ****     {
 6619              		.loc 1 1430 8 is_stmt 0 view .LVU1845
 6620 0010 8023     		movs	r3, #128
 6621 0012 5B01     		lsls	r3, r3, #5
 6622 0014 8468     		ldr	r4, [r0, #8]
 6623 0016 9C42     		cmp	r4, r3
 6624 0018 14D0     		beq	.L416
 6625              	.L409:
ARM GAS  C:\Users\MINIGU~1\AppData\Local\Temp\cc3PAC1x.s 			page 218


1438:Drivers/STM32F0xx_HAL_Driver/Src/stm32f0xx_hal_uart.c **** 
 6626              		.loc 1 1438 5 is_stmt 1 view .LVU1846
1438:Drivers/STM32F0xx_HAL_Driver/Src/stm32f0xx_hal_uart.c **** 
 6627              		.loc 1 1438 5 view .LVU1847
 6628 001a 7423     		movs	r3, #116
 6629 001c C35C     		ldrb	r3, [r0, r3]
 6630 001e 012B     		cmp	r3, #1
 6631 0020 1DD0     		beq	.L415
1438:Drivers/STM32F0xx_HAL_Driver/Src/stm32f0xx_hal_uart.c **** 
 6632              		.loc 1 1438 5 discriminator 2 view .LVU1848
 6633 0022 7423     		movs	r3, #116
 6634 0024 0124     		movs	r4, #1
 6635 0026 C454     		strb	r4, [r0, r3]
1438:Drivers/STM32F0xx_HAL_Driver/Src/stm32f0xx_hal_uart.c **** 
 6636              		.loc 1 1438 5 discriminator 2 view .LVU1849
1441:Drivers/STM32F0xx_HAL_Driver/Src/stm32f0xx_hal_uart.c **** 
 6637              		.loc 1 1441 5 discriminator 2 view .LVU1850
1441:Drivers/STM32F0xx_HAL_Driver/Src/stm32f0xx_hal_uart.c **** 
 6638              		.loc 1 1441 26 is_stmt 0 discriminator 2 view .LVU1851
 6639 0028 0023     		movs	r3, #0
 6640 002a 0366     		str	r3, [r0, #96]
1444:Drivers/STM32F0xx_HAL_Driver/Src/stm32f0xx_hal_uart.c ****     {
 6641              		.loc 1 1444 5 is_stmt 1 discriminator 2 view .LVU1852
1444:Drivers/STM32F0xx_HAL_Driver/Src/stm32f0xx_hal_uart.c ****     {
 6642              		.loc 1 1444 8 is_stmt 0 discriminator 2 view .LVU1853
 6643 002c 0368     		ldr	r3, [r0]
 6644 002e 5C68     		ldr	r4, [r3, #4]
1444:Drivers/STM32F0xx_HAL_Driver/Src/stm32f0xx_hal_uart.c ****     {
 6645              		.loc 1 1444 7 discriminator 2 view .LVU1854
 6646 0030 2402     		lsls	r4, r4, #8
 6647 0032 04D5     		bpl	.L410
1447:Drivers/STM32F0xx_HAL_Driver/Src/stm32f0xx_hal_uart.c ****     }
 6648              		.loc 1 1447 7 is_stmt 1 view .LVU1855
 6649 0034 1D68     		ldr	r5, [r3]
 6650 0036 8024     		movs	r4, #128
 6651 0038 E404     		lsls	r4, r4, #19
 6652 003a 2C43     		orrs	r4, r5
 6653 003c 1C60     		str	r4, [r3]
 6654              	.L410:
1450:Drivers/STM32F0xx_HAL_Driver/Src/stm32f0xx_hal_uart.c ****   }
 6655              		.loc 1 1450 5 view .LVU1856
1450:Drivers/STM32F0xx_HAL_Driver/Src/stm32f0xx_hal_uart.c ****   }
 6656              		.loc 1 1450 12 is_stmt 0 view .LVU1857
 6657 003e FFF7FEFF 		bl	UART_Start_Receive_IT
 6658              	.LVL453:
1450:Drivers/STM32F0xx_HAL_Driver/Src/stm32f0xx_hal_uart.c ****   }
 6659              		.loc 1 1450 12 view .LVU1858
 6660 0042 07E0     		b	.L408
 6661              	.LVL454:
 6662              	.L416:
1430:Drivers/STM32F0xx_HAL_Driver/Src/stm32f0xx_hal_uart.c ****     {
 6663              		.loc 1 1430 56 discriminator 1 view .LVU1859
 6664 0044 0369     		ldr	r3, [r0, #16]
 6665 0046 002B     		cmp	r3, #0
 6666 0048 E7D1     		bne	.L409
1432:Drivers/STM32F0xx_HAL_Driver/Src/stm32f0xx_hal_uart.c ****       {
 6667              		.loc 1 1432 7 is_stmt 1 view .LVU1860
ARM GAS  C:\Users\MINIGU~1\AppData\Local\Temp\cc3PAC1x.s 			page 219


1432:Drivers/STM32F0xx_HAL_Driver/Src/stm32f0xx_hal_uart.c ****       {
 6668              		.loc 1 1432 10 is_stmt 0 view .LVU1861
 6669 004a CB07     		lsls	r3, r1, #31
 6670 004c E5D5     		bpl	.L409
1434:Drivers/STM32F0xx_HAL_Driver/Src/stm32f0xx_hal_uart.c ****       }
 6671              		.loc 1 1434 17 view .LVU1862
 6672 004e 0120     		movs	r0, #1
 6673              	.LVL455:
1434:Drivers/STM32F0xx_HAL_Driver/Src/stm32f0xx_hal_uart.c ****       }
 6674              		.loc 1 1434 17 view .LVU1863
 6675 0050 00E0     		b	.L408
 6676              	.LVL456:
 6677              	.L411:
1454:Drivers/STM32F0xx_HAL_Driver/Src/stm32f0xx_hal_uart.c ****   }
 6678              		.loc 1 1454 12 view .LVU1864
 6679 0052 0220     		movs	r0, #2
 6680              	.LVL457:
 6681              	.L408:
1456:Drivers/STM32F0xx_HAL_Driver/Src/stm32f0xx_hal_uart.c **** 
 6682              		.loc 1 1456 1 view .LVU1865
 6683              		@ sp needed
 6684 0054 70BD     		pop	{r4, r5, r6, pc}
 6685              	.LVL458:
 6686              	.L412:
1424:Drivers/STM32F0xx_HAL_Driver/Src/stm32f0xx_hal_uart.c ****     }
 6687              		.loc 1 1424 14 view .LVU1866
 6688 0056 0120     		movs	r0, #1
 6689              	.LVL459:
1424:Drivers/STM32F0xx_HAL_Driver/Src/stm32f0xx_hal_uart.c ****     }
 6690              		.loc 1 1424 14 view .LVU1867
 6691 0058 FCE7     		b	.L408
 6692              	.LVL460:
 6693              	.L413:
1424:Drivers/STM32F0xx_HAL_Driver/Src/stm32f0xx_hal_uart.c ****     }
 6694              		.loc 1 1424 14 view .LVU1868
 6695 005a 0120     		movs	r0, #1
 6696              	.LVL461:
1424:Drivers/STM32F0xx_HAL_Driver/Src/stm32f0xx_hal_uart.c ****     }
 6697              		.loc 1 1424 14 view .LVU1869
 6698 005c FAE7     		b	.L408
 6699              	.LVL462:
 6700              	.L415:
1438:Drivers/STM32F0xx_HAL_Driver/Src/stm32f0xx_hal_uart.c **** 
 6701              		.loc 1 1438 5 view .LVU1870
 6702 005e 0220     		movs	r0, #2
 6703              	.LVL463:
1438:Drivers/STM32F0xx_HAL_Driver/Src/stm32f0xx_hal_uart.c **** 
 6704              		.loc 1 1438 5 view .LVU1871
 6705 0060 F8E7     		b	.L408
 6706              		.cfi_endproc
 6707              	.LFE49:
 6709              		.section	.text.UART_Start_Receive_DMA,"ax",%progbits
 6710              		.align	1
 6711              		.global	UART_Start_Receive_DMA
 6712              		.syntax unified
 6713              		.code	16
 6714              		.thumb_func
ARM GAS  C:\Users\MINIGU~1\AppData\Local\Temp\cc3PAC1x.s 			page 220


 6715              		.fpu softvfp
 6717              	UART_Start_Receive_DMA:
 6718              	.LVL464:
 6719              	.LFB86:
3401:Drivers/STM32F0xx_HAL_Driver/Src/stm32f0xx_hal_uart.c ****   huart->pRxBuffPtr = pData;
 6720              		.loc 1 3401 1 is_stmt 1 view -0
 6721              		.cfi_startproc
 6722              		@ args = 0, pretend = 0, frame = 0
 6723              		@ frame_needed = 0, uses_anonymous_args = 0
3401:Drivers/STM32F0xx_HAL_Driver/Src/stm32f0xx_hal_uart.c ****   huart->pRxBuffPtr = pData;
 6724              		.loc 1 3401 1 is_stmt 0 view .LVU1873
 6725 0000 10B5     		push	{r4, lr}
 6726              	.LCFI46:
 6727              		.cfi_def_cfa_offset 8
 6728              		.cfi_offset 4, -8
 6729              		.cfi_offset 14, -4
 6730 0002 0400     		movs	r4, r0
 6731 0004 1300     		movs	r3, r2
3402:Drivers/STM32F0xx_HAL_Driver/Src/stm32f0xx_hal_uart.c ****   huart->RxXferSize = Size;
 6732              		.loc 1 3402 3 is_stmt 1 view .LVU1874
3402:Drivers/STM32F0xx_HAL_Driver/Src/stm32f0xx_hal_uart.c ****   huart->RxXferSize = Size;
 6733              		.loc 1 3402 21 is_stmt 0 view .LVU1875
 6734 0006 4165     		str	r1, [r0, #84]
3403:Drivers/STM32F0xx_HAL_Driver/Src/stm32f0xx_hal_uart.c **** 
 6735              		.loc 1 3403 3 is_stmt 1 view .LVU1876
3403:Drivers/STM32F0xx_HAL_Driver/Src/stm32f0xx_hal_uart.c **** 
 6736              		.loc 1 3403 21 is_stmt 0 view .LVU1877
 6737 0008 5822     		movs	r2, #88
 6738              	.LVL465:
3403:Drivers/STM32F0xx_HAL_Driver/Src/stm32f0xx_hal_uart.c **** 
 6739              		.loc 1 3403 21 view .LVU1878
 6740 000a 8352     		strh	r3, [r0, r2]
3405:Drivers/STM32F0xx_HAL_Driver/Src/stm32f0xx_hal_uart.c ****   huart->RxState = HAL_UART_STATE_BUSY_RX;
 6741              		.loc 1 3405 3 is_stmt 1 view .LVU1879
3405:Drivers/STM32F0xx_HAL_Driver/Src/stm32f0xx_hal_uart.c ****   huart->RxState = HAL_UART_STATE_BUSY_RX;
 6742              		.loc 1 3405 20 is_stmt 0 view .LVU1880
 6743 000c 2832     		adds	r2, r2, #40
 6744 000e 0021     		movs	r1, #0
 6745              	.LVL466:
3405:Drivers/STM32F0xx_HAL_Driver/Src/stm32f0xx_hal_uart.c ****   huart->RxState = HAL_UART_STATE_BUSY_RX;
 6746              		.loc 1 3405 20 view .LVU1881
 6747 0010 8150     		str	r1, [r0, r2]
3406:Drivers/STM32F0xx_HAL_Driver/Src/stm32f0xx_hal_uart.c **** 
 6748              		.loc 1 3406 3 is_stmt 1 view .LVU1882
3406:Drivers/STM32F0xx_HAL_Driver/Src/stm32f0xx_hal_uart.c **** 
 6749              		.loc 1 3406 18 is_stmt 0 view .LVU1883
 6750 0012 5E3A     		subs	r2, r2, #94
 6751 0014 C267     		str	r2, [r0, #124]
3408:Drivers/STM32F0xx_HAL_Driver/Src/stm32f0xx_hal_uart.c ****   {
 6752              		.loc 1 3408 3 is_stmt 1 view .LVU1884
3408:Drivers/STM32F0xx_HAL_Driver/Src/stm32f0xx_hal_uart.c ****   {
 6753              		.loc 1 3408 12 is_stmt 0 view .LVU1885
 6754 0016 026F     		ldr	r2, [r0, #112]
3408:Drivers/STM32F0xx_HAL_Driver/Src/stm32f0xx_hal_uart.c ****   {
 6755              		.loc 1 3408 6 view .LVU1886
 6756 0018 002A     		cmp	r2, #0
 6757 001a 12D0     		beq	.L418
ARM GAS  C:\Users\MINIGU~1\AppData\Local\Temp\cc3PAC1x.s 			page 221


3411:Drivers/STM32F0xx_HAL_Driver/Src/stm32f0xx_hal_uart.c **** 
 6758              		.loc 1 3411 5 is_stmt 1 view .LVU1887
3411:Drivers/STM32F0xx_HAL_Driver/Src/stm32f0xx_hal_uart.c **** 
 6759              		.loc 1 3411 37 is_stmt 0 view .LVU1888
 6760 001c 1849     		ldr	r1, .L421
 6761 001e 9162     		str	r1, [r2, #40]
3414:Drivers/STM32F0xx_HAL_Driver/Src/stm32f0xx_hal_uart.c **** 
 6762              		.loc 1 3414 5 is_stmt 1 view .LVU1889
3414:Drivers/STM32F0xx_HAL_Driver/Src/stm32f0xx_hal_uart.c **** 
 6763              		.loc 1 3414 10 is_stmt 0 view .LVU1890
 6764 0020 026F     		ldr	r2, [r0, #112]
3414:Drivers/STM32F0xx_HAL_Driver/Src/stm32f0xx_hal_uart.c **** 
 6765              		.loc 1 3414 41 view .LVU1891
 6766 0022 1849     		ldr	r1, .L421+4
 6767 0024 D162     		str	r1, [r2, #44]
3417:Drivers/STM32F0xx_HAL_Driver/Src/stm32f0xx_hal_uart.c **** 
 6768              		.loc 1 3417 5 is_stmt 1 view .LVU1892
3417:Drivers/STM32F0xx_HAL_Driver/Src/stm32f0xx_hal_uart.c **** 
 6769              		.loc 1 3417 10 is_stmt 0 view .LVU1893
 6770 0026 026F     		ldr	r2, [r0, #112]
3417:Drivers/STM32F0xx_HAL_Driver/Src/stm32f0xx_hal_uart.c **** 
 6771              		.loc 1 3417 38 view .LVU1894
 6772 0028 1749     		ldr	r1, .L421+8
 6773 002a 1163     		str	r1, [r2, #48]
3420:Drivers/STM32F0xx_HAL_Driver/Src/stm32f0xx_hal_uart.c **** 
 6774              		.loc 1 3420 5 is_stmt 1 view .LVU1895
3420:Drivers/STM32F0xx_HAL_Driver/Src/stm32f0xx_hal_uart.c **** 
 6775              		.loc 1 3420 10 is_stmt 0 view .LVU1896
 6776 002c 026F     		ldr	r2, [r0, #112]
3420:Drivers/STM32F0xx_HAL_Driver/Src/stm32f0xx_hal_uart.c **** 
 6777              		.loc 1 3420 38 view .LVU1897
 6778 002e 0021     		movs	r1, #0
 6779 0030 5163     		str	r1, [r2, #52]
3423:Drivers/STM32F0xx_HAL_Driver/Src/stm32f0xx_hal_uart.c ****     {
 6780              		.loc 1 3423 5 is_stmt 1 view .LVU1898
3423:Drivers/STM32F0xx_HAL_Driver/Src/stm32f0xx_hal_uart.c ****     {
 6781              		.loc 1 3423 51 is_stmt 0 view .LVU1899
 6782 0032 0168     		ldr	r1, [r0]
 6783 0034 2431     		adds	r1, r1, #36
3423:Drivers/STM32F0xx_HAL_Driver/Src/stm32f0xx_hal_uart.c ****     {
 6784              		.loc 1 3423 9 view .LVU1900
 6785 0036 426D     		ldr	r2, [r0, #84]
 6786 0038 006F     		ldr	r0, [r0, #112]
 6787              	.LVL467:
3423:Drivers/STM32F0xx_HAL_Driver/Src/stm32f0xx_hal_uart.c ****     {
 6788              		.loc 1 3423 9 view .LVU1901
 6789 003a FFF7FEFF 		bl	HAL_DMA_Start_IT
 6790              	.LVL468:
3423:Drivers/STM32F0xx_HAL_Driver/Src/stm32f0xx_hal_uart.c ****     {
 6791              		.loc 1 3423 8 view .LVU1902
 6792 003e 0028     		cmp	r0, #0
 6793 0040 13D1     		bne	.L420
 6794              	.L418:
3436:Drivers/STM32F0xx_HAL_Driver/Src/stm32f0xx_hal_uart.c **** 
 6795              		.loc 1 3436 3 is_stmt 1 view .LVU1903
3436:Drivers/STM32F0xx_HAL_Driver/Src/stm32f0xx_hal_uart.c **** 
 6796              		.loc 1 3436 3 view .LVU1904
ARM GAS  C:\Users\MINIGU~1\AppData\Local\Temp\cc3PAC1x.s 			page 222


 6797 0042 7423     		movs	r3, #116
 6798 0044 0022     		movs	r2, #0
 6799 0046 E254     		strb	r2, [r4, r3]
3436:Drivers/STM32F0xx_HAL_Driver/Src/stm32f0xx_hal_uart.c **** 
 6800              		.loc 1 3436 3 view .LVU1905
3439:Drivers/STM32F0xx_HAL_Driver/Src/stm32f0xx_hal_uart.c **** 
 6801              		.loc 1 3439 3 view .LVU1906
 6802 0048 2268     		ldr	r2, [r4]
 6803 004a 1168     		ldr	r1, [r2]
 6804 004c 8C33     		adds	r3, r3, #140
 6805 004e 0B43     		orrs	r3, r1
 6806 0050 1360     		str	r3, [r2]
3442:Drivers/STM32F0xx_HAL_Driver/Src/stm32f0xx_hal_uart.c **** 
 6807              		.loc 1 3442 3 view .LVU1907
 6808 0052 2268     		ldr	r2, [r4]
 6809 0054 9368     		ldr	r3, [r2, #8]
 6810 0056 0121     		movs	r1, #1
 6811 0058 0B43     		orrs	r3, r1
 6812 005a 9360     		str	r3, [r2, #8]
3446:Drivers/STM32F0xx_HAL_Driver/Src/stm32f0xx_hal_uart.c **** 
 6813              		.loc 1 3446 3 view .LVU1908
 6814 005c 2268     		ldr	r2, [r4]
 6815 005e 9368     		ldr	r3, [r2, #8]
 6816 0060 3F31     		adds	r1, r1, #63
 6817 0062 0B43     		orrs	r3, r1
 6818 0064 9360     		str	r3, [r2, #8]
3448:Drivers/STM32F0xx_HAL_Driver/Src/stm32f0xx_hal_uart.c **** }
 6819              		.loc 1 3448 3 view .LVU1909
3448:Drivers/STM32F0xx_HAL_Driver/Src/stm32f0xx_hal_uart.c **** }
 6820              		.loc 1 3448 10 is_stmt 0 view .LVU1910
 6821 0066 0020     		movs	r0, #0
 6822              	.L419:
3449:Drivers/STM32F0xx_HAL_Driver/Src/stm32f0xx_hal_uart.c **** 
 6823              		.loc 1 3449 1 view .LVU1911
 6824              		@ sp needed
 6825              	.LVL469:
3449:Drivers/STM32F0xx_HAL_Driver/Src/stm32f0xx_hal_uart.c **** 
 6826              		.loc 1 3449 1 view .LVU1912
 6827 0068 10BD     		pop	{r4, pc}
 6828              	.LVL470:
 6829              	.L420:
3426:Drivers/STM32F0xx_HAL_Driver/Src/stm32f0xx_hal_uart.c **** 
 6830              		.loc 1 3426 7 is_stmt 1 view .LVU1913
3426:Drivers/STM32F0xx_HAL_Driver/Src/stm32f0xx_hal_uart.c **** 
 6831              		.loc 1 3426 24 is_stmt 0 view .LVU1914
 6832 006a 8023     		movs	r3, #128
 6833 006c 1022     		movs	r2, #16
 6834 006e E250     		str	r2, [r4, r3]
3428:Drivers/STM32F0xx_HAL_Driver/Src/stm32f0xx_hal_uart.c **** 
 6835              		.loc 1 3428 7 is_stmt 1 view .LVU1915
3428:Drivers/STM32F0xx_HAL_Driver/Src/stm32f0xx_hal_uart.c **** 
 6836              		.loc 1 3428 7 view .LVU1916
 6837 0070 0C3B     		subs	r3, r3, #12
 6838 0072 0022     		movs	r2, #0
 6839 0074 E254     		strb	r2, [r4, r3]
3428:Drivers/STM32F0xx_HAL_Driver/Src/stm32f0xx_hal_uart.c **** 
 6840              		.loc 1 3428 7 view .LVU1917
ARM GAS  C:\Users\MINIGU~1\AppData\Local\Temp\cc3PAC1x.s 			page 223


3431:Drivers/STM32F0xx_HAL_Driver/Src/stm32f0xx_hal_uart.c **** 
 6841              		.loc 1 3431 7 view .LVU1918
3431:Drivers/STM32F0xx_HAL_Driver/Src/stm32f0xx_hal_uart.c **** 
 6842              		.loc 1 3431 21 is_stmt 0 view .LVU1919
 6843 0076 543B     		subs	r3, r3, #84
 6844 0078 A367     		str	r3, [r4, #120]
3433:Drivers/STM32F0xx_HAL_Driver/Src/stm32f0xx_hal_uart.c ****     }
 6845              		.loc 1 3433 7 is_stmt 1 view .LVU1920
3433:Drivers/STM32F0xx_HAL_Driver/Src/stm32f0xx_hal_uart.c ****     }
 6846              		.loc 1 3433 14 is_stmt 0 view .LVU1921
 6847 007a 0120     		movs	r0, #1
 6848 007c F4E7     		b	.L419
 6849              	.L422:
 6850 007e C046     		.align	2
 6851              	.L421:
 6852 0080 00000000 		.word	UART_DMAReceiveCplt
 6853 0084 00000000 		.word	UART_DMARxHalfCplt
 6854 0088 00000000 		.word	UART_DMAError
 6855              		.cfi_endproc
 6856              	.LFE86:
 6858              		.section	.text.HAL_UART_Receive_DMA,"ax",%progbits
 6859              		.align	1
 6860              		.global	HAL_UART_Receive_DMA
 6861              		.syntax unified
 6862              		.code	16
 6863              		.thumb_func
 6864              		.fpu softvfp
 6866              	HAL_UART_Receive_DMA:
 6867              	.LVL471:
 6868              	.LFB51:
1566:Drivers/STM32F0xx_HAL_Driver/Src/stm32f0xx_hal_uart.c ****   /* Check that a Rx process is not already ongoing */
 6869              		.loc 1 1566 1 is_stmt 1 view -0
 6870              		.cfi_startproc
 6871              		@ args = 0, pretend = 0, frame = 0
 6872              		@ frame_needed = 0, uses_anonymous_args = 0
1566:Drivers/STM32F0xx_HAL_Driver/Src/stm32f0xx_hal_uart.c ****   /* Check that a Rx process is not already ongoing */
 6873              		.loc 1 1566 1 is_stmt 0 view .LVU1923
 6874 0000 70B5     		push	{r4, r5, r6, lr}
 6875              	.LCFI47:
 6876              		.cfi_def_cfa_offset 16
 6877              		.cfi_offset 4, -16
 6878              		.cfi_offset 5, -12
 6879              		.cfi_offset 6, -8
 6880              		.cfi_offset 14, -4
1568:Drivers/STM32F0xx_HAL_Driver/Src/stm32f0xx_hal_uart.c ****   {
 6881              		.loc 1 1568 3 is_stmt 1 view .LVU1924
1568:Drivers/STM32F0xx_HAL_Driver/Src/stm32f0xx_hal_uart.c ****   {
 6882              		.loc 1 1568 12 is_stmt 0 view .LVU1925
 6883 0002 C36F     		ldr	r3, [r0, #124]
1568:Drivers/STM32F0xx_HAL_Driver/Src/stm32f0xx_hal_uart.c ****   {
 6884              		.loc 1 1568 6 view .LVU1926
 6885 0004 202B     		cmp	r3, #32
 6886 0006 24D1     		bne	.L427
1570:Drivers/STM32F0xx_HAL_Driver/Src/stm32f0xx_hal_uart.c ****     {
 6887              		.loc 1 1570 5 is_stmt 1 view .LVU1927
1570:Drivers/STM32F0xx_HAL_Driver/Src/stm32f0xx_hal_uart.c ****     {
 6888              		.loc 1 1570 8 is_stmt 0 view .LVU1928
ARM GAS  C:\Users\MINIGU~1\AppData\Local\Temp\cc3PAC1x.s 			page 224


 6889 0008 0029     		cmp	r1, #0
 6890 000a 24D0     		beq	.L428
1570:Drivers/STM32F0xx_HAL_Driver/Src/stm32f0xx_hal_uart.c ****     {
 6891              		.loc 1 1570 25 discriminator 1 view .LVU1929
 6892 000c 002A     		cmp	r2, #0
 6893 000e 24D0     		beq	.L429
1578:Drivers/STM32F0xx_HAL_Driver/Src/stm32f0xx_hal_uart.c ****     {
 6894              		.loc 1 1578 5 is_stmt 1 view .LVU1930
1578:Drivers/STM32F0xx_HAL_Driver/Src/stm32f0xx_hal_uart.c ****     {
 6895              		.loc 1 1578 8 is_stmt 0 view .LVU1931
 6896 0010 8023     		movs	r3, #128
 6897 0012 5B01     		lsls	r3, r3, #5
 6898 0014 8468     		ldr	r4, [r0, #8]
 6899 0016 9C42     		cmp	r4, r3
 6900 0018 14D0     		beq	.L432
 6901              	.L425:
1586:Drivers/STM32F0xx_HAL_Driver/Src/stm32f0xx_hal_uart.c **** 
 6902              		.loc 1 1586 5 is_stmt 1 view .LVU1932
1586:Drivers/STM32F0xx_HAL_Driver/Src/stm32f0xx_hal_uart.c **** 
 6903              		.loc 1 1586 5 view .LVU1933
 6904 001a 7423     		movs	r3, #116
 6905 001c C35C     		ldrb	r3, [r0, r3]
 6906 001e 012B     		cmp	r3, #1
 6907 0020 1DD0     		beq	.L431
1586:Drivers/STM32F0xx_HAL_Driver/Src/stm32f0xx_hal_uart.c **** 
 6908              		.loc 1 1586 5 discriminator 2 view .LVU1934
 6909 0022 7423     		movs	r3, #116
 6910 0024 0124     		movs	r4, #1
 6911 0026 C454     		strb	r4, [r0, r3]
1586:Drivers/STM32F0xx_HAL_Driver/Src/stm32f0xx_hal_uart.c **** 
 6912              		.loc 1 1586 5 discriminator 2 view .LVU1935
1589:Drivers/STM32F0xx_HAL_Driver/Src/stm32f0xx_hal_uart.c **** 
 6913              		.loc 1 1589 5 discriminator 2 view .LVU1936
1589:Drivers/STM32F0xx_HAL_Driver/Src/stm32f0xx_hal_uart.c **** 
 6914              		.loc 1 1589 26 is_stmt 0 discriminator 2 view .LVU1937
 6915 0028 0023     		movs	r3, #0
 6916 002a 0366     		str	r3, [r0, #96]
1592:Drivers/STM32F0xx_HAL_Driver/Src/stm32f0xx_hal_uart.c ****     {
 6917              		.loc 1 1592 5 is_stmt 1 discriminator 2 view .LVU1938
1592:Drivers/STM32F0xx_HAL_Driver/Src/stm32f0xx_hal_uart.c ****     {
 6918              		.loc 1 1592 8 is_stmt 0 discriminator 2 view .LVU1939
 6919 002c 0368     		ldr	r3, [r0]
 6920 002e 5C68     		ldr	r4, [r3, #4]
1592:Drivers/STM32F0xx_HAL_Driver/Src/stm32f0xx_hal_uart.c ****     {
 6921              		.loc 1 1592 7 discriminator 2 view .LVU1940
 6922 0030 2402     		lsls	r4, r4, #8
 6923 0032 04D5     		bpl	.L426
1595:Drivers/STM32F0xx_HAL_Driver/Src/stm32f0xx_hal_uart.c ****     }
 6924              		.loc 1 1595 7 is_stmt 1 view .LVU1941
 6925 0034 1D68     		ldr	r5, [r3]
 6926 0036 8024     		movs	r4, #128
 6927 0038 E404     		lsls	r4, r4, #19
 6928 003a 2C43     		orrs	r4, r5
 6929 003c 1C60     		str	r4, [r3]
 6930              	.L426:
1598:Drivers/STM32F0xx_HAL_Driver/Src/stm32f0xx_hal_uart.c ****   }
 6931              		.loc 1 1598 5 view .LVU1942
ARM GAS  C:\Users\MINIGU~1\AppData\Local\Temp\cc3PAC1x.s 			page 225


1598:Drivers/STM32F0xx_HAL_Driver/Src/stm32f0xx_hal_uart.c ****   }
 6932              		.loc 1 1598 12 is_stmt 0 view .LVU1943
 6933 003e FFF7FEFF 		bl	UART_Start_Receive_DMA
 6934              	.LVL472:
1598:Drivers/STM32F0xx_HAL_Driver/Src/stm32f0xx_hal_uart.c ****   }
 6935              		.loc 1 1598 12 view .LVU1944
 6936 0042 07E0     		b	.L424
 6937              	.LVL473:
 6938              	.L432:
1578:Drivers/STM32F0xx_HAL_Driver/Src/stm32f0xx_hal_uart.c ****     {
 6939              		.loc 1 1578 56 discriminator 1 view .LVU1945
 6940 0044 0369     		ldr	r3, [r0, #16]
 6941 0046 002B     		cmp	r3, #0
 6942 0048 E7D1     		bne	.L425
1580:Drivers/STM32F0xx_HAL_Driver/Src/stm32f0xx_hal_uart.c ****       {
 6943              		.loc 1 1580 7 is_stmt 1 view .LVU1946
1580:Drivers/STM32F0xx_HAL_Driver/Src/stm32f0xx_hal_uart.c ****       {
 6944              		.loc 1 1580 10 is_stmt 0 view .LVU1947
 6945 004a CB07     		lsls	r3, r1, #31
 6946 004c E5D5     		bpl	.L425
1582:Drivers/STM32F0xx_HAL_Driver/Src/stm32f0xx_hal_uart.c ****       }
 6947              		.loc 1 1582 17 view .LVU1948
 6948 004e 0120     		movs	r0, #1
 6949              	.LVL474:
1582:Drivers/STM32F0xx_HAL_Driver/Src/stm32f0xx_hal_uart.c ****       }
 6950              		.loc 1 1582 17 view .LVU1949
 6951 0050 00E0     		b	.L424
 6952              	.LVL475:
 6953              	.L427:
1602:Drivers/STM32F0xx_HAL_Driver/Src/stm32f0xx_hal_uart.c ****   }
 6954              		.loc 1 1602 12 view .LVU1950
 6955 0052 0220     		movs	r0, #2
 6956              	.LVL476:
 6957              	.L424:
1604:Drivers/STM32F0xx_HAL_Driver/Src/stm32f0xx_hal_uart.c **** 
 6958              		.loc 1 1604 1 view .LVU1951
 6959              		@ sp needed
 6960 0054 70BD     		pop	{r4, r5, r6, pc}
 6961              	.LVL477:
 6962              	.L428:
1572:Drivers/STM32F0xx_HAL_Driver/Src/stm32f0xx_hal_uart.c ****     }
 6963              		.loc 1 1572 14 view .LVU1952
 6964 0056 0120     		movs	r0, #1
 6965              	.LVL478:
1572:Drivers/STM32F0xx_HAL_Driver/Src/stm32f0xx_hal_uart.c ****     }
 6966              		.loc 1 1572 14 view .LVU1953
 6967 0058 FCE7     		b	.L424
 6968              	.LVL479:
 6969              	.L429:
1572:Drivers/STM32F0xx_HAL_Driver/Src/stm32f0xx_hal_uart.c ****     }
 6970              		.loc 1 1572 14 view .LVU1954
 6971 005a 0120     		movs	r0, #1
 6972              	.LVL480:
1572:Drivers/STM32F0xx_HAL_Driver/Src/stm32f0xx_hal_uart.c ****     }
 6973              		.loc 1 1572 14 view .LVU1955
 6974 005c FAE7     		b	.L424
 6975              	.LVL481:
ARM GAS  C:\Users\MINIGU~1\AppData\Local\Temp\cc3PAC1x.s 			page 226


 6976              	.L431:
1586:Drivers/STM32F0xx_HAL_Driver/Src/stm32f0xx_hal_uart.c **** 
 6977              		.loc 1 1586 5 view .LVU1956
 6978 005e 0220     		movs	r0, #2
 6979              	.LVL482:
1586:Drivers/STM32F0xx_HAL_Driver/Src/stm32f0xx_hal_uart.c **** 
 6980              		.loc 1 1586 5 view .LVU1957
 6981 0060 F8E7     		b	.L424
 6982              		.cfi_endproc
 6983              	.LFE51:
 6985              		.text
 6986              	.Letext0:
 6987              		.file 2 "c:\\program files (x86)\\gnu arm embedded toolchain\\10 2020-q4-major\\arm-none-eabi\\inc
 6988              		.file 3 "c:\\program files (x86)\\gnu arm embedded toolchain\\10 2020-q4-major\\arm-none-eabi\\inc
 6989              		.file 4 "Drivers/CMSIS/Device/ST/STM32F0xx/Include/stm32f070x6.h"
 6990              		.file 5 "Drivers/CMSIS/Device/ST/STM32F0xx/Include/stm32f0xx.h"
 6991              		.file 6 "Drivers/STM32F0xx_HAL_Driver/Inc/stm32f0xx_hal_def.h"
 6992              		.file 7 "Drivers/STM32F0xx_HAL_Driver/Inc/stm32f0xx_hal_dma.h"
 6993              		.file 8 "Drivers/STM32F0xx_HAL_Driver/Inc/stm32f0xx_hal_uart.h"
 6994              		.file 9 "Drivers/STM32F0xx_HAL_Driver/Inc/stm32f0xx_hal.h"
 6995              		.file 10 "Drivers/STM32F0xx_HAL_Driver/Inc/stm32f0xx_hal_rcc.h"
ARM GAS  C:\Users\MINIGU~1\AppData\Local\Temp\cc3PAC1x.s 			page 227


DEFINED SYMBOLS
                            *ABS*:00000000 stm32f0xx_hal_uart.c
C:\Users\MINIGU~1\AppData\Local\Temp\cc3PAC1x.s:16     .text.UART_EndTxTransfer:00000000 $t
C:\Users\MINIGU~1\AppData\Local\Temp\cc3PAC1x.s:23     .text.UART_EndTxTransfer:00000000 UART_EndTxTransfer
C:\Users\MINIGU~1\AppData\Local\Temp\cc3PAC1x.s:49     .text.UART_EndRxTransfer:00000000 $t
C:\Users\MINIGU~1\AppData\Local\Temp\cc3PAC1x.s:55     .text.UART_EndRxTransfer:00000000 UART_EndRxTransfer
C:\Users\MINIGU~1\AppData\Local\Temp\cc3PAC1x.s:108    .text.UART_EndRxTransfer:00000034 $d
C:\Users\MINIGU~1\AppData\Local\Temp\cc3PAC1x.s:113    .text.UART_TxISR_8BIT:00000000 $t
C:\Users\MINIGU~1\AppData\Local\Temp\cc3PAC1x.s:119    .text.UART_TxISR_8BIT:00000000 UART_TxISR_8BIT
C:\Users\MINIGU~1\AppData\Local\Temp\cc3PAC1x.s:186    .text.UART_TxISR_16BIT:00000000 $t
C:\Users\MINIGU~1\AppData\Local\Temp\cc3PAC1x.s:192    .text.UART_TxISR_16BIT:00000000 UART_TxISR_16BIT
C:\Users\MINIGU~1\AppData\Local\Temp\cc3PAC1x.s:266    .text.HAL_UART_MspInit:00000000 $t
C:\Users\MINIGU~1\AppData\Local\Temp\cc3PAC1x.s:273    .text.HAL_UART_MspInit:00000000 HAL_UART_MspInit
C:\Users\MINIGU~1\AppData\Local\Temp\cc3PAC1x.s:289    .text.HAL_UART_MspDeInit:00000000 $t
C:\Users\MINIGU~1\AppData\Local\Temp\cc3PAC1x.s:296    .text.HAL_UART_MspDeInit:00000000 HAL_UART_MspDeInit
C:\Users\MINIGU~1\AppData\Local\Temp\cc3PAC1x.s:312    .text.HAL_UART_DeInit:00000000 $t
C:\Users\MINIGU~1\AppData\Local\Temp\cc3PAC1x.s:319    .text.HAL_UART_DeInit:00000000 HAL_UART_DeInit
C:\Users\MINIGU~1\AppData\Local\Temp\cc3PAC1x.s:406    .text.HAL_UART_Transmit_IT:00000000 $t
C:\Users\MINIGU~1\AppData\Local\Temp\cc3PAC1x.s:413    .text.HAL_UART_Transmit_IT:00000000 HAL_UART_Transmit_IT
C:\Users\MINIGU~1\AppData\Local\Temp\cc3PAC1x.s:578    .text.HAL_UART_Transmit_IT:00000088 $d
C:\Users\MINIGU~1\AppData\Local\Temp\cc3PAC1x.s:584    .text.HAL_UART_Transmit_DMA:00000000 $t
C:\Users\MINIGU~1\AppData\Local\Temp\cc3PAC1x.s:591    .text.HAL_UART_Transmit_DMA:00000000 HAL_UART_Transmit_DMA
C:\Users\MINIGU~1\AppData\Local\Temp\cc3PAC1x.s:789    .text.HAL_UART_Transmit_DMA:000000b8 $d
C:\Users\MINIGU~1\AppData\Local\Temp\cc3PAC1x.s:1653   .text.UART_DMATransmitCplt:00000000 UART_DMATransmitCplt
C:\Users\MINIGU~1\AppData\Local\Temp\cc3PAC1x.s:1787   .text.UART_DMATxHalfCplt:00000000 UART_DMATxHalfCplt
C:\Users\MINIGU~1\AppData\Local\Temp\cc3PAC1x.s:1889   .text.UART_DMAError:00000000 UART_DMAError
C:\Users\MINIGU~1\AppData\Local\Temp\cc3PAC1x.s:796    .text.HAL_UART_DMAPause:00000000 $t
C:\Users\MINIGU~1\AppData\Local\Temp\cc3PAC1x.s:803    .text.HAL_UART_DMAPause:00000000 HAL_UART_DMAPause
C:\Users\MINIGU~1\AppData\Local\Temp\cc3PAC1x.s:916    .text.HAL_UART_DMAPause:00000064 $d
C:\Users\MINIGU~1\AppData\Local\Temp\cc3PAC1x.s:921    .text.HAL_UART_DMAResume:00000000 $t
C:\Users\MINIGU~1\AppData\Local\Temp\cc3PAC1x.s:928    .text.HAL_UART_DMAResume:00000000 HAL_UART_DMAResume
C:\Users\MINIGU~1\AppData\Local\Temp\cc3PAC1x.s:1019   .text.HAL_UART_DMAStop:00000000 $t
C:\Users\MINIGU~1\AppData\Local\Temp\cc3PAC1x.s:1026   .text.HAL_UART_DMAStop:00000000 HAL_UART_DMAStop
C:\Users\MINIGU~1\AppData\Local\Temp\cc3PAC1x.s:1181   .text.HAL_UART_Abort:00000000 $t
C:\Users\MINIGU~1\AppData\Local\Temp\cc3PAC1x.s:1188   .text.HAL_UART_Abort:00000000 HAL_UART_Abort
C:\Users\MINIGU~1\AppData\Local\Temp\cc3PAC1x.s:1377   .text.HAL_UART_Abort:000000c8 $d
C:\Users\MINIGU~1\AppData\Local\Temp\cc3PAC1x.s:1382   .text.HAL_UART_AbortTransmit:00000000 $t
C:\Users\MINIGU~1\AppData\Local\Temp\cc3PAC1x.s:1389   .text.HAL_UART_AbortTransmit:00000000 HAL_UART_AbortTransmit
C:\Users\MINIGU~1\AppData\Local\Temp\cc3PAC1x.s:1483   .text.HAL_UART_AbortReceive:00000000 $t
C:\Users\MINIGU~1\AppData\Local\Temp\cc3PAC1x.s:1490   .text.HAL_UART_AbortReceive:00000000 HAL_UART_AbortReceive
C:\Users\MINIGU~1\AppData\Local\Temp\cc3PAC1x.s:1619   .text.HAL_UART_AbortReceive:00000084 $d
C:\Users\MINIGU~1\AppData\Local\Temp\cc3PAC1x.s:1624   .text.HAL_UART_TxCpltCallback:00000000 $t
C:\Users\MINIGU~1\AppData\Local\Temp\cc3PAC1x.s:1631   .text.HAL_UART_TxCpltCallback:00000000 HAL_UART_TxCpltCallback
C:\Users\MINIGU~1\AppData\Local\Temp\cc3PAC1x.s:1647   .text.UART_DMATransmitCplt:00000000 $t
C:\Users\MINIGU~1\AppData\Local\Temp\cc3PAC1x.s:1715   .text.UART_EndTransmit_IT:00000000 $t
C:\Users\MINIGU~1\AppData\Local\Temp\cc3PAC1x.s:1721   .text.UART_EndTransmit_IT:00000000 UART_EndTransmit_IT
C:\Users\MINIGU~1\AppData\Local\Temp\cc3PAC1x.s:1758   .text.HAL_UART_TxHalfCpltCallback:00000000 $t
C:\Users\MINIGU~1\AppData\Local\Temp\cc3PAC1x.s:1765   .text.HAL_UART_TxHalfCpltCallback:00000000 HAL_UART_TxHalfCpltCallback
C:\Users\MINIGU~1\AppData\Local\Temp\cc3PAC1x.s:1781   .text.UART_DMATxHalfCplt:00000000 $t
C:\Users\MINIGU~1\AppData\Local\Temp\cc3PAC1x.s:1814   .text.HAL_UART_RxCpltCallback:00000000 $t
C:\Users\MINIGU~1\AppData\Local\Temp\cc3PAC1x.s:1821   .text.HAL_UART_RxCpltCallback:00000000 HAL_UART_RxCpltCallback
C:\Users\MINIGU~1\AppData\Local\Temp\cc3PAC1x.s:1837   .text.HAL_UART_RxHalfCpltCallback:00000000 $t
C:\Users\MINIGU~1\AppData\Local\Temp\cc3PAC1x.s:1844   .text.HAL_UART_RxHalfCpltCallback:00000000 HAL_UART_RxHalfCpltCallback
C:\Users\MINIGU~1\AppData\Local\Temp\cc3PAC1x.s:1860   .text.HAL_UART_ErrorCallback:00000000 $t
C:\Users\MINIGU~1\AppData\Local\Temp\cc3PAC1x.s:1867   .text.HAL_UART_ErrorCallback:00000000 HAL_UART_ErrorCallback
C:\Users\MINIGU~1\AppData\Local\Temp\cc3PAC1x.s:1883   .text.UART_DMAError:00000000 $t
C:\Users\MINIGU~1\AppData\Local\Temp\cc3PAC1x.s:1987   .text.UART_DMAAbortOnError:00000000 $t
ARM GAS  C:\Users\MINIGU~1\AppData\Local\Temp\cc3PAC1x.s 			page 228


C:\Users\MINIGU~1\AppData\Local\Temp\cc3PAC1x.s:1993   .text.UART_DMAAbortOnError:00000000 UART_DMAAbortOnError
C:\Users\MINIGU~1\AppData\Local\Temp\cc3PAC1x.s:2029   .text.HAL_UART_AbortCpltCallback:00000000 $t
C:\Users\MINIGU~1\AppData\Local\Temp\cc3PAC1x.s:2036   .text.HAL_UART_AbortCpltCallback:00000000 HAL_UART_AbortCpltCallback
C:\Users\MINIGU~1\AppData\Local\Temp\cc3PAC1x.s:2052   .text.HAL_UART_Abort_IT:00000000 $t
C:\Users\MINIGU~1\AppData\Local\Temp\cc3PAC1x.s:2059   .text.HAL_UART_Abort_IT:00000000 HAL_UART_Abort_IT
C:\Users\MINIGU~1\AppData\Local\Temp\cc3PAC1x.s:2298   .text.HAL_UART_Abort_IT:000000ec $d
C:\Users\MINIGU~1\AppData\Local\Temp\cc3PAC1x.s:2397   .text.UART_DMATxAbortCallback:00000000 UART_DMATxAbortCallback
C:\Users\MINIGU~1\AppData\Local\Temp\cc3PAC1x.s:2311   .text.UART_DMARxAbortCallback:00000000 UART_DMARxAbortCallback
C:\Users\MINIGU~1\AppData\Local\Temp\cc3PAC1x.s:2305   .text.UART_DMARxAbortCallback:00000000 $t
C:\Users\MINIGU~1\AppData\Local\Temp\cc3PAC1x.s:2391   .text.UART_DMATxAbortCallback:00000000 $t
C:\Users\MINIGU~1\AppData\Local\Temp\cc3PAC1x.s:2471   .text.HAL_UART_AbortTransmitCpltCallback:00000000 $t
C:\Users\MINIGU~1\AppData\Local\Temp\cc3PAC1x.s:2478   .text.HAL_UART_AbortTransmitCpltCallback:00000000 HAL_UART_AbortTransmitCpltCallback
C:\Users\MINIGU~1\AppData\Local\Temp\cc3PAC1x.s:2494   .text.HAL_UART_AbortTransmit_IT:00000000 $t
C:\Users\MINIGU~1\AppData\Local\Temp\cc3PAC1x.s:2501   .text.HAL_UART_AbortTransmit_IT:00000000 HAL_UART_AbortTransmit_IT
C:\Users\MINIGU~1\AppData\Local\Temp\cc3PAC1x.s:2609   .text.HAL_UART_AbortTransmit_IT:00000060 $d
C:\Users\MINIGU~1\AppData\Local\Temp\cc3PAC1x.s:2620   .text.UART_DMATxOnlyAbortCallback:00000000 UART_DMATxOnlyAbortCallback
C:\Users\MINIGU~1\AppData\Local\Temp\cc3PAC1x.s:2614   .text.UART_DMATxOnlyAbortCallback:00000000 $t
C:\Users\MINIGU~1\AppData\Local\Temp\cc3PAC1x.s:2656   .text.HAL_UART_AbortReceiveCpltCallback:00000000 $t
C:\Users\MINIGU~1\AppData\Local\Temp\cc3PAC1x.s:2663   .text.HAL_UART_AbortReceiveCpltCallback:00000000 HAL_UART_AbortReceiveCpltCallback
C:\Users\MINIGU~1\AppData\Local\Temp\cc3PAC1x.s:2679   .text.HAL_UART_AbortReceive_IT:00000000 $t
C:\Users\MINIGU~1\AppData\Local\Temp\cc3PAC1x.s:2686   .text.HAL_UART_AbortReceive_IT:00000000 HAL_UART_AbortReceive_IT
C:\Users\MINIGU~1\AppData\Local\Temp\cc3PAC1x.s:2840   .text.HAL_UART_AbortReceive_IT:0000009c $d
C:\Users\MINIGU~1\AppData\Local\Temp\cc3PAC1x.s:2852   .text.UART_DMARxOnlyAbortCallback:00000000 UART_DMARxOnlyAbortCallback
C:\Users\MINIGU~1\AppData\Local\Temp\cc3PAC1x.s:2846   .text.UART_DMARxOnlyAbortCallback:00000000 $t
C:\Users\MINIGU~1\AppData\Local\Temp\cc3PAC1x.s:2901   .text.HAL_UARTEx_RxEventCallback:00000000 $t
C:\Users\MINIGU~1\AppData\Local\Temp\cc3PAC1x.s:2908   .text.HAL_UARTEx_RxEventCallback:00000000 HAL_UARTEx_RxEventCallback
C:\Users\MINIGU~1\AppData\Local\Temp\cc3PAC1x.s:2925   .text.HAL_UART_IRQHandler:00000000 $t
C:\Users\MINIGU~1\AppData\Local\Temp\cc3PAC1x.s:2932   .text.HAL_UART_IRQHandler:00000000 HAL_UART_IRQHandler
C:\Users\MINIGU~1\AppData\Local\Temp\cc3PAC1x.s:3489   .text.HAL_UART_IRQHandler:0000023c $d
C:\Users\MINIGU~1\AppData\Local\Temp\cc3PAC1x.s:3498   .text.UART_RxISR_8BIT:00000000 $t
C:\Users\MINIGU~1\AppData\Local\Temp\cc3PAC1x.s:3504   .text.UART_RxISR_8BIT:00000000 UART_RxISR_8BIT
C:\Users\MINIGU~1\AppData\Local\Temp\cc3PAC1x.s:3638   .text.UART_RxISR_8BIT:00000080 $d
C:\Users\MINIGU~1\AppData\Local\Temp\cc3PAC1x.s:3643   .text.UART_RxISR_16BIT:00000000 $t
C:\Users\MINIGU~1\AppData\Local\Temp\cc3PAC1x.s:3649   .text.UART_RxISR_16BIT:00000000 UART_RxISR_16BIT
C:\Users\MINIGU~1\AppData\Local\Temp\cc3PAC1x.s:3785   .text.UART_RxISR_16BIT:00000080 $d
C:\Users\MINIGU~1\AppData\Local\Temp\cc3PAC1x.s:3790   .text.UART_DMARxHalfCplt:00000000 $t
C:\Users\MINIGU~1\AppData\Local\Temp\cc3PAC1x.s:3796   .text.UART_DMARxHalfCplt:00000000 UART_DMARxHalfCplt
C:\Users\MINIGU~1\AppData\Local\Temp\cc3PAC1x.s:3842   .text.UART_DMAReceiveCplt:00000000 $t
C:\Users\MINIGU~1\AppData\Local\Temp\cc3PAC1x.s:3848   .text.UART_DMAReceiveCplt:00000000 UART_DMAReceiveCplt
C:\Users\MINIGU~1\AppData\Local\Temp\cc3PAC1x.s:3941   .text.UART_DMAReceiveCplt:00000060 $d
C:\Users\MINIGU~1\AppData\Local\Temp\cc3PAC1x.s:3946   .text.HAL_UART_ReceiverTimeout_Config:00000000 $t
C:\Users\MINIGU~1\AppData\Local\Temp\cc3PAC1x.s:3953   .text.HAL_UART_ReceiverTimeout_Config:00000000 HAL_UART_ReceiverTimeout_Config
C:\Users\MINIGU~1\AppData\Local\Temp\cc3PAC1x.s:3976   .text.HAL_UART_EnableReceiverTimeout:00000000 $t
C:\Users\MINIGU~1\AppData\Local\Temp\cc3PAC1x.s:3983   .text.HAL_UART_EnableReceiverTimeout:00000000 HAL_UART_EnableReceiverTimeout
C:\Users\MINIGU~1\AppData\Local\Temp\cc3PAC1x.s:4059   .text.HAL_UART_DisableReceiverTimeout:00000000 $t
C:\Users\MINIGU~1\AppData\Local\Temp\cc3PAC1x.s:4066   .text.HAL_UART_DisableReceiverTimeout:00000000 HAL_UART_DisableReceiverTimeout
C:\Users\MINIGU~1\AppData\Local\Temp\cc3PAC1x.s:4140   .text.HAL_UART_DisableReceiverTimeout:00000038 $d
C:\Users\MINIGU~1\AppData\Local\Temp\cc3PAC1x.s:4145   .text.HAL_MultiProcessor_EnterMuteMode:00000000 $t
C:\Users\MINIGU~1\AppData\Local\Temp\cc3PAC1x.s:4152   .text.HAL_MultiProcessor_EnterMuteMode:00000000 HAL_MultiProcessor_EnterMuteMode
C:\Users\MINIGU~1\AppData\Local\Temp\cc3PAC1x.s:4173   .text.HAL_HalfDuplex_EnableTransmitter:00000000 $t
C:\Users\MINIGU~1\AppData\Local\Temp\cc3PAC1x.s:4180   .text.HAL_HalfDuplex_EnableTransmitter:00000000 HAL_HalfDuplex_EnableTransmitter
C:\Users\MINIGU~1\AppData\Local\Temp\cc3PAC1x.s:4248   .text.HAL_HalfDuplex_EnableReceiver:00000000 $t
C:\Users\MINIGU~1\AppData\Local\Temp\cc3PAC1x.s:4255   .text.HAL_HalfDuplex_EnableReceiver:00000000 HAL_HalfDuplex_EnableReceiver
C:\Users\MINIGU~1\AppData\Local\Temp\cc3PAC1x.s:4323   .text.HAL_UART_GetState:00000000 $t
C:\Users\MINIGU~1\AppData\Local\Temp\cc3PAC1x.s:4330   .text.HAL_UART_GetState:00000000 HAL_UART_GetState
C:\Users\MINIGU~1\AppData\Local\Temp\cc3PAC1x.s:4359   .text.HAL_UART_GetError:00000000 $t
C:\Users\MINIGU~1\AppData\Local\Temp\cc3PAC1x.s:4366   .text.HAL_UART_GetError:00000000 HAL_UART_GetError
ARM GAS  C:\Users\MINIGU~1\AppData\Local\Temp\cc3PAC1x.s 			page 229


C:\Users\MINIGU~1\AppData\Local\Temp\cc3PAC1x.s:4387   .text.UART_SetConfig:00000000 $t
C:\Users\MINIGU~1\AppData\Local\Temp\cc3PAC1x.s:4394   .text.UART_SetConfig:00000000 UART_SetConfig
C:\Users\MINIGU~1\AppData\Local\Temp\cc3PAC1x.s:4744   .text.UART_SetConfig:0000015c $d
C:\Users\MINIGU~1\AppData\Local\Temp\cc3PAC1x.s:4756   .text.UART_AdvFeatureConfig:00000000 $t
C:\Users\MINIGU~1\AppData\Local\Temp\cc3PAC1x.s:4763   .text.UART_AdvFeatureConfig:00000000 UART_AdvFeatureConfig
C:\Users\MINIGU~1\AppData\Local\Temp\cc3PAC1x.s:4917   .text.UART_AdvFeatureConfig:000000bc $d
C:\Users\MINIGU~1\AppData\Local\Temp\cc3PAC1x.s:4930   .text.UART_WaitOnFlagUntilTimeout:00000000 $t
C:\Users\MINIGU~1\AppData\Local\Temp\cc3PAC1x.s:4937   .text.UART_WaitOnFlagUntilTimeout:00000000 UART_WaitOnFlagUntilTimeout
C:\Users\MINIGU~1\AppData\Local\Temp\cc3PAC1x.s:5105   .text.UART_WaitOnFlagUntilTimeout:000000ac $d
C:\Users\MINIGU~1\AppData\Local\Temp\cc3PAC1x.s:5110   .text.HAL_UART_Transmit:00000000 $t
C:\Users\MINIGU~1\AppData\Local\Temp\cc3PAC1x.s:5117   .text.HAL_UART_Transmit:00000000 HAL_UART_Transmit
C:\Users\MINIGU~1\AppData\Local\Temp\cc3PAC1x.s:5395   .text.HAL_UART_Receive:00000000 $t
C:\Users\MINIGU~1\AppData\Local\Temp\cc3PAC1x.s:5402   .text.HAL_UART_Receive:00000000 HAL_UART_Receive
C:\Users\MINIGU~1\AppData\Local\Temp\cc3PAC1x.s:5751   .text.HAL_UART_Receive:00000154 $d
C:\Users\MINIGU~1\AppData\Local\Temp\cc3PAC1x.s:5756   .text.UART_CheckIdleState:00000000 $t
C:\Users\MINIGU~1\AppData\Local\Temp\cc3PAC1x.s:5763   .text.UART_CheckIdleState:00000000 UART_CheckIdleState
C:\Users\MINIGU~1\AppData\Local\Temp\cc3PAC1x.s:5882   .text.UART_CheckIdleState:0000006c $d
C:\Users\MINIGU~1\AppData\Local\Temp\cc3PAC1x.s:5887   .text.HAL_UART_Init:00000000 $t
C:\Users\MINIGU~1\AppData\Local\Temp\cc3PAC1x.s:5894   .text.HAL_UART_Init:00000000 HAL_UART_Init
C:\Users\MINIGU~1\AppData\Local\Temp\cc3PAC1x.s:6002   .text.HAL_UART_Init:00000068 $d
C:\Users\MINIGU~1\AppData\Local\Temp\cc3PAC1x.s:6007   .text.HAL_HalfDuplex_Init:00000000 $t
C:\Users\MINIGU~1\AppData\Local\Temp\cc3PAC1x.s:6014   .text.HAL_HalfDuplex_Init:00000000 HAL_HalfDuplex_Init
C:\Users\MINIGU~1\AppData\Local\Temp\cc3PAC1x.s:6121   .text.HAL_HalfDuplex_Init:00000068 $d
C:\Users\MINIGU~1\AppData\Local\Temp\cc3PAC1x.s:6126   .text.HAL_MultiProcessor_Init:00000000 $t
C:\Users\MINIGU~1\AppData\Local\Temp\cc3PAC1x.s:6133   .text.HAL_MultiProcessor_Init:00000000 HAL_MultiProcessor_Init
C:\Users\MINIGU~1\AppData\Local\Temp\cc3PAC1x.s:6273   .text.HAL_MultiProcessor_Init:00000094 $d
C:\Users\MINIGU~1\AppData\Local\Temp\cc3PAC1x.s:6278   .text.HAL_MultiProcessor_EnableMuteMode:00000000 $t
C:\Users\MINIGU~1\AppData\Local\Temp\cc3PAC1x.s:6285   .text.HAL_MultiProcessor_EnableMuteMode:00000000 HAL_MultiProcessor_EnableMuteMode
C:\Users\MINIGU~1\AppData\Local\Temp\cc3PAC1x.s:6343   .text.HAL_MultiProcessor_DisableMuteMode:00000000 $t
C:\Users\MINIGU~1\AppData\Local\Temp\cc3PAC1x.s:6350   .text.HAL_MultiProcessor_DisableMuteMode:00000000 HAL_MultiProcessor_DisableMuteMode
C:\Users\MINIGU~1\AppData\Local\Temp\cc3PAC1x.s:6406   .text.HAL_MultiProcessor_DisableMuteMode:0000002c $d
C:\Users\MINIGU~1\AppData\Local\Temp\cc3PAC1x.s:6411   .text.UART_Start_Receive_IT:00000000 $t
C:\Users\MINIGU~1\AppData\Local\Temp\cc3PAC1x.s:6418   .text.UART_Start_Receive_IT:00000000 UART_Start_Receive_IT
C:\Users\MINIGU~1\AppData\Local\Temp\cc3PAC1x.s:6576   .text.UART_Start_Receive_IT:000000b0 $d
C:\Users\MINIGU~1\AppData\Local\Temp\cc3PAC1x.s:6583   .text.HAL_UART_Receive_IT:00000000 $t
C:\Users\MINIGU~1\AppData\Local\Temp\cc3PAC1x.s:6590   .text.HAL_UART_Receive_IT:00000000 HAL_UART_Receive_IT
C:\Users\MINIGU~1\AppData\Local\Temp\cc3PAC1x.s:6710   .text.UART_Start_Receive_DMA:00000000 $t
C:\Users\MINIGU~1\AppData\Local\Temp\cc3PAC1x.s:6717   .text.UART_Start_Receive_DMA:00000000 UART_Start_Receive_DMA
C:\Users\MINIGU~1\AppData\Local\Temp\cc3PAC1x.s:6852   .text.UART_Start_Receive_DMA:00000080 $d
C:\Users\MINIGU~1\AppData\Local\Temp\cc3PAC1x.s:6859   .text.HAL_UART_Receive_DMA:00000000 $t
C:\Users\MINIGU~1\AppData\Local\Temp\cc3PAC1x.s:6866   .text.HAL_UART_Receive_DMA:00000000 HAL_UART_Receive_DMA

UNDEFINED SYMBOLS
HAL_DMA_Start_IT
HAL_DMA_Abort
HAL_DMA_GetError
HAL_DMA_Abort_IT
__aeabi_uidiv
HAL_RCC_GetPCLK1Freq
HAL_RCC_GetSysClockFreq
HAL_GetTick
